Type,Vtest,Cload,Cdiv,Cstray,L,Eta,Rf,Rt,Distance,Rank,Use,Weight,Residual Front/Peak,Weighted residual,Residual Tail,Residual Crest
Lightning,1404.498256277293,796.9073470099829,383.9852148666978,163.87698704609647,21.27743093110621,0.8374539385293611,55,25,0.03583300969362049,29,0,0,-0.019879298977119486,0,-0.3326916403942377,9.294870859534967
Lightning,1465.010655450169,802.2513500647619,369.63737243786454,199.86520350910723,24.446143113542348,0.8013258869806305,50,25,0.08854646322226788,168,0,0,-0.005649570038557261,0,-0.1317489035411441,8.630547441212002
Lightning,1392.5916019594297,693.8674343400635,623.5932778567076,170.7822658191435,22.082605068571866,0.8135303726862185,50,25,0.05658770771312522,76,0,0,-0.011242617676292754,0,-1.4765274914553714,-5.3937075444798666
Lightning,1401.121345104184,783.6021971423179,411.9338455609977,160.4435055470094,11.087711356114596,0.8025316928885877,55,25,0.07972247178016523,139,0,0,-0.001107765701664043,0,0.5050812420209496,15.729061785508293
Lightning,1358.607933903113,628.5578587907366,518.2140512391925,197.54131625639275,9.624362550675869,0.8513077791244723,65,25,0.16095371708127892,356,0,0,0.0006180186395774445,0,-1.2518621829899246,14.637008072209483
Lightning,1433.584059693385,1000.2757522976026,534.6383688040078,127.03792510554194,17.79468999663368,0.8395095429709182,45,25,0.02300756323939418,12,0,0,-0.006812215935237065,0,1.0428270137126532,-3.7750166078792518
Lightning,1492.9545208113268,1073.0425685760565,463.7866109609604,300.64811357995495,17.70408276002854,0.8140215560770594,35,25,0.24204184790595143,523,0,0,-0.002923908527749264,0,1.3800221610160222,-2.8294298642772446
Lightning,1443.9684216747992,697.4932444281876,624.5390838943422,119.40401191357523,9.931374458130449,0.8226563204172999,55,25,0.12988465226094284,275,0,0,0.003136526127006878,0,-1.2968388348099467,6.218063280561864
Lightning,1408.1499399617314,878.3083200803958,479.18523270636797,169.9360976764001,24.89615867100656,0.8208806673553772,45,25,0.052479071229157535,59,0,0,-0.008949552393103799,0,-1.1186748529994404,-5.077996436688409
Lightning,1364.8114964948036,1213.6572383577004,514.9978668428957,310.4586626123637,9.267361734528095,0.7979057388426737,35,25,0.40809445404460887,689,0,0,0.00939223354824148,0,0.5664457022031542,-3.5845701097125584
Lightning,1481.31246145349,1078.0146206379868,651.4533091336489,244.8830475169234,9.204288811422884,0.79008695616154,35,25,0.26091223259707513,560,0,0,0.026309074815727085,0,1.128928659263508,5.06495321489615
Lightning,1440.386587602552,687.2704466339201,376.8476973287761,303.6396063817665,10.18500507203862,0.8051487333700061,55,25,0.31170879232492615,609,0,0,0.00981036594060769,0,0.2102805103937726,10.233890076872285
Lightning,1414.0609995927662,906.6151617909782,630.3841909393668,198.65658668102697,22.428676206618547,0.8009973727189936,40,25,0.07534912725204565,122,0,0,0.011985328613943969,0,-0.5970682249510233,-12.276347310222718
Lightning,1396.9164589536376,835.0833316100761,525.9953503496945,301.85500897467136,9.569089109543711,0.8512295047892258,45,25,0.2818813022160722,585,0,0,0.0015350862595755466,0,-0.1010980720636212,1.154031721201136
Lightning,1487.3781942296773,704.6948481234722,593.3950183913112,322.13436647551134,9.352968648076057,0.8006031997338869,45,25,0.3655721004321691,663,0,0,0.01814869382025841,0,-0.3042214278807478,0.1393133633666821
Lightning,1375.9331380133517,1215.168104111217,529.6553266234696,128.1094499118626,24.819575196597725,0.7982651298260317,40,25,0.1401068271664972,302,0,0,-0.006653699082074471,0,0.549450797064786,-18.75514926341839
Lightning,1363.902879995294,715.8489043009467,350.5389019846916,273.9082862227224,29.92448457609862,0.8405353098711931,55,25,0.32048737120857235,625,0,0,-0.005666435731394248,0,-0.7102414794685501,-1.0125620468604666
Lightning,1488.584000885021,1117.761120107025,708.0863556824625,196.01221247110516,11.254280438181013,0.8483540957141668,35,25,0.21079711011990385,466,0,0,0.005671739046230639,0,0.8067629916764218,-9.57008520979366
Lightning,1406.6861227154732,1049.9003986245953,605.0552533939481,292.5517191016115,26.4144050758332,0.8116438302886673,35,25,0.2990918774655921,596,0,0,-0.0016835476377083936,0,0.5686803150512105,-15.019757319897963
Lightning,1359.6737301559187,604.7578985104337,469.66908434405923,253.1531152036041,29.832911964971572,0.8122154218005017,55,25,0.2710498954869537,575,0,0,-0.020864169281332945,0,-1.3152313824816773,-0.14899292622294524
Lightning,1405.1374331815168,692.6321942941286,538.7086872011423,93.74416908947751,14.342217707075179,0.850843887727242,55,25,0.06566388995800287,95,0,0,0.002276859119037855,0,-1.572340676381188,16.46227939008918
Lightning,1481.8573393276893,700.3366775345057,418.6875726096332,252.6407742826268,25.057020868640393,0.8118109469860793,50,25,0.15886129219799847,348,0,0,-0.01866647330684068,0,-1.5482382134503467,-7.985671477778624
Lightning,1455.1547288428992,1078.5621651331894,713.9153873547912,301.6024518129416,19.450641822069883,0.8179121063300409,35,25,0.31394274405290895,614,0,0,0.003314101168987893,0,-0.04126259657815723,-13.470749014838702
Lightning,1479.4425189611502,791.8973526684567,531.1659355647862,157.07697805017233,18.199724155012518,0.837862874227576,50,25,0.005660704988629728,2,1,176.62523957152075,-0.012315053656522412,176.62523957152075,0.26101117394845375,5.900124063579369
Lightning,1499.6580671751872,1161.9248888571747,675.5810283124447,239.73685070639476,11.55863683577627,0.8255490733101033,35,25,0.25002264061190843,541,0,0,0.006569873996741249,0,0.26247458591249284,-2.5593246948751585
Lightning,1365.7694546389394,759.8699979484081,572.6333885453641,164.68478836584836,8.560705812182277,0.8155675576161594,50,25,0.12615530597293462,266,0,0,-0.0001277832628332476,0,0.013513455054294354,14.79390739591463
Lightning,1366.650692280382,725.5721941008233,540.6645262613893,308.12651755521074,16.85725107230246,0.8505646989052185,45,25,0.2238049630285226,494,0,0,0.010929089524155167,0,-0.14203637088147758,9.220175747461326
Lightning,1485.5111466371454,1149.3210251675919,647.1453958190978,101.50185802020133,24.652950056362897,0.8055465636262671,35,25,0.17244671703698425,387,0,0,0.011342313896740341,0,0.02155596530632664,-16.436282543352036
Lightning,1366.906520538032,649.8713095090352,377.633667178452,220.17962623620406,12.521247347816825,0.848657200646121,60,25,0.1393391559048318,300,0,0,-0.00013549345484786812,0,0.1804200467638637,22.85607148981194
Lightning,1447.5146677927114,763.8773884857073,635.238987300545,279.8522679787129,21.67293490888551,0.8319131619902328,45,25,0.18466544742580357,412,0,0,-0.005167367487418195,0,-0.7915103925882576,-3.0320121465340435
Lightning,1451.939935865812,1064.3480254919268,442.6622349768877,268.18880821345374,11.080747322179377,0.8095043737324886,45,25,0.21044685672985203,465,0,0,0.006333356479829577,0,0.6226457764973361,4.153189249991101
Lightning,1478.7662638700567,603.3735090401024,407.5871746055782,196.39846197795123,26.38679413823411,0.8081568530574441,55,25,0.1399467421893502,301,0,0,-0.00866128344002215,0,-0.31088987716979233,10.679610708599057
Lightning,1401.3010127004236,615.4932635719888,551.8408289179206,80.11361931683496,23.94651061668992,0.8497473583393731,60,25,0.12070496296500613,251,0,0,-0.015316521778895975,0,-1.1196774744099827,-0.5462406780673064
Lightning,1359.67197624268,953.8840197725222,412.4344860203564,240.79388931393623,8.671200016979128,0.8167328650457785,50,25,0.19490735457267422,435,0,0,-0.0032518478109526683,0,0.2819295239634556,8.1825133473003
Lightning,1454.0374139556661,651.4572546933778,497.88472428917885,276.9528966001235,14.97226761188358,0.8311732551991009,55,25,0.17172687775864254,384,0,0,-0.010001695446156589,0,-0.13136738017872318,6.225221627249539
Lightning,1427.9104266199283,765.8788392320275,367.42576798424125,155.55072393734008,19.24453389039263,0.8058053674455733,60,25,0.04272227682230189,38,0,0,0.0030828409448124816,0,-0.7537249169035292,8.296214902063412
Lightning,1424.898122716695,743.542545416858,386.217955686152,196.94730079034343,9.308123486116529,0.8009429839183577,60,25,0.1491685561205901,325,0,0,0.0035334277163086014,0,-1.0090807699672837,13.406182681361543
Lightning,1410.8754671760835,697.116353851743,566.824156884104,157.60293898172677,16.010248572099954,0.822448086612858,55,25,0.03076187379981723,24,0,0,0.009990398233946873,0,-0.724716427286964,12.157136608960627
Lightning,1429.5092044165358,1006.8637307384051,352.98555456101894,95.39554324699566,14.656337481923401,0.8069927989388817,50,25,0.08926406368633778,171,0,0,0.007396615028079978,0,1.0567016881532254,12.18962321408867
Lightning,1392.1426073997281,1072.2996565047652,681.8078625015914,190.47353164758533,9.256876736413687,0.8470919185318053,40,25,0.20040217901812013,448,0,0,0.023926821153103184,0,-0.012905875874189121,-7.502194471448092
Lightning,1365.121315838769,1222.5124664488249,729.4830230996013,250.907533087302,23.0065638422966,0.8086871177540161,30,25,0.3118031431467386,610,0,0,0.01807093106622215,0,-0.2970732127258984,-16.590545745663803
Lightning,1370.167954370845,1031.8570831557736,420.6363362260163,106.2398743070662,28.75022070715204,0.8355511243408547,45,25,0.1658622338391341,371,0,0,-0.015338118437612014,0,1.1901068896869305,-15.77923018898855
Lightning,1361.2942542415112,1050.456705398392,442.9215019568801,240.91997810872272,19.930900510400534,0.8516177222528495,45,25,0.10392697274856383,213,0,0,0.006142440566687668,0,-0.6811177119708489,-4.6789737461874665
Lightning,1462.3568754759617,1092.1012247679755,685.1391364820302,308.4874627366662,21.457729341927916,0.7967657162575051,30,25,0.344166682279327,643,0,0,0.013774070465905952,0,1.174452714931462,-23.946965899363477
Lightning,1389.1219146782532,991.9067333568819,355.4061822593212,92.47024111216888,15.66517189797014,0.8518767041130924,50,25,0.08211859857382443,146,0,0,0.010572801124243414,0,1.26677236649833,2.72825505114929
Lightning,1447.4562385934405,1167.4714174121618,512.7767144702375,83.17547575104982,27.165652827825397,0.8519396001379937,40,25,0.19102772843300192,425,0,0,-0.00018295439522519885,0,-0.31852007028054174,-15.064800259783624
Lightning,1376.1366072110832,1126.6223046346568,623.886882700026,116.15840623388067,19.45350302197039,0.8514445384894498,40,25,0.09166835702533727,179,0,0,0.006638534616582703,0,0.8362546319722952,-14.318016130700926
Lightning,1437.7821055823006,1010.3864907519892,397.36193055287004,87.4254407081753,20.382635646034032,0.8084297597268597,50,25,0.067789965990317,105,0,0,-0.01228697222394004,0,-0.4968549622775953,4.52928495664878
Lightning,1392.8062971448526,977.716003882233,463.72692696750164,209.711106128525,24.539210711605847,0.837419371760916,45,25,0.08460156817615147,151,0,0,-0.01380959487861233,0,0.6145420934403489,-7.779869328603354
Lightning,1452.3369840695523,1049.8804588336498,580.2672388963401,123.9069498097524,10.169118277262896,0.8052534977160395,40,25,0.12692990966459758,269,0,0,-0.0009293935197651759,0,1.3489846767786489,3.1746485332264456
Lightning,1399.6517332736403,759.1958420234732,419.1620333120227,97.45367731200531,20.429538778960705,0.8575485521764494,60,25,0.05346150813789289,63,0,0,-0.011014725672604309,0,-1.3566694788258786,7.617618876288134
Lightning,1430.1515317638405,876.5507440781221,553.5266575403512,145.04346383735538,10.698156310711056,0.8149027600279078,50,25,0.07276413568291296,117,0,0,-0.0025740224094288333,0,0.9481977184819925,14.595026207381352
Lightning,1358.8952935533598,1136.9524426874705,422.68218100070953,206.09837198397145,25.744637968949974,0.8304369695461356,40,25,0.15412111603965845,337,0,0,-0.012626988671631256,0,1.299312807935891,-7.563401016031776
Lightning,1453.8600531290285,1208.1607659347355,351.4533526264131,102.62979338411242,22.594772098120302,0.7907003789488226,40,25,0.1585597761718066,347,0,0,-0.001983726430930144,0,0.2959518558854839,-8.523550579006042
Lightning,1372.0306986942887,748.001996462699,704.8346193507314,323.25122829759493,13.26231617294252,0.8091585626569577,40,25,0.35858861985928214,656,0,0,0.0049743405631916815,0,-0.19311809185111883,-4.993847677208123
Lightning,1401.5314587042667,759.0763002866879,369.80238864198327,120.86342896334827,8.713874523062259,0.8001308951200917,60,25,0.15535723550525193,343,0,0,-0.01317805742631517,0,-0.45298143892699017,26.439185048378476
Lightning,1357.322169933468,688.047708326485,543.9361998811364,172.20896108308807,23.836816193535924,0.8143983115931042,50,25,0.05627580795417411,73,0,0,0.0017774106099521791,0,-0.7387096532833297,-7.182137880911796
Lightning,1378.568555752281,1079.5863003702834,559.2726328410208,94.75430582650006,27.353210643399507,0.8286263180756942,40,25,0.15971444669708718,353,0,0,0.0023293888810715924,0,0.874633920753979,-17.525000217544857
Lightning,1496.6327244183049,691.097824240569,448.0542864650488,271.003390296828,27.998072233982384,0.854841524779331,50,25,0.2424135889440282,526,0,0,-0.017702633201457596,0,-0.4106190226917761,-9.650969641485972
Lightning,1466.63858568063,718.0410689208657,635.3474992327392,167.8672277322039,8.550698712002486,0.8058043815381826,45,25,0.15499243002260077,340,0,0,0.003814592221141,0,-0.5498223350124789,18.58621994908617
Lightning,1395.7971290219575,823.5803689691238,575.9092388674617,123.90815674560145,10.958908960223198,0.8572334438399412,50,25,0.07992597746900884,140,0,0,0.003711717206360543,0,-0.2953071839139554,13.093900705262058
Lightning,1367.376088828314,1118.5576302697882,591.827077884227,149.5265200920403,24.708841300103813,0.857640843144618,45,25,0.10407924085612753,215,0,0,-0.010736203105737196,0,0.08231513694310166,-17.2341395406836
Lightning,1483.2062606932595,1191.4594562840648,414.5633324980736,189.65846566250548,13.858501012437046,0.8427902523777449,40,25,0.1291977441908956,274,0,0,0.018755397351670755,0,0.11157108878848021,-5.679552659790488
Lightning,1493.109640746843,644.0887845121324,403.83645510300994,217.41095422301441,10.428364952560514,0.851619587885216,60,25,0.16208520157387943,359,0,0,-0.014213796437274384,0,-0.0575869916727072,16.319861644560888
Lightning,1496.3152773678303,914.0404956764542,571.2369428947568,152.99942761892453,23.95214575342834,0.8046482022595592,40,25,0.055954234192356345,71,0,0,0.003756337927559361,0,-0.35240730489775984,-2.793824839329318
Lightning,1438.476049771998,739.3467011163011,486.0737190581858,206.02657242678106,24.674739923793823,0.8493891082750634,50,25,0.07648061941976697,126,0,0,-0.006713056965197861,0,0.3642393407925866,-9.630220303583656
Lightning,1365.5809768242761,1080.3873714641668,714.8803535848856,183.1112942728214,19.97824858967215,0.8072684254753404,35,25,0.13916263798503836,299,0,0,0.017558789638723704,0,-0.3724094096583883,-7.302435853850511
Lightning,1438.4242594591342,928.8411154877394,387.66240729019046,150.5761833814904,19.498086031060666,0.792686557546258,45,25,0.02783208539802136,21,0,0,0.0008768644772769729,0,-0.3825623651149215,2.409658955127952
Lightning,1391.3488320540637,817.034940503072,742.4831127747893,109.82415334554389,17.49207464978099,0.8432952066906728,45,25,0.11036604797169097,229,0,0,-0.005647669414382106,0,-1.0819357710588875,1.9579449100267539
Lightning,1466.0836003837176,991.4685814408585,746.2874014861882,318.36624156683683,19.198970841709524,0.8540620652912185,35,25,0.36297841677838755,660,0,0,0.01022940186387511,0,-0.6364376020776348,-7.227430132534664
Lightning,1390.3548358473927,680.3793346392922,451.80593859404325,220.22839936660603,28.721596993505955,0.8581835346878507,55,25,0.18149647626130458,404,0,0,-0.008668056857613404,0,-0.6189869610351906,-4.132823304618341
Lightning,1432.3505061795004,650.7373913889751,725.2897945232689,167.2850208543241,21.935199259314686,0.830538292392157,45,25,0.12098568041576503,252,0,0,-0.007024205584558629,0,0.38916489675398935,4.546623298968598
Lightning,1388.6294099735096,834.2008587089367,588.6379539966583,164.25217302283272,21.843968498520553,0.7927315760380589,45,25,0.030338002396990513,23,0,0,-0.011014447015632811,0,0.6286606718692056,-6.397828616354673
Lightning,1398.9494779030792,882.1728819049895,639.0443599782884,116.07503103557974,16.804531258996576,0.7950507439766079,45,25,0.04683404147370443,47,0,0,0.0033717044830887666,0,-0.5056921287286045,2.160881303348333
Lightning,1384.7956677898765,1225.4652735195123,557.907229848206,127.61892143869773,25.091777255758643,0.859141345184762,35,25,0.16577511612938964,369,0,0,-0.0015525787268355629,0,0.8461761649374253,-10.978001958096911
Lightning,1478.6868204013444,882.2678897762671,357.7993989922106,323.14668658189476,12.179975498933345,0.7992618190916255,45,25,0.3255361635525853,630,0,0,0.0012006195056406543,0,0.4465526775747364,18.42865853844978
Lightning,1485.9021848766133,685.3317430824973,518.0606622248888,122.63567010639235,25.406473563052714,0.8587305682036095,55,25,0.08131497192953131,143,0,0,-0.011832200632659218,0,0.5038526839617603,-5.871406594247901
Lightning,1455.4486072040163,1156.0379983391613,597.772107552737,181.09463043045253,16.688613313715905,0.8385847993567587,40,25,0.09265222096931247,181,0,0,0.01536507936054643,0,0.2640699025043034,-1.3836984950978604
Lightning,1377.9735838528723,881.9825584883802,486.37664820998907,101.74307574750856,25.79145411029458,0.8388295611017385,50,25,0.08031528998255875,141,0,0,0.0007460385174995476,0,-0.42180672163694766,-12.982379182008344
Lightning,1401.7369372886606,864.1192824346945,720.4854105599225,281.52465254068375,19.553280184511095,0.7928401505155489,40,25,0.2295020490770743,503,0,0,0.017637243656166923,0,-0.32036743126595013,-5.169705091802371
Lightning,1470.7862111041322,1048.2759737526067,669.1721476614475,150.94585004961118,25.606232359074056,0.8444440372823738,35,25,0.14812589282226654,321,0,0,-0.008590708915405587,0,0.9566536864758532,-9.847841589849168
Lightning,1371.46845421521,661.3719956949353,395.8943351171911,306.6175822587684,24.731111729051918,0.8566409403737635,55,25,0.2864822125903299,589,0,0,-0.013406444301499176,0,0.22154580083700637,3.0001797887350676
Lightning,1433.676986116916,1123.1479735462926,586.3762000575662,198.01750591257587,21.0280588734895,0.7991951061715372,40,25,0.09219478710290954,180,0,0,-0.0069719323024726165,0,0.6866183819016598,-14.524362729418954
Lightning,1416.70703884447,683.3854113938287,445.5966123379767,233.48691237159073,17.841243744362146,0.858208890282549,55,25,0.08242200936145964,147,0,0,-0.003229424882792209,0,-0.5633768714834204,4.713763087320785
Lightning,1380.1651988178492,872.880730626639,474.0556852892041,257.48950101668015,9.821316881105304,0.8239659638446756,50,25,0.18027733058242237,402,0,0,0.005205464917436675,0,-0.09124036163375138,9.352176757986626
Lightning,1358.3049754262902,706.737113581039,533.0324069596827,149.76359686814249,13.288266551215202,0.8379648173647002,55,25,0.04882979975401887,49,0,0,-0.007902981329980907,0,-1.5954408221001941,17.659994532926703
Lightning,1405.3079490317032,813.5128304944374,563.921806588769,260.96209986833856,29.85042987111956,0.8408286567288451,45,25,0.2539361814424511,549,0,0,-0.011462704366583809,0,-0.8085676355486271,-9.707087265431255
Lightning,1446.9655406079255,1041.5259468834847,460.8802552334964,237.04357798676938,9.818557004909962,0.8370657509565353,45,25,0.17269357629714963,389,0,0,0.006181840954730289,0,0.07929498684514158,-1.0007159789149682
Lightning,1455.3221243899316,792.8781692753546,404.2506104335189,324.8494013515301,8.774545099586248,0.8246034951903858,50,25,0.3713492176305606,670,0,0,-0.001620159168307156,0,0.5778763732761973,17.124149499173882
Lightning,1497.8187386062928,692.2516199527308,707.6283087022603,176.85613680630922,9.771837326232344,0.8495602709380911,50,25,0.17584684170643342,393,0,0,0.009501964251196648,0,-1.0666948703087584,3.245945384030847
Lightning,1491.3301825756207,1066.1014842917211,550.9752981364727,144.09862585132942,14.530671603046358,0.8133658604486845,40,25,0.0614830880274173,87,0,0,0.0045954396126015595,0,-0.2878336748842969,9.147775312734211
Lightning,1493.4836627799086,943.1953344494104,545.3960536979139,149.19294327963144,24.977797911968082,0.809927453873679,40,25,0.0671747934263495,104,0,0,0.0018122133081925895,0,0.4811306201101928,-9.422492726276914
Lightning,1494.7016472928226,794.4378863438033,458.43729320913553,254.94132841238752,10.084950784221292,0.7960378224705347,45,25,0.17833992682659733,398,0,0,-0.004260061871685927,0,0.7517989735861619,19.789611275919697
Lightning,1357.435231434647,1094.060457427986,372.3658465780318,208.2515546772629,28.06982245342806,0.8294952337304131,40,25,0.20227595214924352,450,0,0,-0.002137095661180366,0,1.3901778603947719,-8.887577283303017
Lightning,1382.7012825524434,1196.9201413565315,720.298869535327,217.65029952628538,23.297566537745297,0.8317923414777033,35,25,0.23341375003227233,510,0,0,0.0035035667443306107,0,-0.032841379665917714,-11.526392327453323
Lightning,1498.7604095949791,1060.1622071582824,412.3472752980888,263.0267127370462,16.62713500065729,0.8061651142500341,40,25,0.1589325193452291,349,0,0,0.0014434687166109406,0,0.5649899765585431,3.4022889002355896
Lightning,1478.6836231593043,1220.747559692245,494.76364087313414,326.09471420990303,17.96047642081976,0.8002068285853602,30,25,0.37651001888465263,673,0,0,0.015539994347494313,0,0.9646384150008771,-1.3633515167157384
Lightning,1434.2543660779484,1181.1264026677236,429.2890307493508,247.70953265950084,9.660300298128277,0.8553775734594092,40,25,0.2487392045573277,534,0,0,0.02198585356609617,0,0.4211429805323661,-2.099253103129513
Lightning,1412.4134661164135,643.7563492800109,682.7566107735038,199.98434719862416,8.399324912577868,0.8074796493374743,50,25,0.21133911284104667,471,0,0,0.0057573651695979056,0,-0.9622540616761412,14.265208269004688
Lightning,1420.4384708893485,735.0582514656708,528.1323556788266,238.6021799594164,17.030026788357645,0.7980607749475167,50,25,0.07603007600073435,123,0,0,0.007477262901980808,0,0.5874356505486773,15.121978976543232
Lightning,1358.4202198544517,608.0748510663398,500.7171578705311,187.26977180456743,10.281839190982282,0.8395500255911611,60,25,0.1333664677637177,285,0,0,0.004962889741294774,0,-1.7793604038218902,20.218112248064017
Lightning,1369.0455265226774,775.2632072195411,592.1177162788808,258.82268328685313,19.960523733403534,0.8026026692893357,45,25,0.11980073082282715,250,0,0,-0.0077084274889756,0,-0.2869193267371202,-6.900733849732887
Lightning,1461.1342021264136,1220.553546154406,562.2195968404412,154.28626535693184,21.627701135352254,0.8040821469505318,35,25,0.12165046890308459,257,0,0,0.007937677595730053,0,0.0937279325716176,-11.815433928397624
Lightning,1367.545555124525,819.0666654380038,685.2199234999716,103.49436213262379,9.06883029686287,0.8025471215927974,50,25,0.1724269558612495,386,0,0,0.00229452147308451,0,0.7812127295076507,4.386159395363848
Lightning,1462.2360514244065,1245.265426451806,711.4823844283819,180.22990097058937,28.67384558636695,0.7964213636214845,30,25,0.325969186551763,632,0,0,0.002701591954218152,0,0.7188246638354059,-24.59398154865721
Lightning,1373.3126272796653,974.1091503296047,680.3978878073394,104.14356300141662,18.843529507052153,0.8000107044167817,40,25,0.08884719522887827,169,0,0,-0.006949225517339341,0,-0.07725026154891879,-3.5726203358926796
Lightning,1368.4614785481244,721.2922219070606,466.37786608189344,306.2294705142267,22.821372404694557,0.8348490623966791,50,25,0.23320499611924303,509,0,0,0.00328673086849407,0,-0.42037842098955736,0.842270458259236
Lightning,1361.9964917306788,798.5022177686915,446.90806986764073,329.6397648938,24.603562420699745,0.8279648520564661,45,25,0.3151261347941989,616,0,0,0.00048058020360297604,0,-1.2073139347487114,-8.885213306485866
Lightning,1438.3904931368306,1124.3280420196243,557.7457830309868,169.95427651097998,25.69912603031844,0.7993835356435739,40,25,0.12108151774286399,253,0,0,0.004755797873278178,0,0.8098570645536256,-14.85645508211519
Lightning,1451.9464607234113,677.7652724646032,407.5958929024637,266.28791405353695,25.52581219887361,0.8019121720362455,50,25,0.19678201515662172,438,0,0,-0.0009112436354097309,0,0.37646325048920914,2.268710206880769
Lightning,1437.1008574962616,1207.6813632971607,488.26854694634676,297.2081606113352,27.585154680535197,0.8243258148920722,35,25,0.3671116750914887,664,0,0,-0.0008812269069664591,0,1.5806976350198028,-25.708770386432207
Lightning,1375.5919298739173,1000.762171507813,385.06044605746865,257.12562321685255,15.656178173143417,0.8191681948350743,45,25,0.1403439694297869,303,0,0,0.00808795243330418,0,0.02009832589614291,3.167926487023351
Lightning,1443.1240341626108,679.6237676753663,507.12862852960825,220.51902206847444,28.61184581555426,0.8022488254611381,50,25,0.17192270510581745,385,0,0,-0.018780038487163253,0,-1.648806847285421,-10.779034271708042
Lightning,1384.3266756855883,1012.7749155508354,516.0008841194212,277.5412929896265,28.216288514900953,0.8053801483521238,40,25,0.264712850007643,562,0,0,0.0037858865273583397,0,0.024295153670877312,-9.799107933547702
Lightning,1410.3358909254894,965.0960998260416,404.77361492812634,171.13464289112017,25.641829480417073,0.7944844120065682,45,25,0.08557333814243856,153,0,0,-0.0007237222062053128,0,0.08686308714096214,-10.924500561268133
Lightning,1410.943474934902,1133.113592909649,600.2659174613655,311.6809803014621,16.162289030384272,0.8515420774929225,35,25,0.3061848141198775,603,0,0,0.02273766264210475,0,0.8764935627009649,-8.19925294503878
Lightning,1392.41519481875,979.4521285104565,416.24803077429533,328.6573581700213,25.43499542027712,0.8566445569158532,40,25,0.3466873448569045,646,0,0,-0.004809967309915564,0,1.2283477953380668,-7.688087685252185
Lightning,1417.8638438810594,600.6340376799926,703.8544443435967,119.62388401851058,8.401535599026829,0.8257523903390394,55,25,0.2251251609059984,496,0,0,0.008287919729537352,0,-0.06156336483967806,11.357257989956452
Lightning,1496.4773978339508,929.5055959490128,630.3330540657043,249.52869103988633,12.705374079756439,0.8535841881460511,40,25,0.16185414479249577,358,0,0,0.0004606277277725557,0,-0.4448114169327795,4.566598945812984
Lightning,1404.1750670294277,1201.7152012325823,410.7851362787187,125.86970212403685,14.59516049688682,0.8304713779781014,45,25,0.11013137861327531,227,0,0,0.0009741208060232154,0,0.5784046367182967,-4.935354122666922
Lightning,1374.434502236545,1142.730418255087,536.3939883187413,297.39590127253905,27.49927463196218,0.8450462889787741,35,25,0.344374996643545,644,0,0,-0.009359646839717017,0,1.6775919387845946,-14.082410603756898
Lightning,1483.9318108395673,742.3410158837214,431.7895592190325,117.80390578322113,17.265591223258525,0.8581685129972175,60,25,0.03728343783076522,32,0,0,-0.007445133538436233,0,-0.3294942668510501,21.696308201939246
Lightning,1390.1782690314576,1114.2357258708216,365.41496105492115,256.5482073533349,26.81983865890652,0.8254365829261952,40,25,0.24976858662039492,539,0,0,-0.009608707548464324,0,0.9197205052299395,-14.677092822633085
Lightning,1472.2545085824095,692.336101224646,443.74469919130206,136.1553695006296,14.638282525818795,0.8040470397844911,55,25,0.04153506583546207,36,0,0,0.003305622377406614,0,0.3759279127007673,17.950773322042323
Lightning,1452.1252123173326,1052.5850507314317,556.1617961153388,303.8162959110923,19.34921956434846,0.8437372262054124,40,25,0.23404295792877886,512,0,0,0.0170343412448275,0,-0.3756494909555457,-7.961267498062398
Lightning,1351.0870164376684,1039.5997919840738,655.9670601971447,277.0636509358883,24.068012634757906,0.8406684366567061,35,25,0.25088007292460546,545,0,0,0.000987737916806175,0,0.24475044684999148,-16.114858791591132
Lightning,1441.004214109853,1141.2393949809484,446.8460587784648,317.7596332808025,22.30912744998932,0.794970600961242,35,25,0.3237072749388483,628,0,0,0.011660634087536481,0,1.4020239540965065,-16.398649172687783
Lightning,1398.4102250193246,882.5787776848301,407.4584764428437,308.08013344183564,20.595815292093903,0.8238627163833008,45,25,0.22571333969036858,499,0,0,-0.005515594717760974,0,-0.47490558065641864,3.9888487852024355
Lightning,1395.2429824741557,646.856289927382,423.4988048672676,262.874298596289,21.27814234327525,0.825246386115905,55,25,0.1490646541064244,324,0,0,-0.00806077285992024,0,0.1629259460727681,10.5012698280334
Lightning,1439.9121052469127,1173.7173574976623,373.3433715067804,154.9278204748407,11.466573213692755,0.8567291460651905,45,25,0.1461848723996109,320,0,0,0.016609704824854354,0,0.4471650213950582,2.1719112525288438
Lightning,1413.9423217624426,940.3479112661444,664.1196684911847,164.76404898101464,24.51294626109302,0.8252187221986242,40,25,0.09895016571552179,200,0,0,0.0047998691115715975,0,-0.14200998870235537,-17.167500486984636
Lightning,1391.7712392867543,1065.7639159122482,371.89416447654366,254.09531748853624,13.927644711453468,0.8027489965455606,45,25,0.16816263464829612,379,0,0,0.0120911880415151,0,1.3215571063463685,3.245355839634385
Lightning,1406.183182890527,1024.2812179611064,687.0897803455591,118.1605505826883,29.95385653618723,0.7907776123541408,35,25,0.25021870432097776,542,0,0,-0.011949708734717568,0,1.2809166579250402,-17.39577430410941
Lightning,1461.9599853060208,946.4573677163571,721.349077951163,279.00240551214665,11.348584722261876,0.8542037402093411,40,25,0.2865129308430967,590,0,0,0.011160763757498193,0,1.0018288916922558,1.8610207523188365
Lightning,1458.6332510691136,806.4660531352274,387.25482877343893,135.18206098349765,28.158648367971182,0.8007169765629806,50,25,0.12730509484348987,271,0,0,-0.013734622736362612,0,0.1381214153821233,-1.3405995748762507
Lightning,1385.8171846834011,967.2297815559432,384.2083622701466,310.3968155756593,14.024749937001616,0.8029894005088136,45,25,0.2648237345696975,563,0,0,-1.8880698797962836e-05,0,0.4651038141227062,-1.2013640492175455
Lightning,1370.1114408904687,953.4197474946268,447.62626215815544,235.27874551480636,22.334762311540544,0.8327321759029291,45,25,0.09032223639399224,175,0,0,4.866437216977104e-06,0,-0.32204568613463636,1.3881924641309524
Lightning,1353.8747573154978,1101.9333582371473,366.3469969294965,129.68203708995134,12.55876471241936,0.8187204757612199,45,25,0.11280784928077763,237,0,0,0.002090842355553013,0,0.9846545042748929,13.494858956933058
Lightning,1417.5664233975112,974.0357327624224,677.0895713940263,119.53239420661703,27.13857109285891,0.8512240248476155,40,25,0.15959840968743924,351,0,0,0.009654961847311627,0,-0.6334097883007672,-23.23669209069476
Lightning,1462.0071423822083,1137.6970782177523,370.03974551334977,299.89237354137003,22.26356291072443,0.8353328558662907,40,25,0.28535819917878946,588,0,0,0.01389632114178263,0,0.3410476844786672,-3.053859186251657
Lightning,1369.948504306376,901.3433210900985,562.2964175418019,323.0224731215276,11.615885144099593,0.8549503838387318,40,25,0.31723070959811517,620,0,0,0.01714500962997345,0,0.826913188340086,-0.3026431956823217
Lightning,1439.8900919244625,992.9066345328465,577.2553653456271,287.143199397251,16.18344581546262,0.8324437946500257,40,25,0.19116269001188813,426,0,0,0.0013467172615675427,0,0.11232364238306758,5.549812587560609
Lightning,1378.5808498738334,706.367899721954,738.756226375699,175.0844997423701,15.563658238388598,0.8136178383114748,45,25,0.11949189043526645,249,0,0,-0.005699199774035879,0,0.37090005232695944,6.356010098467323
Lightning,1405.5151949054562,665.9108681138605,467.65624983236194,244.79962586890906,21.75144663779065,0.8469808396324516,55,25,0.11019338562600747,228,0,0,-0.0070154099112833546,0,0.355519013913721,4.066250281930934
Lightning,1436.4093595650047,923.4405866707675,501.36759486049414,105.163970713038,18.328393924981356,0.8507456022524276,50,25,0.02064058528891974,7,1,48.44589143726248,0.0005521954507612392,48.44589143726248,0.5063774704106265,11.090663177801162
Lightning,1469.237993855495,847.5742262555286,437.632102239877,279.63001273572445,26.125001395586878,0.8572683602524922,45,25,0.2126156722003066,474,0,0,0.00021814918040585773,0,-0.966643872353437,-2.517331988550268
Lightning,1396.8644401291385,676.3366510276683,637.6898534595966,234.84814014052972,22.03462794329971,0.8163162338524126,45,25,0.12298439170410155,261,0,0,-0.01482205699695327,0,-0.1760198327009448,-8.129124155265345
Lightning,1416.7662471416406,699.3790863081813,735.89618941769,298.19854353088886,29.09252164652571,0.8052319319453091,40,25,0.41457732317115553,691,0,0,-0.008608107350135175,0,-0.8786958814690351,-12.505803599056435
Lightning,1369.1361070610583,877.4026838480495,415.0931427255273,116.13899840274826,14.629332842305303,0.7945908342977055,55,25,0.04224776750852297,37,0,0,-0.004498127481094905,0,-0.13989395051872577,7.286630826769851
Lightning,1475.5599919357337,950.9437666507438,643.3098533190787,128.76445536501706,26.839343443978578,0.8069895849609748,35,25,0.14287800667038816,309,0,0,-0.006115233067049752,0,-0.6178215761199368,-10.1058974486009
Lightning,1453.591445996426,760.5820536264218,747.6964320987463,172.54147176397964,21.402833965606987,0.8390003098244779,45,25,0.11733093531344176,244,0,0,-0.01032381623251788,0,-1.3947540657437898,1.9088643812679038
Lightning,1356.2369359075092,908.3237847778946,412.3394506983459,122.87553334143013,26.141388073097914,0.8446504913456738,50,25,0.08761348302015143,164,0,0,-0.012928199473891455,0,0.5305263466097827,3.46869146278641
Lightning,1477.588039683178,891.0432975622825,410.50402503460646,177.93619840638712,13.250905856490135,0.8576590397791006,50,25,0.05314428100589846,61,0,0,0.007006777747989634,0,0.3466345541808522,18.104032649334385
Lightning,1365.800206095446,918.3319447329268,401.5389275737107,284.90426244214177,14.728347933385521,0.8298914534365759,45,25,0.1864366323928184,418,0,0,-0.0021238321467353938,0,-0.8347351853832876,8.093112250876402
Lightning,1351.5721596311778,749.1545558790676,498.0423307046294,239.33957026572898,8.634792905300856,0.8468087905296124,60,25,0.1924301059340248,432,0,0,0.0007632429975990007,0,-0.9591355057562154,15.307227095558801
Lightning,1418.1913323816843,656.0855491785333,566.7326648719609,225.88949363678694,9.620323406998068,0.8091307736514136,55,25,0.16647075064617872,373,0,0,0.003071934256523967,0,0.38173827773685787,10.810395387172548
Lightning,1488.2993389153853,1217.579419829417,495.99122628569603,167.72524207597598,22.747348628006876,0.8589453181042337,40,25,0.11588131608817578,243,0,0,-0.008496713323172811,0,1.0847129753740035,-19.25146774153791
Lightning,1488.8676917064004,1163.1070986390114,440.3423278592527,303.56694482732564,14.851301373448223,0.8078567909728736,35,25,0.2953358101938549,595,0,0,0.01346164073142253,0,1.1798624446261528,0.9953480228202807
Lightning,1498.247320856899,631.0246116830967,470.1267624273896,138.53539990494028,25.20785122551024,0.8019465749268421,55,25,0.0860454467890005,155,0,0,-0.0015603824133074706,0,-0.23198325208954174,-4.384556267368225
Lightning,1419.840645196382,753.2080489443615,584.5312588848174,103.82652484811842,21.665503062773496,0.8112515496322885,50,25,0.04533464808631257,42,0,0,-0.011299396347727919,0,-0.8539593546295379,-5.7162846778667245
Lightning,1467.5699151819572,1243.4065872454084,659.5869820564985,183.58423896832392,18.065945346839726,0.8564107302646153,35,25,0.16542075097183426,367,0,0,0.005289149870185472,0,1.5420879516908244,-13.42386441030817
Lightning,1363.7344885035418,967.8417332936078,420.4952153377235,294.21075833495706,27.495034910272807,0.7905648276023567,40,25,0.29029823611947925,593,0,0,-0.010554602345775654,0,1.0350337489967174,-15.484302265910628
Lightning,1465.788839617744,1049.257992755156,573.8984359428287,229.07182875322178,16.3399755731225,0.8378365590632894,40,25,0.0993074419698981,203,0,0,0.005084488330987069,0,0.311661700824196,5.345576389021744
Lightning,1494.9213328887708,673.8264679675922,599.2541161365807,206.3058944605291,19.263463674578816,0.8220295299729332,45,25,0.06496302076022807,93,0,0,-0.01244796729167219,0,0.26602406954320656,2.686453106560066
Lightning,1380.7702022837475,627.5883864727803,665.3463304042816,295.65210999688134,20.092040586285293,0.8442512152320706,45,25,0.25194188361353004,547,0,0,-0.013827464750533647,0,-0.11860240886871054,-6.0180645197133344
Lightning,1421.9027542392723,675.4447230137885,615.2422822080553,145.13722019735724,15.961007935460657,0.8534049438033253,50,25,0.04725648461909973,48,0,0,0.007778400301340582,0,-1.610978456998744,13.895702347775114
Lightning,1410.383570753038,1026.9108843407594,715.0470675900578,120.37970636272803,15.898036351427436,0.8222997664031573,40,25,0.11556223525207485,241,0,0,-0.0013632293856029598,0,0.7799459838094478,-3.1219095363082943
Lightning,1424.72424848238,1098.8330949330702,695.1000929810107,221.68525370769203,26.12314145686105,0.8066312905820087,35,25,0.22531003942238279,497,0,0,0.004139678506762445,0,-0.40423292760118557,-13.8804612190022
Lightning,1485.1178077049553,618.5479090898298,695.7365730777383,119.83088216045871,13.116771506145597,0.8131787894596346,50,25,0.13284390404066315,283,0,0,-0.011412998294015209,0,-0.8227150320411809,11.336558799440127
Lightning,1366.4639398106374,1140.9018208505586,661.8741282261908,316.07055586762726,21.28998488234356,0.8258902037376539,35,25,0.34886052435033665,651,0,0,0.01714305142946637,0,-0.09712100501907628,-15.826474415103348
Lightning,1489.0378629555926,748.4008658328094,475.9351011365652,216.65408146334812,25.068900001235306,0.796261982365977,45,25,0.09611130971754983,190,0,0,-0.009997257060440523,0,0.45325166856517285,-7.913067817466299
Lightning,1389.5223104744218,1073.4280759934336,547.9305553250015,112.51846076454967,16.79305726243183,0.8562875969149173,45,25,0.05220999648754196,58,0,0,-0.00037535949588041184,0,-0.4820334727360205,-7.369253998769636
Lightning,1422.786929877475,1032.746165979188,728.6896554753184,138.2545272191055,23.482400983572006,0.8049248768971302,35,25,0.15291635067788711,333,0,0,0.011025149505002219,0,0.5038698307839482,-20.644124118402715
Lightning,1402.0265423809178,668.7561036786065,508.10450138524175,198.4971616603434,12.1386115164496,0.8266797253256664,55,25,0.08648272171155671,160,0,0,0.007425763562030729,0,-1.5760787960119984,9.042063765351259
Lightning,1390.68037730176,991.8997680884786,420.7210198044777,204.94827335467562,15.367596249096096,0.8069909793487751,45,25,0.060477419302991046,83,0,0,0.004250491445880744,0,-0.15212942033347332,13.363676196244342
Lightning,1443.869259848725,1099.026211630553,508.9898637495935,265.86561328265816,9.66903526103124,0.8476270654518158,40,25,0.24398405873165965,529,0,0,0.002929742625695786,0,0.6106552531918723,8.536355590103994
Lightning,1410.7166904956102,750.1820734119974,607.9632537439466,317.1033323579468,28.531289203092456,0.8070363227766939,40,25,0.3741216084713367,672,0,0,0.001895417207589567,0,-0.9447654459221013,-7.324189403556375
Lightning,1450.7629776955582,733.7218782166019,450.1739517785609,168.44462386332452,16.496672224719077,0.8171356461243704,55,25,0.021919092973286966,10,0,0,0.00435268256024246,0,-0.1299833413281135,21.592869121746617
Lightning,1431.8034042371437,1236.3414526567794,479.18628193438053,261.47750868229195,22.005761899985373,0.8155183999496513,35,25,0.22663968681809052,501,0,0,0.004484957424574887,0,0.662954494396466,-18.429741310016198
Lightning,1374.2923435172997,810.1810935419053,588.8750906102359,114.1407450614497,24.076755444984883,0.8044790509343147,50,25,0.0597165330157242,81,0,0,-0.005460892732565226,0,-0.07091616996367378,2.043401588905681
Lightning,1485.6319311540574,710.9957476030104,350.1372819766402,207.31834762962535,19.581257190555334,0.845104650745634,60,25,0.086907849887221,162,0,0,-0.0014177959153789388,0,-0.20351650236392516,17.180608724228932
Lightning,1380.7955730822869,975.6782877026126,384.0199221856892,270.87707716971636,27.87857654923573,0.8498949018446729,45,25,0.2516325461908865,546,0,0,0.0030193986607325307,0,0.12018519124419669,-6.258206956880031
Lightning,1439.5788619760424,1209.443760837894,552.7402324602008,254.91437803255394,22.441823445260525,0.8516118289739826,35,25,0.21150720404514142,472,0,0,0.006642095131371928,0,0.2174925019485272,-16.981205266882398
Lightning,1489.0895589371212,1178.5000327741727,577.9985305853188,172.84357307478786,8.65905879298225,0.8441891769459472,40,25,0.19763437537541834,442,0,0,0.021446154216322233,0,0.12740779966018323,-3.336616250872339
Lightning,1357.8181519405916,1227.3328065988608,715.1373237371445,266.38797471066937,8.230759772472084,0.8301029029465281,35,25,0.4089311047332063,690,0,0,0.013522975107397084,0,0.01970829516285022,-7.2752290052806075
Lightning,1386.7213641176932,660.745529551059,692.1662515960634,313.97820407990366,19.366352347191423,0.7926542861107737,45,25,0.3031272384816965,600,0,0,-0.003403740820606904,0,-0.2566303502164189,-2.63297712323174
Lightning,1403.106644935906,1135.4792505851947,598.0150790885091,201.2168685742654,13.911890363320708,0.8043197784689256,40,25,0.11849701069433718,246,0,0,0.005540710572399465,0,0.5612707895814424,3.9317970275221796
Lightning,1364.4779816851951,1240.7905631000176,605.6850702501833,258.7408597301692,24.593223069328815,0.8085276316525415,35,25,0.2698566767091699,573,0,0,0.005361246393565944,0,1.826759560071359,-19.512072622312417
Lightning,1367.435352760367,885.8424658537842,678.5658169537783,149.30761056719348,13.235678882338107,0.8523162884893828,45,25,0.08639496706862068,158,0,0,0.015450902936488875,0,0.5261907364334633,1.881743343421931
Lightning,1379.0701540536247,1178.8739909883589,432.0271263830364,265.6061954749748,26.61551785795018,0.828359999768436,35,25,0.27700551678096763,578,0,0,0.011753979117919533,0,0.33449165292609706,-23.16741734751804
Lightning,1429.4907556381077,1186.9011073256843,392.53259506076574,243.887943897862,20.217355210334063,0.7975567440711894,40,25,0.1709552654879136,383,0,0,0.004538598302286978,0,0.1934258949748724,-8.514489218026938
Lightning,1431.9876739871688,1113.2993151200935,378.27351139858365,118.11744786798954,8.345792348030955,0.8574596415413545,50,25,0.18846093736020555,422,0,0,-0.0005042434103805782,0,0.22311991619395855,-0.39572388182614304
Lightning,1439.5549906650558,627.0701077883132,580.5295534431934,267.1076379320584,21.204035042785108,0.8269825504510664,50,25,0.15975955409117784,354,0,0,-0.0014415289346672022,0,-1.517628284314,5.614854451430119
Lightning,1356.963431078475,775.6130760535598,570.8382978104055,181.30628396291286,21.31707174470648,0.853761577596888,55,25,0.033630441704945516,27,0,0,-0.010865990654151059,0,-0.3647199257915972,8.06918839734385
Lightning,1423.0759316124022,1035.4017620324157,517.0099625363946,300.19880084553733,27.18350818939507,0.8477896080096252,35,25,0.31200764587039553,612,0,0,-0.007245944987108066,0,0.6490505055585629,-23.317574016811022
Lightning,1387.5239755609073,950.2664321335033,433.933047298342,298.73841364867985,18.29560945974663,0.8171392550552264,45,25,0.19654446315601842,437,0,0,0.006263624145828706,0,-0.16508670814572213,-3.060037169137331
Lightning,1470.383481681347,1034.4419727451168,582.6939987018704,250.38526252144948,15.754164783284068,0.7974116996419617,35,25,0.14538017790378666,316,0,0,0.00983375517231222,0,-0.3374081570869123,-2.4737480406715804
Lightning,1420.6628090352751,1023.0184281477705,382.3426769115031,135.44581799767911,8.811323043424636,0.7985347557114437,50,25,0.14584211881128945,319,0,0,0.00651280134220511,0,-6.970478191448137e-05,9.626401795543188
Lightning,1457.344423304312,866.9801582233049,381.57589472830296,180.3748860093765,13.82135405484587,0.8044824836659246,50,25,0.05464290444294179,66,0,0,-0.007835991051856395,0,0.34457401159344414,18.036660835666453
Lightning,1399.2325790575705,1224.2859936784953,594.3519259802997,320.0122171966359,20.746467675548047,0.8514127086848021,35,25,0.3621447972489502,659,0,0,0.013505573659007286,0,1.4303582540786053,-12.365336002003687
Lightning,1454.4099777471274,832.3521771351807,541.4400732144713,131.43406690331176,16.732172083109617,0.8152322427579202,50,25,0.009560978394168394,3,1,104.58086797287416,0.010509090599139626,104.58086797287416,-1.0622626781061442,4.169382835359102
Lightning,1442.5447017070837,838.4164443938062,710.3377123363316,95.65863844007254,8.366648035589606,0.8536838846979663,45,25,0.21117909416913452,469,0,0,0.014083751807977718,0,0.12827452047520183,9.782825731266712
Lightning,1392.786030122079,1042.8629807312973,415.50519689917564,287.68486842280254,26.887304357253015,0.8583414835645817,40,25,0.2780113176088473,579,0,0,-0.0023329179716358173,0,0.2642675344704557,-11.992217692770964
Lightning,1383.0906687187962,1166.6238509118557,730.8512239716947,128.75542141962796,23.563283951487392,0.8485863248538226,35,25,0.198856641427348,444,0,0,-0.00021249846363891045,0,-0.10781724400564485,-10.743888659927052
Lightning,1420.2924138866365,884.4176813377999,438.90645150095224,271.00738229462877,18.738724494352937,0.8300350943510421,45,25,0.12873966761089975,273,0,0,0.009589862409421501,0,-0.65702960781055,8.706727381774499
Lightning,1392.6415638648905,966.1770786391571,476.31755406036973,93.18720378912985,29.067560323048383,0.8346734193572775,45,25,0.16247347174033216,360,0,0,-0.012996745571272728,0,0.33682438470026455,-10.128245608781071
Lightning,1410.846534348093,656.3158066594042,424.78395514190197,240.84985219640657,22.013491083867848,0.8009450426022523,55,25,0.1150826217886601,239,0,0,-0.006757514371916518,0,-0.8758707195859969,6.49683070675178
Lightning,1363.6619995697401,709.3907431233674,707.0102187804878,160.5267378455028,14.804976529907435,0.8114834441058338,50,25,0.09647646505435822,194,0,0,0.0036252993021148594,0,-0.911766519890918,14.06659105861877
Lightning,1467.0675671193749,936.1348179983906,695.4602790996432,183.4347017412074,26.122084327042103,0.807843525505159,35,25,0.16119608832612056,357,0,0,-0.008893426739556176,0,0.46885650671449497,-16.237802084350506
Lightning,1416.4038325776346,924.2697603767738,643.129434902221,184.41113030537963,29.620592860970646,0.8043990081688389,40,25,0.19262432860507106,433,0,0,-0.008935620279871381,0,-0.9023969538068002,-20.62094426831004
Lightning,1450.4828286822885,885.2311896975152,534.292577765882,140.8955899369903,11.595403853803873,0.811614880936686,50,25,0.056578003960180825,75,0,0,0.01574345829013657,0,-0.5248832777616173,5.8065893603818495
Lightning,1389.415966544766,1020.8668642444536,485.7850347645581,129.63666573166847,10.64387188339606,0.8028551984531805,45,25,0.09290928350249265,183,0,0,-0.0036446819126358942,0,0.13152373805571926,10.940932447509113
Lightning,1390.5047247419134,870.2319936011918,511.59581914544106,314.5564090064727,13.783227308653295,0.8270027366816066,45,25,0.2493016640388532,536,0,0,0.011162477225896916,0,-0.7826681045996295,12.249393148962326
Lightning,1355.4876450332813,1066.9566133990884,479.45372303947806,237.98092272598296,8.38873648038134,0.7988565977569669,45,25,0.21039267536229653,464,0,0,0.014083475317224536,0,1.393230065296244,9.004089296197435
Lightning,1461.2758596427739,1187.9556977539323,633.8449517264962,275.4373345361091,20.169142501428723,0.8126408192445524,35,25,0.25025335774263624,543,0,0,0.013679115594245728,0,1.3108227875418095,-6.596831850999479
Lightning,1430.2134878584184,1212.2468290152028,600.1604386605322,329.1178822237998,8.169449598062783,0.8481818072730676,35,25,0.497109959811402,700,0,0,0.011935828377488189,0,1.7262058601728825,-6.353231594401905
Lightning,1450.668087392114,745.4984034993686,616.7870577424765,218.57249048305675,24.168970686383545,0.8063076071883553,45,25,0.10484669167008366,218,0,0,-0.0010772782737493714,0,0.4016693967983116,-0.6568983232850769
Lightning,1497.6435528486036,687.6005771104246,537.1131765656173,239.15629582013935,24.923896938096732,0.7987321209348739,45,25,0.13379567141276527,288,0,0,-0.003144232168124983,0,-0.8403493419080519,-4.200618526520884
Lightning,1475.9195525664836,940.7989956322126,720.2454714104533,166.07917121844366,29.251064836978912,0.834199488221202,40,25,0.22256495977697122,491,0,0,0.004957317377923376,0,-0.13793644353396672,-13.158134141179517
Lightning,1419.1474602674134,650.7511863252148,455.76132955029607,124.6855598129332,11.560886195395142,0.8386432720487937,65,25,0.10814451411667891,221,0,0,-0.012379915122834095,0,-1.0607000282173047,23.47108364885139
Lightning,1414.8453035624698,1095.3975690645166,406.671567261219,164.32666858425364,21.81971342395991,0.8526198117784225,45,25,0.06677321573375113,100,0,0,-0.0069605250117992234,0,0.0863712808757029,-0.24901275882439222
Lightning,1445.8631805027835,1232.391897123307,458.30975687131286,325.3021319815889,15.94232097780332,0.7932425065059215,35,25,0.37078053986493237,667,0,0,0.014054967037110178,0,1.3632765124599828,-6.501122999110521
Lightning,1379.423851892352,1130.752357689198,732.5395660474896,308.5014917724766,8.40564258210361,0.8072214999538847,35,25,0.4730195806307218,699,0,0,0.006868070318096997,0,0.32701190434195126,-3.1072529956923063
Lightning,1393.629800027702,1155.9723286191002,530.7623938657343,91.29784411750734,17.06370846601203,0.8234978129761293,40,25,0.09774643336046612,197,0,0,0.0021945169199431014,0,-0.16478242021694456,-5.261853459456233
Lightning,1443.1873711757362,1225.8047822280787,724.5122307911515,245.865519142244,17.879516849294305,0.8408361222897657,35,25,0.26085752292361564,559,0,0,0.019842054421805644,0,0.11883533636881793,-9.697490837014357
Lightning,1415.5557570629753,955.0535946385935,434.9599921144545,158.3134384546429,28.694142275024205,0.8420667320350186,45,25,0.1321980568432835,282,0,0,-0.011359735044689678,0,0.8982581464743262,-8.195575642601625
Lightning,1457.1671988582239,1107.3886176222004,714.4257079809904,202.50265449984,11.51985386479646,0.8025611682306044,35,25,0.21094407034104923,467,0,0,0.011838474466244975,0,0.4411518477691416,-2.1595488877030675
Lightning,1423.2422492816113,775.047903181985,451.22349290177226,285.5934447562322,28.913187734317034,0.8441130528412759,45,25,0.2806935226838341,582,0,0,-0.004361387920023718,0,-1.0805470242870356,-11.12303061981379
Lightning,1484.6258046571165,829.2640255647711,476.521466486156,229.01878620730713,12.763326577842236,0.832526521703694,50,25,0.09038995662641593,176,0,0,-0.00012545239096195537,0,0.40931425923425735,5.620704801418469
Lightning,1495.583636232186,979.2081605410203,514.2269072122872,259.4717009179294,24.894892050419003,0.8325845607509836,40,25,0.16583492293038388,370,0,0,-0.0020923726388417663,0,0.02555919511099347,-18.0172566348117
Lightning,1398.2881910400465,758.6048938450404,697.3055988550186,171.4758368744515,19.12235868256539,0.8195259763277136,45,25,0.07278268944696717,118,0,0,-0.0041146888334639975,0,-1.255495420966021,-4.556137728356134
Lightning,1390.3713879059069,1119.41186087206,399.9459988437593,116.34537348989397,16.08062278991565,0.8595000719372183,45,25,0.07893321351699543,134,0,0,0.003148283944891528,0,1.4124982026403643,0.9667936933033161
Lightning,1420.97833994776,629.0842123678885,474.3297489359975,123.60930022085086,14.993105238303542,0.8017418082919904,60,25,0.059598408481094864,80,0,0,0.003739258261527878,0,-0.15856261519235915,14.356878879543729
Lightning,1387.1377327130176,903.1354367965832,667.7710861898959,87.29214097373188,8.877473894972354,0.7977271226467565,45,25,0.18426508253995255,410,0,0,0.018306850418873033,0,1.0929209077621564,12.140087684220589
Lightning,1434.6847454784438,1082.6367112458684,365.52659161388874,138.95831080852076,20.435768068768084,0.8092123323562556,45,25,0.06809528336890741,107,0,0,0.008472527144477437,0,-0.3622977322362786,2.5729058547540262
Lightning,1372.0211321837269,645.319360261783,510.97472412511706,171.93846851121634,24.571775052230805,0.8251982587203384,55,25,0.07364378690782163,120,0,0,-0.021150087931933292,0,-0.9496512883411654,-1.0448555076352477
Lightning,1440.4369512107223,607.0383018697612,739.4547363743186,104.68165737809613,11.939255643635988,0.8049345591687598,55,25,0.19194490483547583,431,0,0,-0.009494823323537016,0,-1.5492744475436595,6.730041587808955
Lightning,1460.00587065937,631.5010961843655,544.1972081549466,206.45706348121166,8.229509020689875,0.8558514156891034,55,25,0.17885460521123347,399,0,0,-0.003394616438321174,0,-0.11072165192292971,21.33571779607678
Lightning,1381.5949842799455,932.0146795245819,742.5414381548762,287.3574590613134,28.553370282053947,0.8531980085209944,35,25,0.386652925533581,678,0,0,-0.0057727485395975275,0,1.0515767000058815,-14.747422628658342
Lightning,1462.481006712187,743.4671295573935,736.0127401538193,299.20732827857137,20.066549635026604,0.7986696211015806,35,25,0.3017933970427904,598,0,0,0.0042134755387694955,0,-1.0686667518610804,-5.4338874998904885
Lightning,1371.8650196911767,1065.017157990951,650.5225047469139,152.90065375855193,9.734871323220432,0.8596270237467252,45,25,0.1535157016137545,335,0,0,0.006584712473968191,0,0.30578207953008985,0.6662706402423737
Lightning,1435.4763450915925,1244.4697088561952,439.5864865742624,230.62013326678425,11.198174079414457,0.8469641951192171,40,25,0.22085215481273796,489,0,0,0.019900582681888768,0,0.91967905247202,4.326315904100284
Lightning,1430.7516194880009,924.2999958223663,413.99409640580416,247.3419126891531,17.34875970892608,0.826425440509338,45,25,0.09620359884408236,191,0,0,-0.0067810543302047055,0,0.011965401348703608,-3.108489175850991
Lightning,1395.3170268447138,1074.581870646216,406.41943076625466,109.6396182384342,25.12174841435626,0.8328683237778023,45,25,0.10860202834283167,222,0,0,-0.016802364862542385,0,0.5472833882485588,-1.2201515274900885
Lightning,1385.5179168982431,1016.1527243093587,483.46167244017124,320.466040733736,12.001299732364714,0.8238243492948824,40,25,0.31160946580876175,608,0,0,-0.0010167721447598144,0,0.6691099480212799,6.3655848285795855
Lightning,1488.9011532417499,719.2096516024321,441.55552042648196,171.91567439120263,29.730104859452695,0.8535876051336527,55,25,0.16495088636990365,365,0,0,-0.015968199101709324,0,0.08276848550055149,-10.962152746864831
Lightning,1354.1042945813388,1190.842194936704,539.5207380875945,143.1202764925547,15.677627127617598,0.8074621143587866,40,25,0.09281042322679392,182,0,0,0.012374218440696971,0,0.22833667761224063,-4.45537497378109
Lightning,1350.8555524167605,703.1190513400361,468.3852036483586,95.95623325556517,17.519550728145987,0.8325385628221557,60,25,0.05183867695448489,57,0,0,-0.0020681427702864408,0,0.5520163334250228,17.548284325062014
Lightning,1465.911141433753,1155.122592963744,526.9213281571865,122.6112687564455,15.140655777417123,0.8512544565810822,40,25,0.08660450569247133,161,0,0,0.01068952557224745,0,0.17818787641455458,0.3036708562754029
Lightning,1400.2466520178132,1223.3939677476883,471.605786588043,308.96728210616857,14.535299183335155,0.8220302065741271,35,25,0.33029100879397466,636,0,0,0.0065799691075987266,0,0.5041214892021486,-7.0022707900925525
Lightning,1485.3823601268232,1069.7346172644757,452.9208207502961,313.4916098625399,23.921262497082353,0.8302546181087382,40,25,0.29461452297157315,594,0,0,0.011981704378305036,0,0.9609287455672515,-15.349675655716055
Lightning,1484.5165410661139,1167.3558327602223,516.7503946460783,264.4221579376608,16.928319670725614,0.8552063044020907,40,25,0.1824683392709052,405,0,0,0.0049481952197050205,0,1.4565229952621337,-6.198475782857713
Lightning,1356.9545974954963,759.4943430623971,580.6646885350347,101.94435481214896,28.786540320143104,0.832063259643037,50,25,0.15363884686092474,336,0,0,-0.010405830776744951,0,0.7158674147980406,-4.485472372794675
Lightning,1446.349902881775,632.5194243574515,441.2447811104357,151.06564822606742,17.427482951898128,0.8417172842891887,60,25,0.04534248872969274,43,0,0,0.0012174263199955515,0,-0.10528545125343669,14.804801363793558
Lightning,1438.4637511102483,1079.8169216723181,389.9943370372057,122.67752746818587,18.59748582635075,0.8195546423527412,45,25,0.05884550352464191,78,0,0,0.011697055960593117,0,0.7103149673764122,6.075254657585674
Lightning,1436.7534047341906,801.1766226496547,701.5446762554348,202.91954166721553,26.401734131854028,0.8335887445881963,40,25,0.1673616234102949,377,0,0,0.006489620116915118,0,-1.0575000893723256,-12.13943738801504
Lightning,1472.247410332784,843.0756176705472,409.0444615110755,252.95244504930452,28.029916439205408,0.8086278393142857,45,25,0.20401073179260248,454,0,0,-0.013507099850474269,0,0.4998307587146371,-17.717514973968946
Lightning,1481.0315562528558,975.188583205454,368.4026096947491,141.4558383822441,15.779217431787401,0.8316472678584979,50,25,0.04668478044515344,46,0,0,0.0036001951960189515,0,0.4663758591018876,12.905086263448993
Lightning,1442.9888429353014,1203.1873398576863,356.35126009583473,283.523880278226,20.833665444515646,0.809623952114489,40,25,0.26789594193354777,570,0,0,0.01135457707324572,0,1.7222778197132698,-6.830522208939328
Lightning,1412.7015259000473,1002.1722124889493,722.5768311880529,295.2253017993644,25.995523059275,0.8320437026675791,35,25,0.34841306351153334,648,0,0,0.0025609618854089966,0,1.2192452533427343,-24.209689353561544
Lightning,1472.5564015097916,728.4108878462575,680.1762918010354,321.5858172462322,24.84925244934857,0.8254032869567164,40,25,0.3556390238724349,654,0,0,-0.002544277071882428,0,-1.0828990435314907,-13.794925951155847
Lightning,1495.5932467826642,749.5481436373666,459.0659507550299,265.0673158187419,28.49345624493435,0.8455214378470556,50,25,0.23050641663633434,504,0,0,-0.00818898380825206,0,-1.108188878718991,-14.157445501454504
Lightning,1432.8501840820536,1198.3006301918067,386.87027655541897,324.6941236848943,11.981436085887253,0.8316638628090732,40,25,0.3982836712590629,684,0,0,0.006794160177975073,0,0.06304516096327717,-6.391964325504659
Lightning,1363.631273189094,731.7995140794665,528.2260346226394,195.4421487590298,21.347850322257727,0.8337536636926234,50,25,0.03724336902694087,31,0,0,-0.006597514244207625,0,-0.7084047325932019,8.690396881353536
Lightning,1391.368879051879,1114.8607745650224,617.2166315838695,116.32145590381697,10.675665885210037,0.8407534193084576,40,25,0.15119292623940908,330,0,0,0.0037162099325025455,0,1.2659943955588417,3.521949162226292
Lightning,1399.5288380538113,923.1441037496552,407.06958593800664,234.35040602460504,22.837248703930527,0.8491576534276829,45,25,0.09928155532651539,201,0,0,0.004173483902585096,0,0.02749293862546409,-3.7940425855472313
Lightning,1355.80913904123,784.4821308623068,548.3493929728866,91.10336446436122,20.034178998321295,0.8567885150411166,60,25,0.05060578598067495,55,0,0,-0.00399565197245022,0,-0.42921232065076964,5.550974609312107
Lightning,1396.9656143453903,1140.0566461263224,529.9000610597432,232.22666133195162,20.537409278098494,0.8230022073118016,40,25,0.12134389336129162,255,0,0,0.0023163860256727453,0,-0.27690938939620935,-3.3558347993464395
Lightning,1365.4048770898953,983.2757669617422,657.3514930903912,291.53967030113563,19.327799207530916,0.7969026707275771,35,25,0.2381089752158444,518,0,0,0.003731796198220616,0,1.2855945235534705,-12.193484118257174
Lightning,1411.757406766992,1175.9391013532877,556.845700647682,288.9361074613407,24.12943916162476,0.8088172690849752,35,25,0.2834030706104653,587,0,0,0.010912704137407747,0,1.3576391464548792,-21.15658593727653
Lightning,1498.1896365992725,1207.8392665251158,632.188862003386,148.7208595336415,21.00043604709208,0.8027424861048349,30,25,0.15271037665268983,331,0,0,0.0170507455193194,0,0.6833414951427486,-11.988075211765818
Lightning,1478.106679546181,1060.1211465196684,352.98758978024125,212.69134075380862,17.942699932027608,0.8020840798178688,40,25,0.10389740210078102,212,0,0,0.006739250411312403,0,-0.3727378716526033,-1.6803874118661497
Lightning,1459.9825639044866,871.2376830750145,662.5320743769407,295.955916501116,15.121929173357785,0.7911161142657511,35,25,0.25200351321079656,548,0,0,0.002633098986762228,0,-0.40244315529127306,4.441933469876403
Lightning,1451.9616647972725,1143.8631292898208,398.4463515691459,241.1080135917291,19.029987416695803,0.8313581349514425,40,25,0.14573699536579604,318,0,0,0.0012541361511131388,0,0.8497068130058025,-0.49599443034935575
Lightning,1444.0280253533274,965.3495872276835,457.76882600039244,329.7034327243455,22.552778623998165,0.8441946552903392,40,25,0.30327505304904956,601,0,0,-0.010274849681706444,0,0.7644346386770735,-9.487000085583077
Lightning,1421.1365132709034,774.03726761695,433.8918683119118,209.080671351403,13.587840481195599,0.826178728430532,55,25,0.06809221482828026,106,0,0,0.0033922028079762523,0,-0.7710523699019021,12.754638002922093
Lightning,1431.4872264163569,864.1638234374113,744.862362742424,310.481889040675,23.432773205451667,0.8154968631244265,35,25,0.35361753698016185,653,0,0,-0.0008836358365806873,0,0.8523634047836239,-13.923084312941683
Lightning,1454.9365957151167,697.0359024591744,558.6061782203615,263.26839769724756,20.205072370823473,0.8449867192748934,50,25,0.1281971115690196,272,0,0,-0.0032678252873392655,0,0.13160021766600494,8.752476949172433
Lightning,1366.8741362169385,1063.65234706318,643.1935520842671,137.31890868628398,13.763826644048095,0.8368942076829262,40,25,0.09707183199893066,195,0,0,0.004308307364313535,0,1.0002663861812167,-6.0437602926201635
Lightning,1413.09395438293,815.9275837475434,451.40403816476464,111.9083712529391,15.979557667393237,0.8167903145076707,55,25,0.025853341757154383,16,0,0,-0.009955084737109932,0,0.8388251048059487,7.921651025096253
Lightning,1423.2615270651877,724.5763023733161,425.78592393547297,117.16617642203346,15.816677303984761,0.8472183520277031,60,25,0.045457088911180984,45,0,0,-0.009006455789326129,0,-0.958550859082365,12.415339846610777
Lightning,1350.449020753149,1213.9437684090808,414.34172773733735,147.99323786981404,8.288837597239763,0.8428024029219523,45,25,0.21121650378358994,470,0,0,0.01792094384381193,0,0.5936731294153361,6.090445832030582
Lightning,1392.6192538579926,1245.3987411805429,468.83552335202694,326.2092011119239,23.795808014459908,0.8362278863484972,35,25,0.40188441622874616,687,0,0,0.01421926378436611,0,1.8454047961566005,-18.716455800206404
Lightning,1445.2263077138923,1056.116537610069,739.6674352698028,131.32478603627533,25.46747414721176,0.8109948551841081,35,25,0.1944388553899778,434,0,0,-6.064132704008962e-05,0,0.2691513337936158,-11.607500498970467
Lightning,1358.4089614916593,652.1607670816593,721.858942322433,205.2477730740793,17.54739500582218,0.8118449686304666,45,25,0.13053088750419392,279,0,0,-0.007121579780840159,0,-1.5974736482135938,8.94802033765086
Lightning,1454.8698117141612,637.9327436676249,629.136945027858,153.6560528166592,21.22918457398191,0.8143297811364756,50,25,0.06148161421001993,86,0,0,-0.010232662447138052,0,-1.4730640180928276,-4.428325439534547
Lightning,1460.7093778671697,1087.9530349862762,398.6182853579521,108.66414649179205,29.7761494172737,0.8355072637996637,45,25,0.20809859596583555,459,0,0,-0.013149506480136575,0,0.7634057865991934,-14.774825731029978
Lightning,1480.2102292771451,891.6235222481191,748.0395278893411,104.74199666175991,28.328916003461927,0.8348768659401685,40,25,0.23279433356402046,508,0,0,-0.014194052196544904,0,-0.9620450537034415,-25.099650354856976
Lightning,1428.018370270729,657.1353519684635,703.9566086605191,154.0361498319544,15.155810384079814,0.8233233595383354,50,25,0.09958156994449052,204,0,0,-0.010649726548806138,0,-0.33389934748466743,0.7353523850181318
Lightning,1411.6832426399924,1184.417293430306,564.6407769061625,226.0043245460838,21.84522157581523,0.8492994794296101,35,25,0.15573086858429283,344,0,0,0.0014874258996453449,0,-0.14252188236008578,-10.091789645088511
Lightning,1494.9549526674673,721.3290516869165,591.9712904840708,177.95011690584943,28.007653796114028,0.8508633203315549,50,25,0.13295748290265227,284,0,0,-0.0016969087456821796,0,0.5063358971880874,-1.072224781315981
Lightning,1384.8676018766128,731.8367473315448,667.1053673140705,271.22227642219514,14.043720986228436,0.8277621277421713,45,25,0.19719230593268555,441,0,0,-0.0020347356105081538,0,-1.1079104833154219,2.1843322827280645
Lightning,1483.8094070088118,1200.6499999086373,500.4874503239989,216.0485896584578,15.719204913824797,0.7923948897072114,35,25,0.1417578173825676,308,0,0,0.001814392098943296,0,1.1065956676116855,-7.592907030159722
Lightning,1491.3172438857146,690.0859481422231,360.0157638080418,319.7998562082648,22.49114085966721,0.8072866048989817,50,25,0.3009283599493288,597,0,0,-0.01715454487522816,0,-0.07000514863388929,-3.1058595444894763
Lightning,1467.2074577305466,1158.9529139804654,413.13077937811613,114.35721743153408,8.559875138103962,0.8261382887721993,45,25,0.19175610538860355,430,0,0,-0.003763799806265178,0,0.05963483912686485,11.390260167644328
Lightning,1491.6673014988191,1035.229244059883,602.8695133514702,155.7115907035768,20.71889206627384,0.8250321677466855,35,25,0.06707379739167052,102,0,0,0.006786362247807487,0,0.026674599194819848,-13.639649491591399
Lightning,1438.7042339192703,818.2902339962311,568.5764670372009,135.1389287575148,24.22782440762967,0.7983223801082932,45,25,0.049252554531322976,51,0,0,-0.006228549418486384,0,-0.5980909579358737,-10.786428921758443
Lightning,1350.0007481197827,949.5885343290865,447.5681877695024,318.8588875764981,21.09970320528373,0.8430449509713799,40,25,0.2634662707668147,561,0,0,-0.0033342485514704645,0,0.33198203787952707,-4.182262662554422
Lightning,1454.1976494714618,720.8856169483624,371.53548020869493,104.76347942138091,29.084876319393516,0.8439287442085334,60,25,0.1877951263267485,420,0,0,-0.002979914306744602,0,0.04809483956468341,-1.7364468755843063
Lightning,1487.6323383883573,831.6863309824839,499.8601854778826,154.78735106997192,27.760992963332683,0.8218365941615775,45,25,0.09992796741178046,207,0,0,-0.013010633667036142,0,0.44570818032892845,-11.835908352447404
Lightning,1375.0693945912644,684.2496215016581,475.95337219536304,224.55042238114402,16.87312509212643,0.8528010318311863,55,25,0.07015407774691433,112,0,0,-0.0037710935224668507,0,0.3318690420187522,4.933309806369607
Lightning,1474.893382040318,782.6537111308426,455.8241526596248,231.33309445809573,10.470147240441293,0.7996373802796006,45,25,0.1353973892667365,292,0,0,0.010433325459334508,0,-0.4170622682785208,5.244768706793593
Lightning,1486.6082367952913,646.6348054702394,351.8581738695502,249.5546263945289,27.669438485056162,0.819552197533194,55,25,0.23727738516253136,516,0,0,-0.006068611839230353,0,-0.6666779212978469,-2.875829551761626
Lightning,1485.205701563973,841.8258615536615,655.0134097225964,167.65355870127678,16.695652762893587,0.8110275254352018,40,25,0.05543806573830995,69,0,0,-0.0022027127695172233,0,0.00036860003361738336,5.081370887842013
Lightning,1465.2222210774198,612.7793819759972,660.2940179407597,232.9000200680457,26.913026615045965,0.7989724243222737,45,25,0.21185102350288776,473,0,0,0.0010788760487963067,0,-1.0132334128415792,-2.1700557422063866
Lightning,1375.6487060221843,1023.8076800480485,431.277637090534,300.8158188732341,8.873572760727257,0.8564778702612966,45,25,0.3188090154411706,622,0,0,0.016533392064308705,0,1.0067007234630765,-2.977556827554963
Lightning,1429.4574801810086,1022.9701199918054,499.18371830135584,156.9579709158279,10.248898224905133,0.8170814269711264,45,25,0.09626215210458514,192,0,0,0.009309846140262534,0,0.9856084038233064,0.4351647934695393
Lightning,1491.265325958375,609.1045928420499,488.98128950968385,283.34268477745354,11.64286419795826,0.8018446423346177,50,25,0.23419841638807262,513,0,0,-0.008847523862049345,0,-1.5309829226244815,21.04542185506125
Lightning,1455.8787401765585,1230.0778551376425,531.7028718069196,246.95100121432915,23.339568151161075,0.8214055216056295,35,25,0.2127293638933194,475,0,0,0.015153327038582853,0,1.1799530539549181,-14.464987014699318
Lightning,1451.887133962009,1107.2960062185302,650.42774239555,318.96133876405656,23.96524463267997,0.809140885998495,35,25,0.3637006102532585,661,0,0,0.01856627480786699,0,-0.5075699576739936,-19.71706205973919
Lightning,1364.4582119537517,992.8708963678218,369.82820369303226,226.98708354262635,28.61406893376261,0.8163628483074717,45,25,0.20474070191958427,456,0,0,-0.0056828087370912606,0,-0.28973092142948786,-8.025369657593046
Lightning,1387.406742980238,1008.5006322246045,668.9525182358921,164.27736710291356,16.227469395380467,0.8208281306922436,40,25,0.07749788649437148,131,0,0,-0.0001357611008383497,0,0.7384442887588278,-1.5640547731147763
Lightning,1465.296260593459,1005.4896009038202,400.0853007659316,286.0528759029694,27.560585733503103,0.8318776739039458,40,25,0.2830880216291526,586,0,0,-0.004800632283667561,0,-0.5466302547304593,-12.690203488702537
Lightning,1364.543985959608,875.7716546533629,514.2498900182545,169.1311401501298,14.16663414472714,0.8023876051930711,50,25,0.026497164803666054,18,0,0,-0.003949289128382105,0,-0.5322739749332186,5.066748387132293
Lightning,1487.4898158246651,1124.7482354869135,571.6110996901989,148.8368859118782,10.335472679696977,0.8340862164064311,40,25,0.1386904853583228,298,0,0,0.005164778973675288,0,1.3606820580123724,5.322501147061075
Lightning,1407.6305264490657,978.9405833929777,428.7793098948896,220.76873764861375,20.500536577310413,0.8372176823299379,45,25,0.06602402903250414,96,0,0,-0.010110565571853858,0,-0.39184196049923514,-2.0820831821267802
Lightning,1411.983825545758,871.3825780316256,681.7798608914018,309.6109060407616,21.410715291276574,0.7902027058159001,40,25,0.2802428848004865,581,0,0,0.0005521033838706835,0,-0.7274172798459233,-6.910368576420751
Lightning,1402.7248246246018,1137.8466650145128,395.24767035618424,313.0792604479939,13.721248738933355,0.8051157632330432,40,25,0.3190891264288835,623,0,0,0.020365051073435447,0,1.1870690650650246,5.159317215862757
Lightning,1442.0778285479173,959.5536445849575,739.9673592299223,150.65585971577093,8.344114040024579,0.8587780778179877,40,25,0.2233164148634412,492,0,0,0.0054700164757202074,0,-0.1319711972924793,3.2602077236786045
Lightning,1439.1212887479924,810.4416076559573,639.4939783029258,116.66366671677679,21.099568776320666,0.8310801381431521,45,25,0.050621915819306265,56,0,0,0.007111087792270876,0,-1.1191065680755443,-7.681106581531822
Lightning,1493.127320939675,770.288336451631,717.1854360029101,225.18120820866898,13.245726458728313,0.7964502141089179,40,25,0.1668949061858158,374,0,0,0.005611875609071726,0,-0.28933226241171894,7.538152068128738
Lightning,1412.379049428273,698.1924321269616,418.6340388841927,310.0005625002086,29.58751346031204,0.818750976859592,50,25,0.3696264065408889,666,0,0,-0.006191939287488957,0,0.3485468530274147,-9.017561276662263
Lightning,1448.5409283544868,921.4442751253955,433.38294234126806,259.0798677247949,27.874061454087496,0.8069761467003264,45,25,0.2076369576914339,458,0,0,0.0022677384200975315,0,-0.04739856356709993,-15.71059536613393
Lightning,1454.6212511253543,1134.9050474120304,428.45396446064115,254.763148650527,24.634157026652247,0.8136036300612614,40,25,0.19786235273535502,443,0,0,-0.005262082937486756,0,1.6942311250955981,-9.595736238995642
Lightning,1436.3663425901905,694.5105751161464,607.5319297611713,98.63306429004297,8.911185174249113,0.8399407440214418,55,25,0.15902911984579934,350,0,0,0.004010670744583722,0,-1.4748934105482547,7.317112368002654
Lightning,1391.6911065462045,922.980740480125,670.3026845119894,280.22781763691455,9.510878899600357,0.8373895312752575,40,25,0.2874899763701085,591,0,0,0.013077591531395427,0,1.1168439513805666,-3.7888312520356067
Lightning,1490.5033917166293,1221.8650457798503,361.551315523684,297.4370308057405,24.079264821484685,0.7946787910838612,35,25,0.3488601387343501,650,0,0,0.01164191449431451,0,1.322284968430047,-6.8617078404224685
Lightning,1408.734301070217,1240.8960954518989,704.9084641970694,146.12176005728543,19.587518468964845,0.8261869744444267,35,25,0.18011224848638485,400,0,0,0.015588858083407153,0,1.258992030223908,-16.344022758140454
Lightning,1484.932137443684,1039.7841244586743,671.9746198505163,141.5836686338298,18.12437525112182,0.84379935574485,40,25,0.08042159844401095,142,0,0,0.001305495138768542,0,0.419564806622283,2.1801792539818052
Lightning,1453.3665282069705,841.6869154665619,729.3299454264343,249.89882790949196,21.687787547241896,0.814692717064172,40,25,0.18536069269797353,415,0,0,0.005050039294842046,0,0.36664283337369596,-1.681125693118247
Lightning,1385.5523378122598,992.1976398560219,737.646478228271,172.87506371038035,23.350677236914635,0.8575222250656225,35,25,0.15522262641452586,341,0,0,0.0008142220217426388,0,-0.23948688672391683,-5.469433591440065
Lightning,1405.4653656785376,700.6038097431883,448.37351562455297,124.07634260132909,28.52032140502706,0.8192097211396322,55,25,0.13709055214312799,296,0,0,-0.023623856882388772,0,0.4751842911016624,-0.4345936380427702
Lightning,1368.002947163768,1211.1645238590427,370.0127109885216,175.1158487587236,9.511145467869937,0.8491926414868795,45,25,0.20330713313623708,452,0,0,0.018201330657169335,0,1.6134315751615205,5.427104634822626
Lightning,1426.0814654524438,975.6671748124063,600.8300325833261,176.50809376034886,25.05294253444299,0.8420724881161005,40,25,0.08916613590221983,170,0,0,-0.008494923749931216,0,-0.7795795665457632,-7.3408284087051925
Lightning,1489.8692809045315,817.5671818084083,729.5346604660153,220.71211457485333,20.454613683745265,0.7996581911039539,35,25,0.15279156737205757,332,0,0,0.006959874242697284,0,-0.11243808657930288,-7.350783319837092
Lightning,1421.8610657961108,929.1360246250406,469.8973403312266,214.27626504562795,8.800101902801543,0.7989512695418671,50,25,0.14383722078751843,311,0,0,0.014687908261541427,0,-0.8833582402205735,5.215254101183518
Lightning,1386.6889997385442,1218.3666504337452,474.4660997763276,223.22336303303018,23.60852020420134,0.8195476161246188,35,25,0.17722885376407674,396,0,0,0.013074826741538592,0,1.1529607923235048,-8.317592310625514
Lightning,1440.1371085667051,1059.5378267811611,445.11821204796433,290.2102043572813,25.549382128287107,0.8233473079511896,40,25,0.256495397148529,553,0,0,-0.0007592671441010168,0,-0.02078539473093599,-7.307452665302435
Lightning,1361.1311800545081,655.8585131191649,408.4577601402998,141.01545103592798,12.633426268585026,0.8124420378427022,65,25,0.09866587107899041,199,0,0,0.004741069835306977,0,-1.058908377445917,15.432252746957147
Lightning,1497.7283615036868,757.4825205374509,624.4257125072181,175.96141648944467,28.750319577287883,0.7991887107305229,40,25,0.16428438256349612,363,0,0,0.0037416395274014747,0,-1.233387941373742,-8.414645386636039
Lightning,1366.7522145900875,1100.0699659693055,450.64568649977446,177.34264138387516,14.08665094524622,0.8340940543473698,45,25,0.0727603737136203,116,0,0,0.010155357063131865,0,-0.13235060834374224,7.969425444475746
Lightning,1488.70998948114,1166.1555915838107,682.0155230350792,225.56697150692344,23.1592808351852,0.8508544428786263,35,25,0.20690188975833634,457,0,0,0.011324209787143102,0,0.5143476671620064,-18.546928106619816
Lightning,1462.663023476489,619.7703939047642,515.1436984539032,273.18510772427544,8.039753365330398,0.8589306608564221,55,25,0.2818169000475832,584,0,0,0.0009501269248790578,0,0.22464528059330746,10.451011257256823
Lightning,1405.1391714136116,880.3988971747458,705.547062214464,247.5998248392716,21.856267196591944,0.8292919628415257,40,25,0.16710061610710605,376,0,0,-0.009242618087229593,0,-0.7606212093500417,-11.264388852019465
Lightning,1370.9931230172515,875.1687746844254,570.3850926831365,199.2659917869605,10.991664161905646,0.8058536999044009,45,25,0.09456438016983197,186,0,0,0.00028969364661235453,0,-1.0306926616023802,10.388287473015225
Lightning,1385.3606585995294,971.2175030494109,699.3584633804858,324.17849513702095,9.639874984044582,0.8285041752131657,40,25,0.4164474278140092,692,0,0,0.009396275948783561,0,-0.318585732786282,2.4387360464738776
Lightning,1495.0259825913236,856.026414653752,609.2589039355516,218.43782077310607,9.992262587882578,0.8093377884360962,40,25,0.1496254930568363,326,0,0,-0.0012336607345946327,0,-0.09445859049915128,-0.4840303356486402
Lightning,1371.0768392658792,865.5866788234562,608.4694127552211,138.5584834916517,18.45008226064965,0.848444919474423,45,25,0.024200360887000706,14,0,0,0.008263847537131941,0,-0.31936777404661143,3.5664802729609164
Lightning,1411.0946049448103,1175.0591437215917,395.9368398413062,275.47752459766343,11.137016866356134,0.8351594399684109,40,25,0.2785236963538861,580,0,0,0.007680742283360686,0,-0.21187356420651327,-4.252442679126261
Lightning,1497.0067618531175,1101.296277414076,589.7580598481,191.87240481376648,27.680287251714617,0.8069627680582926,35,25,0.18288395390555348,407,0,0,0.005585252552138487,0,0.6278126968640265,-20.51017445111279
Lightning,1360.58483091183,821.3627427699976,610.2174846455455,206.91050983266905,10.234867066144943,0.8450351782725193,45,25,0.12677917107927048,268,0,0,0.014662312634610819,0,0.3708180134763879,3.9222598061578537
Lightning,1386.5964108263142,929.943755432032,647.2028833813965,157.4297551251948,14.350674709770828,0.8409561076527462,45,25,0.06081413835750539,84,0,0,0.01701305221035776,0,0.10662997292615017,2.845105622498977
Lightning,1399.8419896932319,917.652065132279,385.1744547486305,113.57353335013613,11.92626331280917,0.8047453379980288,55,25,0.08517089273782297,152,0,0,0.002747395704581157,0,-0.9400582193945723,12.382705075019203
Lightning,1408.7178825284354,1114.9119730107486,660.9660915099084,159.9360746750608,21.52696389472112,0.8179056784231216,35,25,0.1156188589195343,242,0,0,0.0021898410443166316,0,-0.1989841273846764,-4.764076540879387
Lightning,1468.997560814023,818.0713495588861,360.1961152628064,194.49063249165192,14.957734091207385,0.8585098348301836,55,25,0.06608616618271772,97,0,0,0.0031015928417077454,0,0.05212559888082069,22.12328005847712
Lightning,1471.4768643141724,1089.591889665462,715.2858988381922,83.24426940642297,27.936463308054954,0.8306678859191016,35,25,0.2652787693380637,564,0,0,0.013288734553012382,0,0.3489547900468608,-23.083290537290168
Lightning,1383.8826020015404,1135.1961762295105,638.4200666099787,146.12572743324563,28.721607842482626,0.8456420575338416,35,25,0.2181877362440551,486,0,0,0.007904102989378048,0,1.0398231560372722,-13.993141307258384
Lightning,1368.6805989942513,1074.2881092708558,699.8635406605899,270.27828599791974,10.02555588958785,0.8078519460558892,35,25,0.3141310509573784,615,0,0,0.01323025139596612,0,0.25444738557038704,1.722849682606693
Lightning,1381.0881230514497,1221.5404440532438,664.5119434222579,259.4075768557377,26.11768552288413,0.8208269630768337,30,25,0.3270185466930897,634,0,0,0.0033528370111157724,0,0.9945459822910152,-25.45973996042858
Lightning,1481.8757373956032,804.5273202238604,498.3937253244221,305.045514293015,25.04521051282063,0.8416165623394772,45,25,0.24946994864888755,538,0,0,0.002179037160183528,0,0.3080025861922806,-0.08024598759106993
Lightning,1467.1536043519154,767.6742944051512,693.5931794345379,287.1409145719372,11.506346530281007,0.8048012180789375,40,25,0.2814684321150048,583,0,0,0.005491005739590937,0,-0.5144635301874487,-2.260567437600457
Lightning,1394.3809883552603,1033.559687808156,437.8726481460035,276.30150974262506,14.99787758430466,0.807116623101756,45,25,0.1728995951376219,391,0,0,-0.0003092946151856957,0,-0.36234813032269386,8.224640145268268
Lightning,1479.4429848901927,902.616357372608,562.7383524551988,80.34229928860441,14.577151456847787,0.7907070157979615,45,25,0.06917209955925556,109,0,0,-0.0021175026411426323,0,-0.6105007053335783,14.979979781050133
Lightning,1464.9473016732372,785.1539782481268,737.1308588422835,259.52602566219866,18.285648070741445,0.839472329155542,40,25,0.1994147631851158,445,0,0,-0.0019311565029080935,0,-0.3384371535484618,3.1555669114372904
Lightning,1453.480220027268,1244.154697691556,566.3810582831502,189.6662185736932,27.490976547822356,0.8566010526684114,35,25,0.2256767486643641,498,0,0,0.013606512555993433,0,0.9997768641215004,-24.371152871976392
Lightning,1433.2942471490242,999.2990099126473,434.87325021997094,168.28099141828716,27.910661552567035,0.8189999883295969,45,25,0.12347710477543011,263,0,0,0.003752344386308115,0,0.9993121736484198,-8.169608584173602
Lightning,1457.8764813719317,970.7851792336442,660.0972700864077,300.57360428152606,15.716165632940829,0.795707119840663,35,25,0.26594347279455566,567,0,0,0.009209123449237966,0,0.7382856522475052,0.7112942868218397
Lightning,1478.090024215635,1176.1934777256101,720.4340944997966,145.98403945099562,20.52100622979924,0.8189168472215533,30,25,0.18480742194094,413,0,0,0.017940028438694577,0,-0.04696126107887011,-14.586480800384152
Lightning,1430.7573036756366,974.0138350869529,646.7952569946647,92.23514584125951,9.333060581237078,0.8531828878843226,45,25,0.16699492605639532,375,0,0,0.011731288324398514,0,-0.15118680922654448,3.736049127153592
Lightning,1461.3551536691375,1131.1423738254234,635.0682740099728,182.01477445662022,25.7293071099557,0.8348976640356705,35,25,0.1650213495239612,366,0,0,0.004868803003214461,0,0.22962023988718983,-16.658924760564787
Lightning,1376.8039329210296,608.0408153240569,437.12089732289314,208.7772361538373,28.946284412406385,0.851266087719705,60,25,0.20228129402168643,451,0,0,-0.02270551486271244,0,0.017609220317936547,-6.822537167580549
Lightning,1498.5714875045232,776.1442041024566,617.5555839203298,237.97011007089168,8.570481488015503,0.8596574276592583,45,25,0.20402245034373973,455,0,0,7.427094700740433e-05,0,0.25022243740696837,0.9850825129719851
Lightning,1495.67536348477,902.5302921771072,404.17248103767633,294.6415170864202,28.261583479121327,0.8072902540047653,40,25,0.30502381585059163,602,0,0,0.005310309564166005,0,-1.0454213007202284,-17.036389224977484
Lightning,1435.61756570125,660.4892992647365,629.5709648169577,176.64945979602635,8.095389709342271,0.8210209401929751,55,25,0.1761163062536029,395,0,0,0.013895078588076482,0,0.14005954714679802,4.51664533342182
Lightning,1489.4716979702935,875.0548608251847,685.790291056037,222.9045244003646,26.6995168896392,0.8553679793770426,40,25,0.1854947763591317,416,0,0,0.005038194031734555,0,0.1458182580732199,-20.1801263213913
Lightning,1360.3644376038574,1037.2886119876057,460.961754899472,273.43827047850937,20.864300593268126,0.7999861523695291,40,25,0.16598894274216977,372,0,0,-0.004149533137065564,0,-0.02781639247167078,-14.263714855723038
Lightning,1422.741910116747,657.8381884726696,635.6071708723903,311.57722159521654,19.773763850331306,0.851938762201462,45,25,0.2690281767071979,572,0,0,0.002665073238999005,0,-0.20880228490443642,2.8016564384492995
Lightning,1357.7735279803164,1107.3104059090838,600.3630769439042,139.423275757581,15.664569503162056,0.8114637379860505,40,25,0.07684303299244868,127,0,0,0.019852882076706768,0,-0.08165645980636782,3.299431201232437
Lightning,1353.3692061435431,1090.8205338637345,443.8915168866515,124.73308922024444,21.58291621133685,0.8434550891467371,45,25,0.060337844487579145,82,0,0,0.01095182290013974,0,1.582841487622808,-10.91361666425837
Lightning,1498.9665866014548,1002.8829238144681,720.588590670377,122.69549902528524,11.038820939604193,0.7983299684105442,35,25,0.18320232224241362,409,0,0,0.023363183697515888,0,-0.0033505040763301963,1.075791374849814
Lightning,1434.1287147486582,965.4178938944824,425.8639357984066,275.1012699282728,8.03030293341726,0.8574028147174977,45,25,0.2699579009605337,574,0,0,0.01885929116879992,0,-0.7555421587862199,1.8134828317718075
Lightning,1417.3399833845906,1125.4315368831158,492.9997234605253,273.20019998122007,18.726384551730007,0.8550346575211734,40,25,0.18018049248802345,401,0,0,0.012514814092132287,0,0.8996269553810237,-3.308429414524653
Lightning,1362.6517868600786,604.045028926339,660.9032595530152,294.0841698856093,9.046833658590913,0.8536015591328032,55,25,0.350367750968831,652,0,0,-0.0033711897330079843,0,-0.3224469080147614,9.31705828861027
Lightning,1404.956917616073,1244.3887229310349,683.8344388641417,244.86095287837088,28.82140398817137,0.8175765202054754,30,25,0.3768523869600182,674,0,0,0.0021704143085667926,0,-0.23647990048646506,-23.69442114977278
Lightning,1390.2773976093158,1122.8853167616762,740.9704070538282,149.51778911752626,21.811410238035023,0.8371544202486985,35,25,0.1703080735065372,381,0,0,0.014876729844788938,0,1.535905031487566,-15.623642260163024
Lightning,1425.1667063101195,1021.3345394004136,736.2397882156074,253.69173315819353,11.621387905906886,0.8087650115601719,35,25,0.2675420929003652,569,0,0,0.005248374417288426,0,1.3489115847063644,-6.33922626045387
Lightning,1445.5692416522652,718.6095414566807,534.884531609714,217.1280302410014,16.232742853462696,0.820200721716974,50,25,0.054801294427482,67,0,0,-0.012240311848178864,0,-1.2860073075128327,8.138182493083605
Lightning,1466.701125644613,715.1531137293205,436.1996796913445,90.1658902131021,24.493308214936405,0.837886244072579,60,25,0.09734880240481988,196,0,0,-0.005500627915823841,0,-0.45082918542231454,11.255453979461436
Lightning,1442.509988998063,707.6711852219887,524.1697311401367,308.8457657559775,13.039052623324096,0.7971951534575783,45,25,0.2551666045060205,551,0,0,-0.0021727154306656615,0,-0.06092944879594597,1.9608859184033918
Lightning,1428.9808646659367,1073.0624780990183,457.57043128833175,184.1046247119084,13.23297126358375,0.7921827659104019,40,25,0.08335458760163855,149,0,0,-0.002975756953631281,0,-0.5930652505898593,6.396145721293351
Lightning,1369.4015650078654,710.0879568955861,479.16665095835924,88.82103253388777,20.161200722679496,0.8212658611056395,60,25,0.057256914603361804,77,0,0,0.0013094263980961696,0,-0.13060239446789268,5.349651157069957
Lightning,1438.5094728902914,668.3492686832324,577.6302398182452,279.6004085522145,23.757488389033824,0.8172180743189529,50,25,0.1968548340053561,439,0,0,0.0032436394446480055,0,-0.05266686496294426,1.0790544637263793
Lightning,1459.6134354360402,769.1272729425691,613.0393305793405,102.5998536334373,15.073984758928418,0.8271456614066847,50,25,0.05580182365254164,70,0,0,-0.00527047967618266,0,-0.33530160923664454,3.562431301304059
Lightning,1475.6348825641908,982.6782074989751,563.4039469994605,267.0665412861854,29.441321522463113,0.8246839605504648,40,25,0.27274705720390074,576,0,0,0.0033450489712942844,0,-0.26163283612122257,-25.558257926170654
Lightning,1350.65692642238,625.4081006743945,548.288756236434,259.00102463318035,29.07991932053119,0.8405925082112663,50,25,0.2577324052678727,555,0,0,-0.0007911425921209858,0,-1.2161564015333965,-8.287771851679963
Lightning,1479.0081457584165,683.3244713488966,423.3022796921432,312.20734612550586,29.280736475717276,0.83160462314263,50,25,0.370984413122711,668,0,0,-0.008022601822782915,0,0.019811589823767406,-8.094696444780766
Lightning,1483.7850500363857,1015.2287132921629,397.65342753380537,89.93306032614782,19.990560948848724,0.8461809748993255,50,25,0.0666643689411057,99,0,0,-0.00048543787581079023,0,0.400092000441191,3.916402690123732
Lightning,1480.2943245624192,1016.0106459399685,549.3091744370759,328.7544142641127,8.036956957075745,0.8185487742489204,35,25,0.4264486021097734,693,0,0,0.012979938489326326,0,0.2173954810011054,6.353984345780418
Lightning,1466.5537604363635,1178.5023136180826,514.3195822834969,171.95476671447977,13.90325231384486,0.8353447209647857,40,25,0.10259024950889187,210,0,0,0.0013307001967706178,0,1.778463843438864,0.8447668299766065
Lightning,1409.0112111414783,1127.0870151929557,637.6358381472528,291.1995281884447,25.923388039227575,0.8494029248971493,35,25,0.32249104703521814,626,0,0,-0.0041359887301704035,0,0.05548733943864903,-29.30750758353065
Lightning,1414.7913616150618,715.2775286114775,677.2345857694745,232.06570230657235,27.549097968265414,0.8201926621538588,45,25,0.2083299191832745,460,0,0,-0.008004334989895279,0,-0.7166975168755627,-8.489233829536943
Lightning,1483.3401160896756,782.6255737105384,434.0152100659907,274.9764264281839,25.179128211457282,0.8586625906126574,50,25,0.1895670104945997,423,0,0,-0.018639727150498775,0,-0.1967638403411982,0.540074131580468
Lightning,1487.964088912122,1078.862131445203,376.33108235895634,104.55670683411881,13.408484824933112,0.8198986456054264,45,25,0.10481352206865756,217,0,0,0.0160490649944931,0,0.5717957084287519,0.4312255976740289
Lightning,1374.5872903964482,794.8151569347829,505.40987802669406,156.0309825418517,10.660457264166325,0.7926126922667027,55,25,0.07481138087914518,121,0,0,-0.0038005479753069338,0,-0.915839916565929,17.49137447396265
Lightning,1405.089023290202,1214.9100509355776,599.8324459418654,109.0678579476662,28.703525241464376,0.83628286693478,35,25,0.2466635082098377,533,0,0,-0.0051304653838060155,0,0.5559514940423185,-27.85881396327909
Lightning,1440.9042280283757,797.466220962815,451.472191978246,264.23736188560724,8.335247757378966,0.8010308756260202,50,25,0.22711934134132764,502,0,0,0.007171590344050349,0,-0.659649887348742,2.659636898893723
Lightning,1399.2843242827803,709.5769600826316,653.3389074727893,135.86770857917145,8.584296993911266,0.8095595449418761,50,25,0.15968564403280391,352,0,0,-0.0026902284776970653,0,0.3535997742705064,12.331285008718623
Lightning,1465.9565365989693,987.8012459492311,609.9125084467232,181.59341944381595,16.40547056356445,0.793446903466247,35,25,0.06708560429579061,103,0,0,0.01707415382137678,0,-0.03922655149528964,3.2297727031618706
Lightning,1471.3450289564207,1118.8468225416727,418.1448370218277,129.54434180399403,17.20112920086831,0.8433799977577292,45,25,0.06252911285933183,89,0,0,0.0005808598812944155,0,0.06975969804025794,9.915074435329188
Lightning,1401.5256670187227,1233.986320067197,462.5255591236055,142.95463035348803,18.1293396926485,0.8165535491053015,40,25,0.10025476889927701,208,0,0,-0.0012642545064938115,0,1.6391169584308969,-1.2737445309312534
Lightning,1368.311601318419,615.5771948746406,524.6110113337636,135.04220124566928,23.755998795852065,0.8380109670129605,60,25,0.07773768991453772,132,0,0,-0.009894217111666492,0,-0.07592209496995395,-1.5932897299176147
Lightning,1425.487536995206,1154.350945376791,510.49076030030847,190.76003755442798,22.12640041531995,0.8531425640406087,40,25,0.0942551204512748,185,0,0,0.00958408827766033,0,1.3084363336422626,-12.82613989394872
Lightning,1377.2796521661803,1243.205797916744,586.4440310746431,264.53231843886897,27.04024773929268,0.8395146322133952,30,25,0.33267718132902047,637,0,0,-0.003959127386814032,0,1.747113547174827,-22.51066052351598
Lightning,1446.9649220234714,1129.7123638447374,642.8448270075023,98.81365745794028,17.87335107056424,0.8055407201871276,40,25,0.11042543994969087,230,0,0,0.01790389733044262,0,1.333323499186804,-7.995219965899196
Lightning,1400.9556659962982,1099.8616314376704,648.7772127613425,226.56172675313428,27.11718635633588,0.8530422398471273,35,25,0.22573261570969458,500,0,0,-0.005710185000558088,0,0.35196165909759713,-25.61930597233163
Lightning,1463.631010253448,1001.9267049385235,443.5273711569607,293.68889324367046,13.635820413473994,0.8382593783689664,45,25,0.21696955760132877,481,0,0,0.009293632046812883,0,1.1986313749683646,8.674036224850397
Lightning,1449.3687128880993,782.9977904562838,504.2174942791462,185.68261559819803,22.497611372731626,0.8465208366303705,50,25,0.03180188359743008,26,0,0,-0.014832823122895133,0,0.21084339832147236,2.007447339058672
Lightning,1383.817003655713,1178.1542940065265,429.8002435825765,326.7977983178571,22.455058136489242,0.8053940664138646,35,25,0.36742970455293905,665,0,0,0.008157953038228971,0,0.27044709081548746,-12.077930459729714
Lightning,1368.02548924461,655.8786821900867,668.1025454774499,163.71127588907257,14.205430151894689,0.8244179751654156,50,25,0.08994103969452609,173,0,0,0.009058206986239714,0,-0.11889894712020777,11.387624808611918
Lightning,1453.5109240212478,1060.2722079725936,688.7198545970023,180.2501652110368,26.94331069337204,0.8199898470425979,35,25,0.19135289893582288,428,0,0,0.006208699735660517,0,-0.19835534108342756,-25.638269091608436
Lightning,1355.565769225359,1022.196825069841,395.3498827293515,147.48578936094418,16.144665656611323,0.8243495293450542,50,25,0.04303459764212414,39,0,0,-0.0047635662840470605,0,0.2833668967952079,1.7445550821978486
Lightning,1419.549971690867,1042.1687247464433,473.0786190368235,287.98716112039983,20.1775215533562,0.8099089406477288,40,25,0.1916578944686242,429,0,0,0.004108404145422462,0,0.05761392005668142,-5.786502931915948
Lightning,1455.6715317768976,997.9782578186132,358.0244366079569,186.10753035871312,25.24688505474478,0.8235339596378617,45,25,0.10860431727055657,223,0,0,0.0024378558626840796,0,0.21127249129695969,1.5249726726433437
Lightning,1440.144038235303,992.8331925999373,548.9886726252735,151.70548278372735,19.241786773782223,0.8164826712757349,45,25,0.019071047547285863,6,1,52.43275518901009,0.009116685166346228,52.43275518901009,0.9169774132967632,-7.459777362506657
Lightning,1397.0324866008013,1185.7340440968983,542.7351212128997,156.290056866128,9.401143472641706,0.7948754819878378,40,25,0.1728400797310883,390,0,0,0.02479367774260499,0,1.7989505391524716,5.011709869468632
Lightning,1350.0409565982409,1070.9981589345261,727.812107373029,200.282675139606,14.93912963801995,0.8153088835952804,35,25,0.16973821195531244,380,0,0,0.009700203813374664,0,1.4224369129751082,3.1353775421641785
Lightning,1406.3192252302542,789.7418676991947,618.1699596345425,140.3049224591814,17.686455867253244,0.8381916117086076,50,25,0.025956242394676345,17,0,0,-0.009457592043590202,0,-0.5773538323939533,12.55744606275266
Lightning,1491.755335580092,969.9221432209015,632.3932020924985,229.4626282947138,15.953374148812145,0.8132226493488998,35,25,0.11917486804955668,248,0,0,0.0199407309294779,0,-0.7273160889323336,3.0746995569395494
Lightning,1461.1516146920621,716.3738361909054,450.3875995054841,182.18378441641107,10.003999346867204,0.8097474439744838,50,25,0.10375528068873771,211,0,0,-0.005325232225033449,0,0.39228482399028763,15.02896879100308
Lightning,1390.9992226981558,1105.1446560071781,572.7597110904753,81.58128910697997,21.575565435457975,0.8321589352795855,40,25,0.10617681377322186,220,0,0,0.00256657052818432,0,1.313635782368749,-9.839629021744486
Lightning,1388.8158194487914,1194.8721805238165,546.7572849243879,276.32247247500345,27.58118345309049,0.7918478436092846,35,25,0.3195624885900151,624,0,0,0.015600960157925892,0,-0.06753768230632318,-29.87702510330223
Lightning,1381.7239704891108,1152.0171933341771,394.41769449040294,115.84301692899317,21.795823849271983,0.8182742881588638,45,25,0.09631998217049881,193,0,0,-0.0008669247444557104,0,-0.24012902491143961,-3.1555900910893797
Lightning,1447.7503357920796,873.4095310675912,536.5504397079349,308.1762746279128,23.18369773775339,0.8080422752560117,40,25,0.24140188063323045,521,0,0,-0.008191487520046614,0,0.9788804925294841,-9.915712362379736
Lightning,1366.0215693642385,1198.6768886214122,597.062608320266,319.0884249471128,27.320583580527455,0.8586568682035431,35,25,0.43204159249307417,694,0,0,-0.007123714867810715,0,1.2765336094707607,-27.42880454939882
Lightning,1448.0611538048834,935.6048340792768,620.7015326246619,306.887034077663,25.548530135303736,0.7910085149877705,35,25,0.30680576223382805,604,0,0,0.004622693791295207,0,-0.8190216679472471,-8.69821658958017
Lightning,1361.2630648654886,983.3068341715261,480.2114103920758,231.44378691911697,10.502591202501208,0.8498653959436343,45,25,0.14153725222702468,307,0,0,0.0010832622014094184,0,0.9215931524981045,12.537273135718806
Lightning,1381.179633946158,884.2858397518285,590.5274428427219,102.6406067959033,22.523867084644735,0.8124399753450416,45,25,0.053211237619068555,62,0,0,0.0036450765620112957,0,0.8949375590936341,1.816634198338761
Lightning,1445.6673856708221,775.6903247907758,498.5024913214147,207.3712293477729,21.600144350435585,0.8073994678910822,50,25,0.041167347413093636,35,0,0,0.005333755798329953,0,-1.347237426111576,-6.076861801074529
Lightning,1391.3644057698548,699.3384749977849,736.7937663570046,322.732863931451,28.18301926739514,0.794262224577833,40,25,0.45995110527245026,697,0,0,-0.005236431980709666,0,0.28142464229762254,-22.723681729941063
Lightning,1359.156578744296,771.793029201217,408.69251573458314,113.8626850862056,16.352089643944055,0.8065711680287495,60,25,0.044539525290530436,40,0,0,0.003954709748924312,0,-1.1381258088483435,20.04950774449526
Lightning,1450.4957308759913,998.0017397203483,411.0782738775015,85.15821081353351,10.628682327456772,0.8556873807753437,50,25,0.13004247339069036,276,0,0,0.009969768230042586,0,-0.1887625359155507,14.754644990432325
Lightning,1484.1766217141412,1148.8986829761416,432.2923350147903,169.60480184759945,29.279488443862647,0.8017584596015513,35,25,0.21666203627771072,480,0,0,0.0055787972975509525,0,1.6732073298798866,-18.28449107080246
Lightning,1458.169160457328,847.9551955941133,673.3172146603465,130.72481400566176,10.644379526376724,0.8314420287893154,45,25,0.1216585291414606,258,0,0,0.0016736962784604792,0,-0.31633689880002436,2.3558615835747787
Lightning,1411.2761356984265,795.795683725737,481.6293937154114,149.37583396211267,18.475764533970505,0.8573094630008564,50,25,0.0037453741632256297,1,1,266.92475348991826,-0.012767763887428396,266.92475348991826,-0.3048521184764823,13.063034787186098
Lightning,1488.3114219876006,622.0744630438276,626.3336673378944,325.0329986750148,17.78001395892352,0.8120451400033198,40,25,0.3181925112808383,621,0,0,-0.010979876694787283,0,-1.5781537331302289,-2.922988345922022
Lightning,1372.9174776817672,1033.1099043600261,514.3071106635034,197.37772321794182,26.810557728167623,0.8116235524136574,40,25,0.12649834099110135,267,0,0,-0.011041924584046292,0,0.3434088093483112,-16.40723880740643
Lightning,1489.6956894546747,612.5655329204164,409.77140832692385,266.17035128409043,9.142956657335162,0.831756737951655,60,25,0.2655274138727336,565,0,0,0.004103397100111428,0,-0.7237243964775999,11.5096792724828
Lightning,1383.3264986635186,1144.2583864787593,469.5063010789454,155.14413795433939,17.261598717886955,0.8529980469541625,40,25,0.06646920561868791,98,0,0,0.0006987371204287829,0,0.6973901952475074,5.226661355631904
Lightning,1492.3484022729099,1075.3818820579909,676.5703136101365,171.05568850645795,10.545682052150369,0.7983088440750726,35,25,0.17767841644203713,397,0,0,0.01730423431799788,0,0.46297000516462816,-8.20316488197659
Lightning,1491.8536891811527,1238.7093014316633,721.3290595449507,203.29140515066683,24.295435809064656,0.8329022960225121,30,25,0.2686020770716029,571,0,0,0.016490474602197436,0,1.1341627009385462,-26.764223522456405
Lightning,1355.7422388112172,1187.02556170756,674.0279745310545,304.20843289000914,16.868044738657773,0.8261521673272364,35,25,0.3362855491889737,638,0,0,0.0024897335189530967,0,0.263087526400021,-5.876750879815972
Lightning,1490.2062549605034,1041.7760875541717,685.741716902703,189.84666307922453,14.677346668671817,0.8461818929575384,40,25,0.11744119007611928,245,0,0,0.010380921235735086,0,1.024963323854358,-3.083047273552893
Lightning,1494.525625789538,611.6026157396846,471.48201894015074,300.0022147153504,29.60101344436407,0.8475812857062557,50,25,0.3584129029042086,655,0,0,-0.010861558238228763,0,-1.023692449552506,-2.7567745229137017
Lightning,1409.053206362296,1136.1650515114889,679.7300574369729,91.42654148861766,14.42297343770042,0.8506291753938422,40,25,0.15645630935614302,345,0,0,0.0006445134216164217,0,0.5240902779991927,3.4050530189558685
Lightning,1496.846768190153,826.3382777688093,365.5368059873581,265.2583102299832,21.01102492492646,0.8137257319665514,45,25,0.14886595406670922,323,0,0,-0.0001934229764639639,0,-0.2796306881990489,4.951061518927418
Lightning,1434.653954661917,640.2732339687645,447.36371701583266,102.18310500029474,20.484349576290697,0.8573653612378985,65,25,0.0773335365162107,128,0,0,-0.014872185908777258,0,0.24846339364929548,8.831162424170088
Lightning,1359.4092713668942,828.9394274703227,383.20259768515825,235.21192323649302,24.327715074643493,0.8508621884253807,55,25,0.12395194843979998,264,0,0,0.0005711247769588645,0,-0.0395653195874246,5.2115136373552104
Lightning,1416.8757349834777,678.7954665953293,459.21770641580224,140.74934522621334,17.933409724850208,0.8091410281183199,60,25,0.03114503977202956,25,0,0,-0.009901007019883057,0,0.4222552507540698,6.9005977845820325
Lightning,1481.8648221669719,723.6199239850976,385.33260114490986,137.7174501377158,25.398257763125002,0.8160802851500921,55,25,0.08805288015861218,165,0,0,-0.014364721314408024,0,0.0516686141277134,-1.278312324043327
Lightning,1421.9057606882416,910.7857619877905,672.4104057066143,251.86624452006072,27.331553760450333,0.8590983013436199,40,25,0.23153574176408703,506,0,0,0.007604104674088452,0,-0.12899774876018455,-12.875387112843782
Lightning,1445.4153121914715,634.3880548025481,522.5319346413016,213.0850010854192,18.599485654383898,0.8410756869637408,55,25,0.06392916536658205,91,0,0,-0.009257259531864959,0,-1.6979808387098458,10.781568704065194
Lightning,1350.267180253286,659.0256188763306,547.9718809016049,104.67808313667774,16.390806312207133,0.8284055699361489,60,25,0.05944022318011331,79,0,0,-0.0036227782553890364,0,-1.416345443972041,17.85154387019361
Lightning,1403.6268301773816,751.2818757328205,360.86052637547255,150.0577016104944,17.221537724137306,0.8513256160751916,60,25,0.04901652978573619,50,0,0,-0.001953323905721227,0,0.47090334452885685,8.375837209519887
Lightning,1479.051115096081,1218.6505010118708,429.1636717505753,83.2173846848309,27.910837000701576,0.8382111897086725,40,25,0.23469825435065456,514,0,0,0.001653932783371559,0,0.6941934034000852,-14.570014415964579
Lightning,1428.2156405271962,705.9878179919906,612.2691079974174,318.3853690116666,26.95266010891646,0.846513194104191,45,25,0.34601803905872525,645,0,0,-0.006363278251024118,0,0.4340471860459587,-16.760396011621424
Lightning,1426.6716296668164,945.7191987894475,597.8825769387186,105.50381852779537,12.624573518987745,0.826368781523779,45,25,0.0774523080165565,129,0,0,0.016281250109524636,0,-0.37747023176559935,5.305059591568806
Lightning,1402.282440662384,1098.1329197413288,689.4933031871915,320.5717806541361,12.59450807981193,0.843311504770536,35,25,0.39206835472573387,681,0,0,0.021354060698022703,0,0.560872625140739,-12.594226292452504
Lightning,1498.760273179505,726.2053499231115,696.7845843173563,145.39877294562757,25.736779626924545,0.7909609153913334,40,25,0.1411987423341638,306,0,0,0.0005793799297428848,0,0.47591364959474447,-14.481126661566577
Lightning,1472.4869549972937,964.7672866121866,393.8106659799814,107.01094857184216,26.32059141341597,0.8142324460553937,45,25,0.11199190056335807,233,0,0,-0.0006008786796734,0,-0.8967851725206444,-1.7298398636362435
Lightning,1378.3918284229003,1005.6685707997531,523.079779278487,151.26919541042298,22.65266242204234,0.7903549172729254,45,25,0.038689314158635794,34,0,0,0.005708906274332959,0,0.9770841245677673,-4.227004456491841
Lightning,1378.3237501513213,711.0669040004723,437.2772729024291,140.6906905886717,28.30768097564578,0.859584716076497,55,25,0.1301897908656495,277,0,0,-0.02027574346444605,0,-0.8531281173335046,-9.13975144072424
Lightning,1401.0396048543043,745.9479964105412,745.1811929233372,248.48619189113379,11.30656327540055,0.8295483502326534,45,25,0.23985544059369782,519,0,0,0.01253476971693579,0,-1.1136748886008547,6.384444046561384
Lightning,1421.9040151918307,670.6219709594734,559.0187691152096,243.1804271019064,26.430613867007196,0.8369015131308698,50,25,0.16553301171805226,368,0,0,0.0027137260093026416,0,-0.31953066677527175,-7.728566968020459
Lightning,1434.3673659372143,1142.5196297466755,620.8604722283781,156.2269563274458,28.547818274702877,0.8485683483909816,35,25,0.20930358914006686,463,0,0,0.009422614640213878,0,-0.32782867418004,-28.98120913645903
Lightning,1395.811530109495,697.7847128524445,382.3722446337342,145.5788472504355,24.696814144030213,0.8592255050246604,60,25,0.09007304538245622,174,0,0,-0.011881286902462485,0,-0.052200965534836996,4.088968982928691
Lightning,1467.5511331879534,969.9794541345909,537.2846537269652,131.67004116810858,19.817725845146924,0.7941551000485197,40,25,0.026834653340113986,19,0,0,-0.010880619679919601,0,0.6550065899310269,-6.803602226977091
Lightning,1496.799541823566,785.3109572432004,734.3381049111485,129.06526167178527,22.40570749901235,0.8137627375242301,40,25,0.12113705776447986,254,0,0,0.002257016813120627,0,0.3697308715684784,-1.1058636022380597
Lightning,1444.4670212105848,616.8598931515589,422.0567882992327,92.48185592703521,22.98234685184434,0.7902770141931251,60,25,0.10203725748950454,209,0,0,-0.018417065685896183,0,-1.2835038778153702,7.327322424857812
Lightning,1443.5756324557588,881.7690102965571,544.0357286483049,214.78469307301566,12.422383205033839,0.842811354759615,45,25,0.08210410086952624,145,0,0,0.010525633879181484,0,0.8557910670963622,1.5731676773627896
Lightning,1456.2279342091642,1196.2653884198517,441.75614519044757,137.50019929837435,14.88636254100129,0.8593701768293978,40,25,0.10401532274436912,214,0,0,0.013499407923861062,0,-0.2699279201465501,8.91969213659172
Lightning,1433.0999282654375,788.5269674356095,567.7938094362617,164.42442660452798,19.238558772951365,0.8002933163219131,50,25,0.01213937830610077,4,1,82.36975609709634,-0.00817680034154411,82.36975609709634,-1.01422581249237,9.958373304365296
Lightning,1441.355026338715,1079.3821313185617,624.2013608105481,276.58147916197777,16.41447941446677,0.8362663749558852,35,25,0.21375200064970343,476,0,0,0.00031970971812889104,0,1.3455339467715817,-3.730395902981172
Lightning,1350.6717706331983,1095.834821567405,694.5007182657719,175.31157690798864,13.418139143846929,0.8512560684024357,45,25,0.13472756876514744,290,0,0,0.023630079450785546,0,0.5689464600285135,-3.899154739898904
Lightning,1365.8251065644436,1123.962297476828,717.1703382395208,268.5533296735957,11.528090292122215,0.8144586049672217,35,25,0.31093273959280987,607,0,0,0.020743087790768167,0,-0.47113419738126083,-4.545260238706987
Lightning,1435.7281004078686,1040.8802816062234,691.0367885604501,301.81610768893734,9.378777103498578,0.8477553975512274,35,25,0.38249316556575674,676,0,0,0.021141676769794948,0,1.034574487114412,-9.843015469454713
Lightning,1412.619032675866,733.3582979859784,426.55341112986207,305.68007674999535,24.61169657157734,0.8581841369206086,50,25,0.2573557592126657,554,0,0,0.0031094606528196955,0,-1.3822021781749783,-8.451601574827691
Lightning,1401.1110169580206,1037.286395917181,590.9896787256002,229.62994930101559,16.833199423737824,0.7978409310127609,40,25,0.09928553346938088,202,0,0,0.00018969634408527725,0,0.5656790054285281,-5.831505188552228
Lightning,1388.5689975111745,1232.6340960804373,548.2907521538436,85.41004107799381,26.27252599550411,0.8394014241732657,35,25,0.21492313672827792,479,0,0,-0.007312665659696238,0,0.3827317797223557,-15.088515776235226
Lightning,1412.203959049657,731.5050803008489,532.9119710251689,106.87366149621084,24.756869673728943,0.8462773243174888,55,25,0.07194502335569834,115,0,0,-0.005398421464105629,0,-1.175889731380778,3.7176715619220886
Lightning,1466.7977036093362,1176.3789469143376,700.8041662164032,329.49909234419465,11.141706815455109,0.8241424707835541,35,25,0.4725090502898971,698,0,0,0.021102455277444587,0,0.25167336886723746,-9.748090632349658
Lightning,1372.835124609992,1125.2071183989756,615.9675305709243,141.40672304900363,15.453611966222525,0.8048004562058486,40,25,0.08818407586950411,166,0,0,0.0032885959103789997,0,0.3547151734789935,2.5354418617473584
Lightning,1489.3248643842526,622.9640404460952,640.9955193288624,212.02378991991282,26.298142375890166,0.8492827581195161,50,25,0.1632302168305067,362,0,0,-0.0036608042383181605,0,-1.1228062128726393,-3.366378763153307
Lightning,1426.129787438549,1119.3341697682627,419.15550753474236,308.50403509801254,28.94738910254091,0.8219435528083705,35,25,0.4020057103068475,688,0,0,0.005053289737551703,0,1.1655367670286978,-23.539302630583506
Lightning,1465.423771168571,981.8297665566206,685.7672869227827,291.05770871508867,20.462205903138965,0.8296913293283433,35,25,0.25422954432922223,550,0,0,0.007425619126339766,0,-0.6528936956712812,-2.7757733114590337
Lightning,1465.0407540611923,801.7769086523913,388.35003320127726,257.1509657264687,9.781370231881738,0.7978868311201223,50,25,0.2002409482118401,447,0,0,0.0053716208168255175,0,-0.040524312449306876,7.629746118048615
Lightning,1445.1118183904327,751.3049676315859,414.4253217615187,113.20767567493021,13.752542965579778,0.8560967907169834,60,25,0.06478172876270538,92,0,0,-0.01318294168386358,0,0.3988744294232518,10.188926930410844
Lightning,1384.1563205933198,751.4317636960186,694.5601832121611,288.3677572081797,21.20738658774644,0.7974882946978323,40,25,0.24057877467223635,520,0,0,0.010135776990872536,0,-1.004851263747419,-0.7576815263284971
Lightning,1387.5915564014576,906.9271062035114,562.244665902108,234.33618461247534,29.710398487281054,0.8543857992254198,40,25,0.2174743343517242,485,0,0,-0.0017649703970041841,0,0.1745162764270276,-22.68351825309469
Lightning,1405.8311896864325,1017.8330214577727,450.60688089579344,306.78141231881455,20.263413183391094,0.8505263892025687,40,25,0.2356861374333068,515,0,0,0.013553134694041624,0,0.036685884717911676,-3.653164722800284
Lightning,1479.3629727442749,979.6752270078287,541.1873158998787,180.8908967487514,28.145638360176235,0.8469067155709491,40,25,0.13580387526552565,295,0,0,0.008121226798896375,0,0.5981504534564124,-21.708744995311463
Lightning,1488.2708630757406,1223.0091534671374,697.4578887224197,102.90804678341374,14.65184563677758,0.8172110764659011,35,25,0.2020940894064902,449,0,0,0.01308460104930953,0,1.3011051014787967,-13.83081306404165
Lightning,1353.6485982011072,679.4338737614453,394.4104320369661,310.50845006946474,20.044460473116487,0.849698894256726,60,25,0.26074023144539826,558,0,0,0.005396572416212608,0,-1.5572598618166893,-0.0618595960067978
Lightning,1407.5837770476937,1128.2355361036025,694.1089423373342,99.79452517116442,11.610422259196639,0.8323324512806721,40,25,0.18828347073910415,421,0,0,0.01513383849655825,0,0.0272790273584107,-0.5799067820425989
Lightning,1350.1834504888393,1221.1189016932622,468.94471356645226,169.86024255864322,23.77504885615781,0.7912434274377301,40,25,0.1304560040806615,278,0,0,0.004709337809752245,0,1.880579259581367,-15.31699605228414
Lightning,1368.7523902393878,850.3514555632137,417.70187113434076,299.67317356029525,12.244895042851567,0.8571831297059543,55,25,0.2422192320996548,524,0,0,-0.006016173710976513,0,-0.9234877056321338,4.97896176684003
Lightning,1439.4763592281379,913.1024525733665,512.0393016375601,181.8659055698663,21.682739392388612,0.818574671545066,45,25,0.024722452845033605,15,0,0,-0.007306620953757559,0,-0.6301441735171451,-7.998887059503659
Lightning,1461.8996599456295,673.1518447049893,367.07800291478634,115.76807741774246,22.79110696632415,0.8425528694386595,65,25,0.09975197867274013,205,0,0,-0.02214524079217428,0,-0.9525080937022992,17.072355622775376
Lightning,1432.2191429673694,835.5511447880417,517.8292292170227,106.36853361036628,20.53338135732338,0.8402641175873578,50,25,0.021188511040382906,9,0,0,-0.015273679472924684,0,-1.276573886377733,10.390848283255991
Lightning,1454.255771683529,703.0107956263237,379.55943923443556,155.01180499093607,15.367318734526634,0.8072139015630819,55,25,0.04960305906263282,52,0,0,-0.00848285140407623,0,-1.2058020649949555,17.836974018937553
Lightning,1472.5322586600669,787.4441561987624,619.2559552378953,182.0747167058289,27.962075150106102,0.816513218334876,40,25,0.14343067404858173,310,0,0,-0.014754206920076118,0,0.3129103084610776,-9.966937214147265
Lightning,1474.4427730562165,1216.3369106245227,565.1393637061119,169.87506566336378,17.036746735684574,0.8283527160785161,35,25,0.11529970297204015,240,0,0,0.015936248961329724,0,0.8830340282039515,2.706631789267476
Lightning,1470.7446175510995,686.4042392931879,700.6791851483285,308.17888169083744,9.061582227703184,0.8452079278696328,45,25,0.38605849625906835,677,0,0,0.011160015546632929,0,0.3263315497279322,10.254426835161667
Lightning,1399.3254594504833,1015.1420506066643,427.0647631958127,279.61606204742566,28.653290627524257,0.8529213302326389,40,25,0.2875149725129242,592,0,0,-0.014054466802160492,0,0.04767499544551157,-20.708719486935934
Lightning,1455.1806195289828,626.5705960104242,519.0882668830454,168.66293146274984,27.800882366020232,0.8247257120953874,55,25,0.13199689642633025,280,0,0,-0.01385555290115259,0,-0.967252812601032,-10.837750766251247
Lightning,1374.2280297679827,1018.8589048222639,486.6113606840372,279.7311163577251,29.601565533317626,0.8315635847556405,40,25,0.3027589832343568,599,0,0,0.005029046798849857,0,0.5308672842493039,-19.56868745596944
Lightning,1418.9824149361812,988.4046524297446,693.0952633731067,291.0583184985444,21.78218888817355,0.8445763988047839,35,25,0.2671118414389777,568,0,0,0.006573520531957477,0,1.0885807812683552,-6.82473751828411
Lightning,1467.897293670103,1155.3445041994564,635.7210969552398,82.08538101287559,28.050575595349073,0.8139792757877149,35,25,0.24630502509219268,531,0,0,0.006247468430039094,0,0.006010282981506521,-21.853158110562617
Lightning,1437.6558907446451,630.1250143675134,591.8364723213017,172.8236274048686,13.053231226745993,0.850140165197663,55,25,0.08248020608863472,148,0,0,0.010519519695503243,0,-1.657775820477191,13.104059645756479
Lightning,1436.0719128046185,1189.6423151600175,674.9759448692203,254.41289249109104,23.742383934557438,0.8307659783423879,35,25,0.2582998739834611,556,0,0,0.007552725683959816,0,0.46009218972452715,-16.272873812682747
Lightning,1477.6738169719465,797.6235091453418,365.3872814960778,210.72465499863029,9.353315769229084,0.8190317727765069,50,25,0.15423022689647417,338,0,0,0.005056411394583016,0,-0.8902134081319346,16.923855097249316
Lightning,1438.7666600989178,644.6825038758107,564.2818868160248,112.54977049073204,26.985390949063003,0.8061094961292111,55,25,0.12562883488655444,265,0,0,-0.005321668300485971,0,-1.62488496726138,-6.435490484426282
Lightning,1487.6279079238884,725.0045605935156,700.5637562833726,224.28423123899847,9.67376766866073,0.8514796410594136,45,25,0.20893621884961128,461,0,0,0.0005100150436370132,0,-0.9259590229882306,15.091403254023817
Lightning,1437.4101703986526,813.603056629654,584.6342505887151,248.9927313127555,24.289271464571357,0.805202921491582,45,25,0.13199943301600972,281,0,0,-0.0055045653739058675,0,-1.335967502932192,-11.828995260638521
Lightning,1432.7249739901163,915.211408236064,363.99281034246087,253.16404613666236,24.976310659665614,0.84311814871151,45,25,0.16796337070248035,378,0,0,0.003153246648569974,0,0.2999400065931539,-0.5554121191489685
Lightning,1423.0102172819898,891.7698329896666,617.5084967166185,251.82776163099334,22.427232370711863,0.8541306736203842,40,25,0.1355552889316618,293,0,0,0.011784809103104088,0,0.5503415115364731,-12.258140901340994
Lightning,1470.4251548624597,670.6664042081684,473.0207900516689,126.86746455263346,19.039728957694024,0.8346625487878919,60,25,0.0359912443511844,30,0,0,-0.0007491490567963499,0,0.03887540194640593,11.01763387327128
Lightning,1373.3814319130033,657.9158137436025,548.9635398611426,255.38409848930314,10.248831246048212,0.8123469393723645,55,25,0.19562700098810157,436,0,0,0.002726552431078444,0,-0.5211477442970107,6.598899802665983
Lightning,1384.347340289969,1215.3608784778044,392.8876613266766,129.3106096982956,12.543004284147173,0.8580895265145227,45,25,0.1445222412507955,314,0,0,0.001788171038273445,0,0.8558880437075942,1.1899871925129446
Lightning,1361.5440266439691,844.225577369798,739.301935583353,141.7212936631404,25.190943612717092,0.855578715109732,45,25,0.14535493002293437,315,0,0,0.005923448389578256,0,-0.655960292663643,-13.399883323082577
Lightning,1396.354798588436,1061.6326542571187,625.2440079115331,221.68508362490684,23.20972123136744,0.8040831641014665,35,25,0.14072457661110666,305,0,0,0.010703564975365287,0,1.3480690591954811,-13.815040455987855
Lightning,1390.7025662250817,1139.3093333928846,640.2215221896768,251.03122553089634,13.253055142238736,0.8307404147018679,35,25,0.21730105236228164,483,0,0,0.018359004071195617,0,0.6698314673194474,0.5147472441412901
Lightning,1452.184353733901,1236.1728419782594,567.3772581852973,314.44254440255463,11.10100168036297,0.8409584141010419,35,25,0.40017694546159477,686,0,0,0.02271912185443581,0,0.9188844400153684,-2.14370393105969
Lightning,1350.0781137496233,633.3635798073374,729.1526095941663,262.44494922691956,28.955345971509814,0.8232395724696108,45,25,0.33949914871195547,639,0,0,-0.0014306156689476435,0,-1.7575087615314828,-20.916441285101428
Lightning,1368.5670937062241,717.2667106846347,642.3363224603236,87.23153701983392,19.71939403982833,0.8076834020810202,50,25,0.07746212590503901,130,0,0,-0.0024673498440184183,0,0.031657954915033315,5.866418821107118
Lightning,1490.4753495706245,1105.501705466304,706.7602965980768,159.4513143482618,8.70686296466738,0.8354037766414695,40,25,0.22485800198617867,495,0,0,0.01215043909070257,0,0.4382857889406324,-0.8656032490641792
Lightning,1457.1942206821404,1014.2282548826188,405.01702977344394,152.44426931720227,17.363394420128316,0.8450157347321511,45,25,0.03512625532838306,28,0,0,-0.00019236336128680698,0,1.3974803885478906,5.304403702458103
Lightning,1357.8889194410294,769.1853602300398,513.1883626803756,82.38608830841258,9.113952722400427,0.8006551103689709,55,25,0.14421828360823083,313,0,0,-0.003727894316433611,0,0.5118616326422227,18.67031584183269
Lightning,1450.103728857357,1010.3081154404208,515.721630025655,261.65352661162615,20.79521849984303,0.8163039210764692,40,25,0.1335070707909926,287,0,0,-0.002285670345732349,0,0.5743287884876764,-0.6344753092278097
Lightning,1448.1206938857213,744.734746508766,385.30872985720634,303.74547220533714,29.220283216796815,0.8380929722054862,50,25,0.34832930445665966,647,0,0,-0.007947784844115624,0,0.18101347441429994,-16.10896365656822
Lightning,1468.71094572125,1130.126391723752,741.1557911895216,259.8480796860531,24.179365025367588,0.8369710989575834,30,25,0.3127805073821971,613,0,0,0.01044773830163992,0,0.2545303729772286,-29.483443070983867
Lightning,1495.890263747424,715.5889655812643,489.30974546819925,235.31415218720213,16.640402832999825,0.795469845936168,45,25,0.079462650338085,137,0,0,-0.006582307282797295,0,-0.10920523170674556,6.6741953323758025
Lightning,1363.1227170699276,1146.177741070278,508.70719188824296,194.37810421921313,10.018938146997243,0.828858355418779,40,25,0.15980200952378293,355,0,0,0.0069717400849571565,0,1.322986333010249,-1.0729987597876516
Lightning,1418.9499113475904,1191.9161898666061,657.3119353502989,138.51009086472914,13.985197369940579,0.8340544864605182,35,25,0.15428257330812223,339,0,0,0.018982349323620973,0,1.3280586188927188,-2.66452520688199
Lightning,1394.1494881524704,1086.1011427361518,662.6505079679191,255.75155606027693,22.772403858136386,0.8368537359498441,35,25,0.20910233516534343,462,0,0,0.015143788237727884,0,-0.23625434206322637,-23.439803393207285
Lightning,1496.0428128484637,1243.356067861896,511.4166183397174,136.91819201456383,13.507043085992336,0.8157288398058155,35,25,0.1456172501837153,317,0,0,0.011259576394432758,0,0.7601484334468296,-7.751633701867831
Lightning,1411.0166951199062,816.0368505632505,375.9249088354409,300.8165633492172,29.923074705991894,0.7935588208725677,45,25,0.3586864980446085,657,0,0,-0.016425777830895827,0,-0.799452978985201,-14.212907167320736
Lightning,1389.7356437053531,633.578345074784,718.1721767410636,259.32319251121953,29.650792319327593,0.7972508041583933,45,25,0.34137830959236126,641,0,0,-0.003302180240784436,0,-0.6355005566848817,-18.25492339436414
Lightning,1419.3938979995437,1091.7375077260658,521.379638183862,196.6719887405634,8.094633395317942,0.8054185722721741,45,25,0.1761025784587649,394,0,0,0.007711862192645302,0,0.07489249153377386,1.8027991737724278
Lightning,1478.087909356691,871.8392816488631,493.83431151509285,268.62615566467866,8.948177336715162,0.8284201083867812,45,25,0.2204147191244325,488,0,0,0.0005899638688082742,0,0.3865649878603534,11.892802465780278
Lightning,1394.021707016509,1108.2213526591659,504.1410340927541,142.000269186683,13.023476192262024,0.8310531556513161,45,25,0.07637728132835848,125,0,0,0.003657269884834946,0,1.5227055475318991,-1.9403949663981166
Lightning,1393.1252592243254,632.5891201733612,632.2773823514581,238.92859367886558,23.524107011035085,0.839051031835843,50,25,0.14872675433100999,322,0,0,-0.01371299876306109,0,-1.101594040908516,2.1621002393021627
Lightning,1489.8726548650302,1103.7474447162822,576.9911088980734,123.72859676368535,21.335965857375413,0.8210616829479114,35,25,0.08630325977726461,157,0,0,0.009602143833643995,0,1.0852561282481972,-13.685188869985723
Lightning,1488.2951469859108,881.4366496750154,499.38122294843197,126.59714241279289,22.739264962263405,0.8161062037642114,45,25,0.029320253181762568,22,0,0,0.0012763168828489047,0,-0.8818751331877195,-7.741576687971019
Lightning,1479.8626517294906,885.0476472172886,527.4944859556854,144.78911021258682,21.437036737333983,0.8242640653438866,45,25,0.015570224011163524,5,1,64.22102715130596,0.008857312954078322,64.22102715130596,-0.5881356308246595,6.086484599021787
Lightning,1428.7980966735631,978.194953862112,663.2440088316798,191.3923381199129,20.37509162724018,0.8236774052516558,40,25,0.07927557437561902,136,0,0,0.013016953248013996,0,0.6431188064832654,-9.579502157301249
Lightning,1416.749448061455,1078.593653975986,568.6637294478714,166.67900459840894,23.76486206660047,0.8098065113043413,40,25,0.08149061354565396,144,0,0,0.009793012017597524,0,-0.13582422621815482,-20.522585894042322
Lightning,1359.1874760808423,682.4791932594962,585.4488894343376,240.69554997375235,14.101660693995655,0.8089641725621186,50,25,0.1187041833210212,247,0,0,0.01295222176198041,0,-1.670403263773558,9.335690639128643
Lightning,1400.2811293001287,956.0201345942914,484.1413817368448,191.1641941824928,20.261797418352216,0.8330858849454672,45,25,0.027268204730818396,20,0,0,-0.0026786811029881896,0,0.5449511241170129,-6.205345759844022
Lightning,1411.8803724646568,870.3433582908474,585.0173877552152,87.36277416581288,15.100310174748302,0.8122317401063629,50,25,0.05654544645914488,74,0,0,-0.00555768023749037,0,-0.7312459197666143,0.07409237193223817
Lightning,1428.4106201143004,1132.3757911333814,452.8802917338908,150.01596479676664,19.688189145643264,0.8098263776348904,40,25,0.06232761783896038,88,0,0,-0.0035581883665081193,0,1.5800079153700537,2.2372658613710428
Lightning,1465.6038112007082,900.0792368664406,531.6549504175782,142.98188032815233,27.65657856501639,0.8206390932505019,45,25,0.09984369947403417,206,0,0,-0.017968977027128963,0,-0.8305861292658321,-10.57863306088143
Lightning,1456.832207890693,887.0809580432251,494.6960502304137,259.6481052879244,14.289481051731855,0.8461308661708609,45,25,0.12233358373980752,260,0,0,-0.004967509402610704,0,-0.34804935226104305,6.332003745966404
Lightning,1479.9835294252262,1118.8157887780108,629.5445542782545,201.02325045270845,11.077957321889699,0.8030604531685822,35,25,0.17557015526449649,392,0,0,0.02205617964230333,0,0.9707970989476493,-1.8316705146803542
Lightning,1352.5741230114363,1152.5684968102723,707.290646713227,147.59220210369676,27.291681117843837,0.8049741913191975,35,25,0.23229621956183122,507,0,0,0.0025619128710145933,0,0.003071689180949022,-26.13879142091355
Lightning,1397.895989427343,631.2508908915333,653.1417919322848,321.0270472173579,17.22120899707079,0.7903160966397264,45,25,0.30926089210277485,606,0,0,0.006134935628455018,0,-1.6558632201442123,5.121040215699622
Lightning,1458.267339610029,1158.4565110271797,736.130276042968,325.0985065661371,21.257991342339665,0.8511946469685063,30,25,0.44361836069914196,696,0,0,0.007300715367847932,0,1.6585766878236115,-16.653897083489028
Lightning,1451.0530482279137,645.5509770778008,561.4243745803833,112.20350103219971,16.058390158228576,0.8506824298924767,55,25,0.05265738041794473,60,0,0,-0.006615014093672267,0,-0.14144941904331176,7.65189313068754
Lightning,1448.6850247601978,930.4130450822413,551.4213538728654,188.4265128010884,25.62087578838691,0.8392073276732117,45,25,0.07947074830761192,138,0,0,0.003027906028609806,0,0.3990576459166775,-13.325070524293551
Lightning,1382.8759549185634,748.5077429912053,352.67484206706285,102.44929183507338,27.05277164839208,0.8088412484643049,60,25,0.15065721148492664,328,0,0,-0.004165315838031702,0,0.23484863316556215,-3.993575854973642
Lightning,1497.3018583492376,865.1088293874636,736.2648309208453,306.32231819443405,26.982443351764232,0.8049977887840942,35,25,0.39183341510419734,680,0,0,0.003685021994458859,0,0.4295689181518654,-24.488702391899324
Lightning,1486.3328560022637,741.03857713053,713.7183863669634,105.93416179297492,18.531439141370356,0.8120509064826184,45,25,0.09848082155157822,198,0,0,-0.009035435596496777,0,-1.1247508009795126,-3.5267239303111637
Lightning,1498.0857773101889,876.8455648329109,545.2293436042964,215.99383167456836,24.86828916100785,0.847938433624804,45,25,0.08989117347523828,172,0,0,-0.013811660299472894,0,-1.0115194576331774,-15.935228278621935
Lightning,1373.9349616225809,935.4217636282556,697.4138488993049,287.04144035698846,26.70239442959428,0.8354408685141244,35,25,0.3171729366027904,619,0,0,-0.0005310682625845331,0,-0.6398428021295146,-10.827797549361321
Lightning,1472.8083660942502,734.260653774254,730.4109369404614,85.77375665307045,18.67527518654242,0.8588016474945471,50,25,0.1271073595258643,270,0,0,0.003838053532566832,0,-0.998908011511972,1.012321146325121
Lightning,1360.5928082484752,1161.4266194286756,686.7068914696574,288.0942004104145,13.100052177906036,0.8140065777883865,35,25,0.3243089102475102,629,0,0,0.027375855026930518,0,0.7215461964055194,-8.58480395053084
Lightning,1487.9835472558625,1030.7604620000347,726.2798708863556,171.57143766060472,8.553432992193848,0.7971426309412346,35,25,0.23784897174205108,517,0,0,0.009992152150994027,0,-0.48427198146175954,-4.08036819728386
Lightning,1398.9964702399448,1185.157473210711,747.8709176182747,194.7348423837684,14.383153508417308,0.7956862072995864,35,25,0.2210274039435432,490,0,0,0.0068723299749975375,0,0.8716907042944158,-12.617638575019782
Lightning,1389.9662486161105,623.347685020417,416.98633348569274,155.73278865311295,23.75638381158933,0.8471374399680645,60,25,0.08341455318630553,150,0,0,-0.017751596681318205,0,0.15424219475929135,6.193679369233678
Lightning,1415.927303954959,951.1119036353193,469.90323830395937,100.10317944223061,12.732470346614718,0.7912637999397703,50,25,0.06561163131165243,94,0,0,-0.008294612662987477,0,0.5893739954285095,4.59989914095604
Lightning,1433.0205249250866,706.8648783722892,605.456502828747,223.623880809173,16.731437605340034,0.8452793946163729,50,25,0.07789132399046939,133,0,0,-0.011765079585931426,0,-0.5852102186089354,7.595581237430906
Lightning,1453.009442682378,1154.6280183480121,722.7291736751795,281.3992920401506,26.97281099203974,0.8199409738439135,30,25,0.3934819454689076,683,0,0,0.006436910268875939,0,-0.2139065041089907,-24.306407680896427
Lightning,1366.2220973870717,695.608116267249,444.26087690517306,130.34860770683736,14.622899066191167,0.8099234230816365,60,25,0.050450713890669394,53,0,0,0.0057424347704087,0,-1.2651788496461478,11.367919875023063
Lightning,1383.7689395528287,944.5839282940142,514.1155546531081,166.2725962069817,25.795220907777548,0.8386023167171516,45,25,0.0705017104232029,113,0,0,-0.01101093480314086,0,-0.17981821511357765,-2.1053738246030207
Lightning,1445.3527700272389,621.4057381032035,435.9448720701039,256.6310492530465,17.35219300026074,0.809877627673559,55,25,0.1343995616083565,289,0,0,0.005127979752395984,0,0.02680309697844052,20.289422020000075
Lightning,1446.196309500374,1022.4189917673357,365.8250503242016,133.94880048697814,24.38098708447069,0.8209281444712543,50,25,0.08645290711533427,159,0,0,-0.0099156637447535,0,0.41036768139430535,-0.5011302743939723
Lightning,1376.8891343730502,911.1441548913717,582.5321494601667,124.06710818875581,17.880189613904804,0.8339427554886789,45,25,0.02249515309890094,11,0,0,0.010922941662389052,0,-0.05958548733804747,0.6534755655716253
Lightning,1467.2699782066047,1015.4996934696101,368.9025754109025,269.8518885136582,10.089576730504632,0.7960481228982099,40,25,0.2502846632972301,544,0,0,-0.0021830789134422712,0,0.8759081861572326,8.107369020349779
Lightning,1408.9234945946373,882.7514498727396,479.56529492512345,309.3515189085156,20.850480728317052,0.8269975370028988,45,25,0.2173786620034595,484,0,0,-0.01198308905719947,0,-0.03427426807947853,-10.684056712411802
Lightning,1485.9054828062654,1073.105943982955,580.6784065440297,123.1749313720502,13.425996845588088,0.8173410388198682,40,25,0.08575973487365834,154,0,0,0.017801289305925394,0,1.1560502005456428,2.0264432064923312
Lightning,1450.955871550832,1065.8478260273114,722.9614109732211,134.3921187054366,16.835654084105045,0.8482522193016485,40,25,0.12140695226524201,256,0,0,0.012192201177008366,0,0.8704035364204685,-12.546067129229414
Lightning,1432.7865461586043,1081.671002751682,368.03041584789753,187.72900673327968,24.18757408950478,0.8439471810939723,45,25,0.10963413055805077,226,0,0,-0.006151316007745988,0,-0.17698384490235952,-12.667170917500925
Lightning,1468.9637655741535,804.9775598105043,489.19246895238757,229.25635128747672,28.868652674835175,0.8068225127086044,40,25,0.18314711266010592,408,0,0,-0.006327863157492342,0,-1.2764947849691026,-8.218569494717258
Lightning,1499.6549227740616,1231.5429932321422,506.46394696086645,233.58889085473493,17.46589343622327,0.8519354429864325,35,25,0.170427060661752,382,0,0,0.015392050877685248,0,0.4281601819906342,-3.390471483369083
Lightning,1417.0211644959636,1203.385638887994,678.6241357214749,319.96186070144176,14.617693329695612,0.8192189767910167,35,25,0.39883679246243076,685,0,0,0.00887467840359002,0,0.23618249424936266,-4.999790803496126
Lightning,1434.9231666186824,900.4133527283557,374.2426760494709,226.73652168130502,22.763633935712278,0.799451071897056,50,25,0.09494841340281707,188,0,0,-0.003670508292829222,0,0.7984864746051699,2.747226479474648
Lightning,1364.5051076891832,1249.0749789401889,524.0089847706258,329.87657193560153,17.67279283097014,0.8558014826383442,40,25,0.3729336007817005,671,0,0,0.024547510462605393,0,0.3567618189491242,-11.848459775860874
Lightning,1376.6684697009623,1119.7364908992313,525.9742924943566,144.77584881940857,14.932034494355321,0.8278961297054775,40,25,0.0695742970106302,111,0,0,0.010862552345940912,0,1.348625409547708,1.6251127630757765
Lightning,1395.9274816908874,1149.7774542542174,577.991805318743,176.35960613377392,10.852679566014558,0.833425822951831,40,25,0.14388713918316084,312,0,0,0.020148668642121503,0,0.370741126534206,3.170147711299478
Lightning,1350.89192034211,1072.8431358584203,580.2516426891088,148.73392377747223,20.62735673505813,0.8541547392006033,45,25,0.050596090706803584,54,0,0,-0.0042752658695222046,0,0.4413814383449761,-5.4354578539725935
Lightning,1436.4712712704204,938.9602339360863,434.20716701075435,223.18485313560814,14.748063638340682,0.8085216959007084,45,25,0.0735003946391785,119,0,0,-0.0008065366108449545,0,0.8203603103704609,0.32753400070873795
Lightning,1474.470602022484,1095.0472410651855,357.61736016720533,193.03719162242487,11.555403277277946,0.8499251115159132,45,25,0.14039696942983693,304,0,0,-0.0011398223320224776,0,1.143752153434356,0.796749506960623
Lightning,1392.7085426752456,1130.4290724685416,384.0276193805039,278.485326487571,16.543807125184685,0.8337453654920682,40,25,0.21721515606912925,482,0,0,-0.0014752856075199716,0,0.7401845010731876,1.8660730839596908
Lightning,1492.0084081124514,1167.3354879836552,477.12626215070486,164.9584944662638,16.537623684853315,0.8449103095778264,40,25,0.07912590372755193,135,0,0,0.009118979804603189,0,0.3134183996567472,2.6818607882366905
Lightning,1398.0148129281588,998.2309042243287,749.5681126601994,84.47056721895933,23.83270757133141,0.8242480276105926,40,25,0.18731369385529303,419,0,0,0.004791290876831278,0,0.8243926015011951,-6.19196606997798
Lightning,1441.035780706443,679.259213723708,686.1031614243984,210.7482099509798,27.640337011776865,0.8318664377345704,45,25,0.19707516752666251,440,0,0,-0.012368133933518433,0,-0.19873940189280148,-17.04262188486814
Lightning,1424.4108697283082,766.1604017019272,378.3612816594541,177.98836999107152,21.250721575226635,0.8489384075533599,55,25,0.04541739140526692,44,0,0,-0.011136536733522773,0,-0.4216197715456076,2.074057427036905
Lightning,1365.4822706244886,868.3261654688977,727.8592610731721,255.60313182184473,17.857121938839555,0.8125550891761668,40,25,0.18444941361884865,411,0,0,-0.0030402660512756086,0,0.574815868042684,-0.7683808332442368
Lightning,1395.6355908536352,1108.1953200744465,638.3637540973723,312.6350735966116,26.030794598627836,0.8077315612742678,35,25,0.3713277406892675,669,0,0,0.011403722756258672,0,-0.0989562433224549,-16.19139306747161
Lightning,1372.7899871533737,1201.3655492686667,654.2096059769392,198.00997116370127,17.35160626936704,0.8524241340975277,35,25,0.1552532638621024,342,0,0,0.005795634791408544,0,1.6897117297642765,-1.833378851152247
Lightning,1389.571908430662,670.593222277239,711.0801252536476,198.69688553269953,29.33193127019331,0.7902895897440613,45,25,0.2423286387206409,525,0,0,-0.009663989315461308,0,-0.10844607183283017,-17.718431065803316
Lightning,1384.4513206277043,1119.4714432465844,631.5472019836307,111.75561997340992,15.24708453565836,0.8109370386064985,40,25,0.10451583865367445,216,0,0,0.011886201941597063,0,1.4580909448718842,-7.135397695048823
Lightning,1496.7136073042639,1044.6360781555995,640.1145425625145,207.1162866614759,12.054352401290089,0.8222135315975174,35,25,0.15067525010550425,329,0,0,0.012605395348791015,0,0.8954221214999336,-0.18225799602896586
Lightning,1486.170971696265,1128.9826598134823,390.16628861427307,258.7392887636088,14.480869042687118,0.8082533723837696,40,25,0.1911768019070681,427,0,0,0.017825292351653532,0,1.5206499164380318,-2.927284161769876
Lightning,1372.1465834300034,717.8407632745802,657.6515710912645,221.1236725980416,24.733045858796686,0.8102096648607403,45,25,0.1374688783872609,297,0,0,-0.007240842977567663,0,-1.0402780513379142,-2.754700725841076
Lightning,1482.7574422582984,890.2691569528542,640.4130043461919,205.30408386373892,15.850504925474524,0.805605452817399,40,25,0.07622281244979862,124,0,0,-0.0015723826235256588,0,-0.8140492795780148,-2.85310547041513
Lightning,1374.6722836629488,896.2884847307578,376.7634750343859,184.81800022535026,29.194104303140193,0.8589139812858776,50,25,0.16460514458544812,364,0,0,-0.0001690620078811378,0,-0.18593596065728946,-2.9122259080459116
Lightning,1461.9759988971055,751.5557350008748,481.2286237254739,217.0836459682323,26.90435932762921,0.8151469190348871,50,25,0.12213410736383848,259,0,0,-0.021456936890380085,0,-0.259919330352794,-10.458012661187468
Lightning,1391.7720347293653,953.2450680853799,719.4763072766364,232.99802017398179,15.79214394139126,0.8332330808276311,40,25,0.1566198936024028,346,0,0,0.012248504300977459,0,-0.5189840448137133,0.877688787976922
Lightning,1480.5649837246165,664.7591236629523,709.236466512084,188.65513485623524,29.76799399871379,0.8326497415150516,45,25,0.24601548515259303,530,0,0,-0.009445932472744278,0,-0.1474799869531367,-5.596744394724965
Lightning,1492.304367700126,656.5770755056292,448.4924244694412,328.2919910689816,11.119695901405066,0.7995893053151667,50,25,0.3487279096955971,649,0,0,0.005111525523687321,0,-0.08917828078210732,12.196969025302906
Lightning,1499.3804526049644,744.2240550997667,472.31330554932356,110.84167308406904,11.951838284730911,0.8053185044811108,50,25,0.07065263132709226,114,0,0,0.007798206291795173,0,0.4023233673217774,12.426140644511861
Lightning,1465.6595417414792,1181.2188701471314,745.8620530553162,316.4306808449328,15.748435637447983,0.8346183770662174,30,25,0.4348414685659203,695,0,0,0.014457556722206055,0,1.2091609347156762,-9.582226855535964
Lightning,1393.5744137736037,758.1523826462217,379.6420827507973,131.38622497906908,26.933224479667842,0.8112243643752299,55,25,0.11249182150609688,236,0,0,-0.004263072075026519,0,0.020794448409837685,2.8197743963708035
Lightning,1439.4766106153838,776.3439933769405,466.31995951756835,314.4019809970632,9.446379428263754,0.8342633104044944,50,25,0.31699161480733845,618,0,0,0.0007101100071322808,0,0.3238593410090971,12.430679341789983
Lightning,1421.6292086988688,1007.4186152196489,733.9647190645337,185.26755132013932,10.629277033731341,0.8553802133840509,40,25,0.1904352442070049,424,0,0,0.01772101512189428,0,-0.16384058074972785,-3.767975905577032
Lightning,1493.995524442289,971.5074872830883,536.9009629823267,217.39709160290658,25.85672427387908,0.7937083262996748,35,25,0.13338617485667545,286,0,0,-0.008262183804092382,0,-0.8348897442454373,-21.77635054802613
Lightning,1447.6127420319244,967.6438347087242,508.4078285843134,258.3134333672933,27.94895646814257,0.8471410967665725,40,25,0.2142366285608607,478,0,0,-0.007713560506253492,0,-0.904523206805159,-10.849210259916163
Lightning,1464.6777313551866,1190.174813894555,525.7181639783084,187.07698937039822,19.85789046762511,0.8546676516532898,40,25,0.09467855113585169,187,0,0,0.011474813923990856,0,1.1128303404426774,-3.7214429197563277
Lightning,1489.8794818203896,946.1782132158987,376.9522314891219,303.46663736971095,17.995463397353888,0.808788559625391,40,25,0.2336716019054687,511,0,0,-0.00963118870212143,0,0.29041682038349137,-5.821764595817967
Lightning,1354.515347268898,789.8994865594432,470.805870462209,133.7239359691739,20.631175252143294,0.8478456747857854,60,25,0.023661551995114802,13,0,0,-0.009270627373402895,0,-1.3617811115951,1.674388175450531
Lightning,1452.0514244679362,1175.131645228248,660.903219692409,252.61606018291786,12.980180881917477,0.8497417198331095,35,25,0.24652675330155208,532,0,0,0.01145147752515796,0,0.5777043151178702,-4.893519813321518
Lightning,1482.379445352126,1170.6347543513402,391.8035981245339,97.87214307114482,24.540699167642742,0.81060391434934,40,25,0.15340190308105547,334,0,0,-0.009736501639905804,0,0.987499840597799,-1.4490107676754178
Lightning,1466.9640003936365,765.3834596392699,538.6770695447922,201.00702145835385,9.884076449088752,0.8521883654571138,50,25,0.11211365399243214,234,0,0,0.014462329884163516,0,-1.3090560625131502,15.009696311108883
Lightning,1388.2330079446547,959.4901797361672,531.4581698738039,176.64773906115443,20.04524299269542,0.794091537380591,45,25,0.020861714655950818,8,0,0,0.0033247230831614516,0,0.3183139495413272,-10.207810052583454
Lightning,1365.1737766340375,669.1685244790278,560.2477760985494,313.71101688826457,20.26745799742639,0.8527348322537728,50,25,0.24994010129327437,540,0,0,-0.007084697876532653,0,-0.32661210234427074,4.034372549459022
Lightning,1391.369795857463,1227.7259715134278,643.0323512293398,185.53575376980007,26.441338930744678,0.7991547055961564,35,25,0.22020797598598416,487,0,0,0.0002535412745747756,0,1.8412261623892263,-20.148414908651603
Lightning,1441.6739317355677,975.4068146110512,707.8674722462893,235.41746484814212,13.693014533258975,0.7906664900365286,35,25,0.18553866273056285,417,0,0,0.016092843280591795,0,1.19689869401315,5.602363453933322
Lightning,1441.508211416658,994.4135372992605,532.5336824171245,312.5953458203003,14.777630511205643,0.8110641453787685,40,25,0.2554050305466594,552,0,0,-0.0016923468308587264,0,1.0716024568368283,0.9675755099638081
Lightning,1353.9526732172817,854.7878309036605,699.3409832939506,139.15284511866048,25.471355576068163,0.8578801144682803,45,25,0.12324096487284451,262,0,0,0.0002632157658570833,0,-0.023357951915762953,-15.536928423125346
Lightning,1379.2821819079109,1073.4186653746292,508.41654585674405,327.13711626827717,27.137663359288126,0.8036710460437462,35,25,0.3923847695977895,682,0,0,-0.009340367452336906,0,1.3722413397132058,-22.585261351022382
Lightning,1389.2664728919044,1081.8692368571647,623.7992949783802,246.18817340349779,23.694927631877363,0.7919407374947333,35,25,0.18512847950345526,414,0,0,0.01387826502108891,0,1.0474998796134898,-17.282790234479762
Lightning,1486.7423154297285,1198.0037471279502,682.6968207024038,248.69178612250835,8.379505404736847,0.8390869113709778,35,25,0.34168828854263905,642,0,0,0.014792737845404469,0,-0.30017654788899506,-13.22858826959282
Lightning,1436.1300685442984,763.6002083658241,713.2457265630364,134.6465796069242,21.810474367812276,0.8505836576898582,45,25,0.09306149077586111,184,0,0,0.002575074863756077,0,-0.10373028219378,-7.016600680395186
Lightning,1367.5529490807094,851.2413093121722,715.4320158995688,92.93276180513203,26.863739893306047,0.7958526384318247,45,25,0.1813775251554251,403,0,0,0.0008764047355998006,0,0.23656515754061047,-5.258062411353194
Lightning,1481.7680686712265,946.2990666157566,569.8786305263638,312.4400530778803,15.776247767731547,0.8536652505886742,40,25,0.24932798064052877,537,0,0,0.013176396320677686,0,0.28894188098733053,-5.487883125951612
Lightning,1421.1980214924552,1129.2513409862295,406.4918682910502,218.43396841548383,17.70585232647136,0.8060275027202443,40,25,0.10893759937890157,225,0,0,-0.0055007666818891465,0,0.9496402384037523,-2.7740913937168443
Lightning,1408.8293821318075,655.0469522015192,707.8814867883921,315.1397734018974,15.94981321040541,0.85372400830267,45,25,0.32361332894077455,627,0,0,0.014231915311936794,0,0.004978853492602298,2.296757471549199
Lightning,1359.4007961801253,797.9116491507739,713.8442303054035,274.9226817814633,28.760016943793744,0.848535475358367,40,25,0.33014205314137496,635,0,0,-0.010702970314928617,0,-0.5367169693918044,-22.51962100622268
Lightning,1355.3545727860183,624.5996528188698,436.4938532933593,127.23769874544814,20.277870904654264,0.84173975240672,65,25,0.06923391406339917,110,0,0,-0.0206070705808461,0,-1.444581582114985,4.364193409270911
Lightning,1380.6441679713316,899.4449323741719,398.92572360113263,195.31522776931524,20.189734714571387,0.8134476688085124,50,25,0.038261960924825346,33,0,0,0.0004037759916590833,0,0.4752033084403209,3.702376185166713
Lightning,1379.7094073379412,975.5239910562523,734.4043634831905,309.7212792909704,18.68573402520269,0.8110693506314419,35,25,0.32695732147616213,633,0,0,0.017818766469144265,0,0.3523101647451199,-6.535241979762532
Lightning,1380.336956481915,850.8924402296543,560.7799678109586,217.71732815075666,29.52982756635174,0.8518016542028636,45,25,0.1827789020735288,406,0,0,-0.00868998104212726,0,-1.0541069758816093,-14.145365438614363
Lightning,1381.0130051337183,850.3817259683274,624.3763769045472,100.74639411875978,25.66050192154944,0.8477641988103278,45,25,0.10507511414562128,219,0,0,0.00626988222380187,0,-0.6224632296016068,-6.596385486780491
Lightning,1477.0970167242922,1021.0838596569374,359.19362837448716,279.18577023781836,8.28354460792616,0.8099881935724988,40,25,0.3118143718771145,611,0,0,-0.0035003120020751233,0,-0.35821075018768767,9.421904487293887
Lightning,1355.8382585411891,871.7366980039515,615.0395136326551,199.28536527557299,10.785403837449849,0.8266419028560631,45,25,0.1115846161889108,232,0,0,0.006218401539936025,0,-0.36898660120243676,3.050178925214823
Lightning,1475.1710350974463,827.9583484400064,641.3115593604743,247.35730168875307,27.501720912288874,0.8510750733129681,40,25,0.21098283301191165,468,0,0,-0.014431988917952943,0,0.676085095539463,-22.740469313129324
Lightning,1477.3297032807022,1075.6418628501706,580.8953000232577,263.5615013842471,9.505557425320148,0.7937127886177041,35,25,0.25992404295330923,557,0,0,0.010486306887505847,0,-0.43809206881633855,-3.3911128183658548
Lightning,1420.893479429651,835.1172886556014,508.9807060547173,238.85807340964675,11.842008321080357,0.8221177235385403,50,25,0.11397850450191946,238,0,0,-0.00016935725668543178,0,0.7207248679339813,10.047706063331589
Lightning,1413.4752867277712,1193.8865366275422,528.9687028154731,314.05069654108956,11.931580428034067,0.8253355825715699,35,25,0.36150672098060505,658,0,0,0.01620779319654808,0,0.20247212686540195,1.6410422243127414
Lightning,1453.9099907618947,655.3936012787744,588.5309134609997,306.97241231799126,13.59949258947745,0.798259985218756,45,25,0.2658287130067805,566,0,0,0.01170936373842757,0,-1.2801063145936524,0.5268542415826687
Lightning,1448.2032293686643,668.3586449478753,581.9544889032841,167.54308003699407,25.979770227335393,0.8416445708810352,50,25,0.09540080792122278,189,0,0,-0.002693592409295009,0,-1.3137507814260587,-0.5201276105333363
Lightning,1471.9530451926403,1154.4910604134202,433.5562034510076,257.48529848176986,10.241567784454674,0.8434860926028341,40,25,0.2433809397080892,528,0,0,0.004802281455159818,0,1.6433065201079202,-0.7570605006389997
Lightning,1361.7710595019162,1068.986366072204,401.9572416320443,218.78422981360927,19.364979224279523,0.8002988749672659,45,25,0.08751401805489141,163,0,0,0.0004869598428682842,0,0.6862833916924131,-2.272362997884102
Lightning,1411.6186134167947,1067.6004064502195,731.5327593125403,149.13868454284966,19.25569984363392,0.793104564123787,35,25,0.13572284498706552,294,0,0,0.006492609964284135,0,0.5893937636564104,-6.036491056646355
Lightning,1394.7354150703177,1042.7805047133006,733.4166701883078,284.60773882223293,8.482246202416718,0.7965340961958282,35,25,0.38999686155746993,679,0,0,0.0048858769831923166,0,1.393407252908446,-3.981660391662217
Lightning,1426.3071866123937,839.226825768128,402.6805388741195,185.24789558257908,13.492219537030905,0.847013001088053,55,25,0.056104146494639705,72,0,0,-0.0042684883881858315,0,-0.18387806976808463,4.8067012818876265
Lightning,1456.6859726328403,1050.696455675643,424.66318886727095,104.29780206875876,17.504483461380005,0.8330406103120186,45,25,0.05396993575285683,64,0,0,0.00916959120627947,0,0.6224779787205961,2.920216771174637
Lightning,1441.8987305019982,685.79581619706,678.861288446933,286.6120752133429,10.069010487291962,0.7927836297219619,40,25,0.30813800456409635,605,0,0,0.01899134021454696,0,-1.0648726797064043,8.624949396432385
Lightning,1457.0166074903682,1050.6367711466737,488.4228304028511,302.62718429556116,14.420177469961345,0.8125803543976509,40,25,0.24319777675998103,527,0,0,0.019277141662896957,0,1.2262332107985543,1.797864592988617
Lightning,1455.6760824169032,671.4791643433273,601.9832364283502,136.90193048212677,29.54704246437177,0.8156184212584049,50,25,0.17254345663516357,388,0,0,-0.001993867533684357,0,-1.3309549190550598,-2.453519586692437
Lightning,1451.1193748563528,655.6528551853262,548.2901768758893,236.93220548564568,20.175062907859683,0.8083915471774527,50,25,0.09124030926273453,178,0,0,-0.004769510375693065,0,-0.542884985256471,-3.630395829525696
Lightning,1484.8417016328312,681.5558655420318,399.5603279210627,142.0374975260347,10.163613420445472,0.840343244005926,65,25,0.1347917340355339,291,0,0,0.0005867309318907665,0,0.07292497122508479,18.247299545105534
Lightning,1398.612208943814,1130.8437246247195,721.8000883236527,227.7775732637383,10.125535914674401,0.8436514007602819,35,25,0.2742135276794054,577,0,0,0.005742705010229221,0,0.3375104411127765,-6.25331695013756
Lightning,1373.5431236797012,831.1969860689715,452.5726997293532,153.40261922217906,12.732445590663701,0.800150938318111,55,25,0.04484987306651486,41,0,0,0.00532973723416319,0,-0.17386101130150422,8.699072586254715
Lightning,1428.3069561934099,910.5614697211422,524.6657025068998,281.80780411465093,25.086162065155804,0.7998795418511145,40,25,0.2035506359937448,453,0,0,-0.010789365744633406,0,0.6258779111804316,-13.693018329749748
Lightning,1432.8239090158604,827.7808908838779,467.4416425637901,232.82230114098638,16.784485034178942,0.8159159476123751,50,25,0.06125851497891512,85,0,0,0.005260842615902872,0,-1.1233079979606373,5.224306705186791
Lightning,1481.0320066753775,974.0599574404769,690.9863336011767,312.1029299055226,24.580782525241375,0.790720118007157,30,25,0.3639465255921607,662,0,0,0.013226701397636598,0,0.6494167125102024,-21.98310195667932
Lightning,1427.8501919587143,1146.7811908340082,636.2259444780648,289.1622124426067,11.580106033477932,0.8510554962744937,35,25,0.31587822377506086,617,0,0,0.016721936905363943,0,-0.08982945866245728,1.2958418093492128
Lightning,1418.464236636646,898.5571734723635,646.9958573579788,282.43498677155003,21.672815862111747,0.8314157448685728,40,25,0.19966762071604333,446,0,0,-0.0026807811446791785,0,-1.0944587901557767,-12.332356469647493
Lightning,1400.5954188178293,707.9777543433011,549.9953634105623,190.44259706977755,10.015601692255586,0.7982736726943404,55,25,0.11241257844096433,235,0,0,-0.0026648889210609816,0,0.2824550866416118,9.966984285390481
Lightning,1449.7610935941339,902.1415435126983,599.9444039538503,82.1365448483266,20.437097555026412,0.8504586046305486,45,25,0.06268134670248061,90,0,0,-0.012547070916264946,0,-0.7755034464185968,-4.306328980379021
Lightning,1419.601675181184,876.4283433789387,375.66585252061486,297.2462909948081,24.855091099161655,0.8081533146323636,45,25,0.24908748209428483,535,0,0,-0.0036510777071192546,0,-0.36132499698191367,-2.7897333513767535
Lightning,1480.0304258940741,730.3099619806744,745.6369627267122,148.63116862950847,17.23824226949364,0.8422044864180498,45,25,0.10887731181130289,224,0,0,0.014466536111651829,0,0.10977600826762313,0.8693707800068751
Lightning,1444.288519991096,747.9762924369425,375.6078670732677,223.35457503329962,15.306138071697205,0.8112140956148506,55,25,0.08833864701345429,167,0,0,0.0021131520937802684,0,-1.19814063176009,13.306960144339655
Lightning,1376.4081919100136,951.213248714339,680.0064107403159,89.54044592799619,18.540225613862276,0.7971063029789366,45,25,0.09060519649864658,177,0,0,0.0035592859539212984,0,0.7603003608168137,6.3850947060821
Lightning,1382.4953096103854,776.1041653109714,404.89749358966947,295.5903335660696,13.191652859095484,0.8509915769053623,50,25,0.22346908583184583,493,0,0,0.0038839946207325227,0,0.5087970764754317,5.492393523970122
Lightning,1355.5733412969857,1039.107764873188,661.2429080531001,139.9714222480543,29.175830349326134,0.8161090692714789,35,25,0.21390011190259797,477,0,0,0.010748963630673014,0,0.3299157916814366,-24.106265524969785
Lightning,1351.3758850400336,731.9779840996489,539.1862464137375,162.02438475564122,25.428609168622643,0.8436769450223074,50,25,0.06813103267407908,108,0,0,-0.01010560491848378,0,-0.700509318151461,-7.881227610908127
Lightning,1397.1637268783525,764.2003374290653,639.2943367362022,173.92688510706648,26.25558530818671,0.8578637428185902,45,25,0.11045683306845905,231,0,0,-0.010515441060355624,0,0.08561789144035004,-1.9387307584422615
Lightning,1482.8241514856927,1060.034980531782,491.177751775831,324.81365887913853,9.281525631900877,0.8429643393028527,40,25,0.3821288031448868,675,0,0,0.012179340754122858,0,1.4464019222613302,1.8816909652261984
Lightning,1406.9719456136227,873.7917485064827,450.69349873811007,167.75890112156048,25.06375956349075,0.8013938199472614,50,25,0.05506867250482968,68,0,0,-0.018741762038868792,0,0.24654543676012963,-2.773197844971264
Lightning,1457.4546410352923,911.0443519661203,352.0926699973643,202.47159495018423,15.972927477676421,0.841874056016095,50,25,0.06690506201574035,101,0,0,0.004573372497437944,0,0.1517079957857419,16.011969543461873
Lightning,1457.5972818536684,820.9465843276121,729.5212928205729,313.974595728796,18.82157712522894,0.8054568498837762,35,25,0.3256018372959942,631,0,0,0.008156742819444451,0,0.8475283184644482,-6.152387727012865
Lightning,1351.4524117461406,864.6450757514685,502.7134741656482,261.25797796528786,29.54149043140933,0.8108531177788973,45,25,0.2416344124541635,522,0,0,-0.01677564657588504,0,0.7168980044001714,-9.498284819175524
Lightning,1484.6002049278468,779.9101204494946,532.575616799295,188.11252222629264,12.846662741154432,0.8488404583581723,50,25,0.05434448489545853,65,0,0,-0.002676686319867949,0,-0.042119527418549296,4.570900071720416
Lightning,1466.6645981487818,1144.4564535049722,554.1320283897221,179.36411958187819,18.574433671776205,0.810366845834069,35,25,0.08629232571502868,156,0,0,-0.005221450065139299,0,0.8816729140652484,-11.641406431171845
Lightning,1424.03317282442,610.424975969363,587.8889761865139,231.57127886777744,29.293745479546487,0.8500976648344659,50,25,0.23070528641904514,505,0,0,-0.014816949142187896,0,-0.5658219906915747,-4.64569154943365
Lightning,1437.2233932721429,1051.0848745703697,691.1005704663694,155.92670165468007,25.783809961285442,0.8137659674417228,35,25,0.1628284901355889,361,0,0,0.0012005237750547515,0,-0.22388874410607684,-23.2714754529502
Lightning,1413.3190616033971,801.1775589897297,460.6594229117036,248.9683078438975,10.783515388146043,0.8350066565279849,50,25,0.15023162195705023,327,0,0,-0.001262292730327852,0,-0.8658013072555804,9.128299949473558
Lightning,1358.003594877664,1116.4204049156979,582.5762980617583,303.09902333654463,26.55359045462683,0.7974613099405542,35,25,0.3410655707654077,640,0,0,-0.004115302031410417,0,0.475068223712249,-16.211658122217614
Switching,1031.5097128972411,1207.838730176445,482.7945413067937,285.184924940113,29.665858259424567,0.8597224311647006,12630,1200,1.61171134648373,1360,0,0,3.083893298707352,0,36.85096307628646,-11.535571186875131
Switching,951.1921946541406,1133.9398104930297,514.003133866936,211.76690670661628,18.507448483724147,0.8023482110770419,13415,1200,1.379246655027402,913,0,0,1.2255416742465286,0,63.941753617474205,-4.34700602303576
Switching,1093.2033142773435,955.7999944896437,589.5520348101854,108.2310081529431,10.451923833228648,0.8145381828281097,12935,1200,1.340326996703053,802,0,0,4.365247897273548,0,-19.49563542949727,7.969322025083102
Switching,1085.1878991699778,1134.196446975693,592.6747064106166,211.32207549642771,24.432476240675896,0.7986163841560483,11035,1195,1.3183903409385993,759,0,0,1.219133142358345,0,34.74989914968819,-10.71499341975732
Switching,1000.0206758733839,820.6461409921758,578.4794976934791,286.45339210750535,20.45329699292779,0.8261793362372555,12685,1200,1.4255923262421542,1050,0,0,-2.4046149441555826,0,29.32763474989133,-4.794997721071923
Switching,1099.187308375258,1206.1619297368452,497.40886436775327,226.4930772781372,25.46565784001723,0.8514397957129405,11080,1195,1.3616145644097868,859,0,0,1.8298033324867333,0,50.13845288610855,-17.233704256428837
Switching,1067.857681424357,784.5266529475339,553.3487237989902,285.56793961441144,10.965923084877431,0.835552025937941,13175,1200,1.469954035930611,1159,0,0,2.2207865619631946,0,-10.815084894937627,6.566465981044757
Switching,1053.2479654881172,1055.711984820664,746.9094141386449,165.6226981850341,23.902782463934273,0.8160090587195009,10865,1195,1.3476415549918646,825,0,0,2.427235772578655,0,25.83096469993916,-11.642794800769707
Switching,1089.169078785926,800.5308048217557,375.440070964396,160.3432502434589,21.871306823566556,0.8224036125768908,16005,1200,1.373704420071041,901,0,0,-2.5413306007850167,0,23.93186584667592,-2.2472812741784765
Switching,957.216496730689,923.4003325225785,468.1146630086005,144.91973740048707,15.472391427028924,0.7948795432085172,13920,1200,1.3283432132308814,772,0,0,0.7291954835627337,0,31.856175127075858,5.146884463726451
Switching,1077.4069374194369,1110.9792310395278,662.6093860715628,225.48622322035953,9.295611870475113,0.8267251754249446,10700,1195,1.4035564747923113,986,0,0,3.813941531578081,0,35.89576796350275,-2.2248317881574167
Switching,1038.39132724097,640.6725431326777,668.9551400952041,141.87134922947735,27.06020063115284,0.8143379343487323,14735,1200,1.4600947786254217,1133,0,0,-3.832526572286696,0,-66.01608040252995,-9.632068013529988
Switching,998.4761652071029,705.3067117813043,539.4596664234996,108.55047798948362,11.818534582853317,0.82013187965611,15800,1200,1.4364618966377374,1073,0,0,-2.603324201187746,0,-3.3909381842036055,10.709431828741799
Switching,1041.4569729124196,614.0713782748207,481.9182020612061,104.82069889083505,28.489766916725785,0.8360426857834682,17810,1200,1.5786290823787783,1333,0,0,-0.6228559678669683,0,-12.254319415540522,-5.165575955456234
Switching,987.9093203227967,1019.5554961333983,421.16653975099325,191.87888198764995,8.445058789104223,0.8239640926220455,15280,1200,1.4975597464254402,1206,0,0,4.4680219415649844,0,23.015126480008348,8.919943612420184
Switching,969.8545474675484,1146.1456733522937,461.00363628938794,93.8261141255498,27.50360051030293,0.7958319780556485,12575,1200,1.4385965195118278,1080,0,0,-1.389159465305795,0,57.4884390478951,-14.54676882915362
Switching,1096.4431300992146,758.3338949014433,706.8338505923748,179.7402886277996,9.139175958000124,0.8283567722304724,13000,1200,1.4123151312981852,1014,0,0,-0.15924487109262486,0,-44.65165652041014,7.603738514471388
Switching,971.2971286731772,1200.2313036471605,420.2445982955396,320.25317013729364,27.099499927368015,0.8418957652430982,12855,1200,1.676997166074413,1388,0,0,2.8305460563528584,0,30.844985606892806,-15.423828236923214
Switching,1060.8208189718425,856.1403091414832,474.01102129369974,292.27880293736234,24.145914951339364,0.848156870410312,13180,1200,1.45457096977846,1114,0,0,-2.216032233522782,0,-25.424613687159308,-6.549535677309223
Switching,955.9361939900555,724.4164697127417,705.5032514967024,170.0779610965401,14.794586621690542,0.8042862517992035,15595,1200,1.4619300948437242,1140,0,0,3.921231011817383,0,-52.666152841001804,7.285841013538061
Switching,992.8178015863523,758.5814488702454,682.0768784731627,305.354831374716,13.254567329771817,0.8596120849321597,14290,1200,1.595763885766983,1347,0,0,-0.8257220341029097,0,5.360843473364184,4.1910678402900885
Switching,1027.5372057571076,1045.5665301997215,523.6153068952262,275.7106034969911,8.114648364018649,0.8290142249129713,11590,1195,1.4921296921320624,1194,0,0,3.9633509038925467,0,8.695600670651402,2.5335365110936436
Switching,1015.2858356479555,777.6324728387408,685.5668229982257,242.79894422041252,27.504801832139492,0.8582918007881382,14625,1200,1.530940101654548,1265,0,0,-3.3824789095171752,0,14.384961972039036,-10.325991256881025
Switching,1046.188332058955,681.5993878757581,580.4911253042519,289.2339056544006,19.072721822652966,0.8519988308241592,13785,1200,1.4614679946173568,1137,0,0,-3.2851059951321133,0,-23.8743913846979,8.366359606211972
Switching,1096.5801879065111,698.3028859016486,358.9843839406967,96.31629833718762,25.20458963792771,0.8178745314455591,18540,1200,1.5475026066253446,1297,0,0,-2.0789654694444835,0,-25.223242045629377,-1.6626198575731905
Switching,1061.275357462,815.7550704665482,542.069239076227,170.37534112576395,14.485983279999346,0.8043583882693202,13995,1200,1.3013976320658194,732,0,0,-0.440421877880965,0,25.34657810581666,7.272560598378959
Switching,1057.9779805615544,1178.5191417089663,551.7214151099324,100.57065587723628,23.839212393388152,0.8351900903251954,11680,1195,1.3315664743059012,779,0,0,-1.9027836587570732,0,68.20121387931204,-12.075685916936209
Switching,965.8761188969947,1172.9412697488442,608.7525398470461,183.63505850546062,26.020269964355975,0.85699609328527,12695,1200,1.4265156260493395,1053,0,0,0.7426127268675486,0,55.380435942438,-18.92580454898416
Switching,987.3006188310683,1241.2032460211776,526.3246664777398,148.68503062287346,8.846078785136342,0.842446941502858,13020,1200,1.4693036634297185,1157,0,0,1.972779191004065,0,37.6598928258104,0.006082951548478377
Switching,1084.664243052248,1183.1658684881404,701.1934795416892,93.10082455165684,26.392337903846055,0.8391364833200351,10815,1195,1.4066948933513301,997,0,0,-1.5765604218948681,0,61.911795696639274,-18.63432737372341
Switching,1016.3391770562157,617.7653379389085,690.047350153327,211.21322233928367,29.817953464575112,0.8287676459248178,14080,1200,1.5558114126619658,1312,0,0,-2.971875832503031,0,11.704780000493429,-8.545433395292662
Switching,1092.8026383160613,803.464031079784,546.7860060743988,155.74261107947677,10.52771721733734,0.8526649031229317,14200,1200,1.3497072141212507,832,0,0,0.9156303908457062,0,-25.97695532730131,6.50081686549629
Switching,972.9371689725667,715.241782728117,461.9013546034694,265.43658062117174,19.737039521336555,0.8119632895127871,17295,1200,1.5463531492659461,1294,0,0,0.31000749681004436,0,-56.95607255169216,3.5342382054653854
Switching,983.5958515410312,1120.8516334882006,392.26223351433873,229.16727738454938,27.483684903476387,0.8084782641148195,12275,1200,1.4566996887251886,1121,0,0,-0.37360637820574993,0,41.62774130555954,-5.095009313266587
Switching,1026.1154306354001,914.5505363238044,617.642192542553,89.35567630222067,13.818027342669666,0.8254965310893022,13190,1200,1.342592198404948,810,0,0,2.5127339922208307,0,-37.63674040715614,0.2883245516970874
Switching,972.8671024437062,1029.4563262723386,469.9585518799722,144.371999935247,17.874410500284284,0.816509258048609,15180,1200,1.367913017223752,877,0,0,3.4182296610823073,0,29.69975243994213,-0.6547107505277836
Switching,983.429904282093,802.9531697160564,459.70203150063753,247.75674239033833,16.856695858761668,0.8500339112174697,16520,1200,1.4753555462245789,1168,0,0,-1.0579621318779004,0,11.938338297370137,4.76563317217699
Switching,993.9193523139693,1229.7226244816557,660.7443139888346,188.54340880177915,10.336644169408828,0.808548665647395,10285,1195,1.4125024558973378,1016,0,0,4.53063714962056,0,-8.19736213062788,-2.300003414139269
Switching,1032.4529425008222,1117.947633995209,558.5661891847849,161.54999575344846,13.781468176282942,0.8202578906225972,11635,1195,1.292801178251,721,0,0,2.101791547357493,0,-5.379258429779384,0.4956831022800543
Switching,1079.3917455128394,1165.976471407339,405.0852204672992,93.14095023553818,29.93028661189601,0.8393696051090956,12850,1200,1.4817539368335573,1179,0,0,-0.7983376172269914,0,4.684966959161102,-12.492585561486976
Switching,1087.899601412937,684.2922815005295,573.5746776685119,164.2333555337973,15.492046069353819,0.8001089118071832,15040,1200,1.3385146651706838,797,0,0,-1.1820258534894492,0,-54.37834361348905,11.74078445146506
Switching,1079.2694628355093,1198.1580457417294,734.3276520259678,254.63482078164816,15.398913817945868,0.8415973555622622,9780,1195,1.4178844425726707,1033,0,0,0.8301760072693583,0,41.82649784537216,-0.9778852177344106
Switching,1045.9228104446083,1039.6838663029484,375.23206006735563,260.7567526702769,24.962482757866383,0.8275646502734162,12760,1200,1.437107912078093,1076,0,0,-1.6376525474397852,0,14.9037872980889,-3.8462166015394814
Switching,1075.4774744738825,1157.3049522703514,367.92122395709157,92.33397936448455,10.289642243180424,0.7961992168566212,13220,1200,1.434300344105276,1068,0,0,4.40515258734834,0,-4.0870775278999645,10.161085321906967
Switching,974.900672887452,1154.4421214726754,704.2698383331299,265.67415134748444,14.669402497820556,0.8421378459758125,11745,1195,1.4895936922044273,1190,0,0,2.482472923144286,0,65.18366887325965,-4.375159899288178
Switching,1066.8602541903965,600.0713513232768,731.2341905198991,289.6264526480809,10.649771524127573,0.828626298615709,13195,1200,1.598732318115171,1351,0,0,-0.02657976020498154,0,-40.50786388297092,9.319186365700943
Switching,1067.0015899464488,846.635170688387,541.3441659882665,106.44925523782149,8.492072066292167,0.826430673908908,14310,1200,1.4139263304290681,1021,0,0,1.6856581876878067,0,22.62309274508152,9.83974049562039
Switching,1010.7908990816213,1062.3841371620074,386.52539858594537,288.4427874069661,11.49585046293214,0.795362342116423,12310,1200,1.5031819724992077,1216,0,0,5.0651050142953125,0,31.278638375812534,6.600492279868263
Switching,993.1523873237893,655.9880806715228,727.4916607886553,80.68839098094031,21.465279773809016,0.8154831654462033,14605,1200,1.4719493958978314,1163,0,0,-0.7197455623764313,0,-25.097086360793583,2.447405844496757
Switching,1027.5419725454412,978.1327181961387,513.8151447288692,141.37938133906573,14.489155340474099,0.8042755392566323,13095,1200,1.2895654487426855,716,0,0,-0.23634902869767416,0,36.0677088209186,5.264481956568488
Switching,1091.9552785810083,797.1244114334695,728.0833711847663,153.6553201568313,23.91049176827073,0.8361493334942498,12740,1200,1.3455949119224977,818,0,0,1.9509411299090402,0,-37.12921013968071,-10.422730564644326
Switching,995.2067753416486,786.921598832123,551.6862903721631,309.3180711567402,27.484006623271853,0.8323757631285117,15140,1200,1.6402059350468965,1372,0,0,-1.3432784438022338,0,20.714112252612722,-4.074054955903421
Switching,1088.0231121787801,1060.2415130590089,447.2115255892277,273.1616239598952,22.180217727087438,0.841245331519749,12010,1200,1.3807732325658477,919,0,0,-0.9478985872060264,0,39.258267650743164,-2.436178469301467
Switching,1087.0535287889652,861.8098089471459,673.4965725801885,221.8132671387866,11.300104015972465,0.8499158062692732,12170,1200,1.3632169294713368,864,0,0,4.748088565968402,0,-7.204453758465206,2.534325940762983
Switching,979.6681036241353,754.2456918745302,666.1302367225289,315.4423478827812,28.515139000490308,0.8120763662387618,12320,1200,1.6404553836188662,1373,0,0,-0.3387506982505215,0,19.899723541465846,-9.060966809874571
Switching,982.2277940460481,1051.9436744274572,379.6126433648169,254.765006871894,10.823078066576272,0.8574935649568215,14795,1200,1.5335016383640574,1271,0,0,4.302934147464072,0,34.380883240597086,-1.7083088771327084
Switching,954.7066789120436,903.8804827607237,635.5455236509442,178.23892317945138,25.830759717151523,0.8298099133116194,14525,1200,1.4293826973475046,1059,0,0,-1.8176708796791559,0,-13.223851620487494,-3.9341433907737837
Switching,1077.0460265339352,1131.8152426043525,670.0862721540034,140.36520726047456,26.095636647660285,0.8052232249872759,11010,1195,1.3460755338560393,822,0,0,-1.3853270771788004,0,39.170327354557685,-20.251230421760965
Switching,1081.1620962573215,702.6259609148838,584.4837103039026,137.7004954102449,27.90029633883387,0.8025901136058383,15010,1200,1.426472571756565,1052,0,0,-1.5395016037056166,0,-10.566222178651515,1.6987720649417497
Switching,988.7010205886327,607.3904554825276,658.5269148461521,115.85092525463551,14.193128954153508,0.8446187974512578,18055,1200,1.5511678741625952,1303,0,0,1.2188933153605603,0,-48.18779174923611,8.083132181062524
Switching,1046.1372103076428,1143.3892753790133,618.9504211768508,326.3978666928597,27.19050544127822,0.8067463514604606,10240,1195,1.5918321498786463,1342,0,0,1.0043187284691442,0,2.6980236518302263,-21.34094449406757
Switching,1022.4178891745396,913.6832679389045,654.6216537244618,112.87056181579828,23.921262266580015,0.8290338279632852,12720,1200,1.3356784917043423,790,0,0,1.3749205417709334,0,39.01862188130508,-3.254643650713888
Switching,1085.8693011337891,746.8129704822786,358.08381363749504,207.70133785670623,19.300337589345872,0.8142435497208499,16295,1200,1.4115650571390335,1012,0,0,0.6485500382496241,0,-58.25157449603421,7.946792996586055
Switching,1077.0667174714617,874.3406500667334,703.2286225818098,309.6438600169495,8.449830131139606,0.8240216881316156,11330,1195,1.58188038311652,1336,0,0,3.1255938991167795,0,27.439415914710025,-4.362821161062584
Switching,968.0518212728202,787.2621271177195,562.667571939528,195.38114497670904,17.623622784391046,0.8406185397063383,16145,1200,1.408722634019746,1000,0,0,2.2648838898333565,0,20.49876987910193,4.573669379895819
Switching,1043.2675806456245,622.0322012202814,536.5725361742079,295.75160161592066,29.445312552619725,0.8220413696626202,14705,1200,1.6443032567325897,1377,0,0,-1.1913094365304175,0,-64.07784253931686,-5.303334199617211
Switching,1028.3077653264627,896.7909803264774,694.5982228964567,112.12119609816,16.179800902493298,0.8481977392802946,12555,1200,1.3241781848410183,766,0,0,-1.0679186516599941,0,-42.02173537442195,5.354053486788644
Switching,1019.6555546834134,806.1349530238658,433.76998929306865,164.9095213925466,15.049937121104449,0.7956636420451105,15225,1200,1.3540501439617127,842,0,0,0.30900637821932264,0,-3.469735370059425,11.224858923583952
Switching,955.1547082606703,713.4370820480399,665.3478128835559,87.91699375258759,16.187785677611828,0.8572907525510528,17010,1200,1.5117973621099803,1232,0,0,-1.6641848028827155,0,-13.138097840771934,2.7401696050458213
Switching,1059.024725027848,885.2944236015901,506.2397656030953,261.4173008315265,24.868155910167843,0.8422132148733363,12940,1200,1.3933633981843976,958,0,0,-0.7196547695870379,0,-40.436845808138514,-10.89296814932959
Switching,1008.4097215440124,717.7073872531764,437.5149389728904,141.38814968289807,22.86037688329816,0.8409891685866752,19245,1200,1.526680739517945,1259,0,0,-5.27788350869838,0,18.084825026846374,2.3073808053392213
Switching,1004.5513333869167,789.002898032777,474.48750184848905,238.40096585452557,23.55012776935473,0.8206052109552547,14240,1200,1.3991808289969445,974,0,0,-2.419979861228711,0,-1.9830810246376132,-7.003184995349216
Switching,980.6064045289531,863.93792378949,550.6399281322956,249.25099905347452,14.88305005338043,0.815720540562179,12855,1200,1.370582565397453,891,0,0,-0.9360106913582911,0,26.57352213683589,-1.7628428097972346
Switching,973.2541248085909,849.1979343816638,439.33589002117515,277.9779285611585,9.808862486388534,0.8028025267925114,13650,1200,1.5214207509747535,1249,0,0,1.9524783227597027,0,20.54754020488008,3.963460293061644
Switching,1000.005664024502,1091.0558474599384,681.0384223237634,220.21603210130706,21.186837079003453,0.812853166081477,10735,1195,1.342565082517944,809,0,0,-1.3983876578146806,0,36.991126877702754,-5.6751084871724515
Switching,1087.4742883839644,926.2242288561538,650.2959826029837,245.54338787682354,22.671594337094575,0.8178646064782515,11735,1195,1.336456063431679,792,0,0,1.6135375353249515,0,-22.609556532280294,-14.14923112578299
Switching,971.6903144260868,626.131205225829,440.96781872212887,269.30352543247864,8.85249909479171,0.825793079554569,18670,1200,1.732829927169308,1395,0,0,-0.9648803459253088,0,-4.7878378965879165,8.200572037281745
Switching,1005.4865447222255,713.8104862067848,351.8446343950927,164.05855053570122,18.370573952328414,0.8052774836309254,17390,1200,1.4609570613013396,1135,0,0,-2.1533933583562543,0,-37.91609144658378,14.776467831840705
Switching,975.2983645070344,1230.895492050331,456.0610828921199,216.51762186782435,12.712974950671196,0.8594376498297789,13110,1200,1.444678602758101,1096,0,0,0.740985192365514,0,12.049655244283713,2.056992557418994
Switching,996.581160754431,998.7315160920843,737.8568363375962,264.33251651003957,20.413356280419976,0.8315423319255933,12470,1200,1.466904267194233,1146,0,0,0.8571769740454727,0,20.70524756138275,-4.88628828193805
Switching,951.1530642630532,988.711503345985,607.5699433684349,145.25783328106627,17.14840608369559,0.8403680507442914,14325,1200,1.3598364086343473,854,0,0,1.2796571173228983,0,-10.4278812372836,2.702634757435817
Switching,1070.1997491414659,1132.3495424352586,365.7330653630197,189.40660594496876,15.900423725601286,0.7963488468993456,12675,1200,1.3306679213815222,777,0,0,-1.7415731450036276,0,21.50926779307838,7.4918739355189246
Switching,963.8274915516376,993.4024708694778,473.85735381394625,177.67771750921384,13.434353528544307,0.8361382587742993,15170,1200,1.3983365204569367,970,0,0,1.9961938952216371,0,-9.878783670245866,3.747991093005112
Switching,1007.6917647034861,686.8974866578355,745.3374252654612,281.3857380952686,21.61536177666858,0.8321743784891442,12480,1200,1.5122411968405283,1233,0,0,1.56244944574172,0,-7.880080800304313,-3.6177875780596196
Switching,1070.2493279241025,1241.2166050984524,610.3358054533601,299.3746520788409,21.355630272999406,0.8080525537137874,9945,1195,1.4671763673954645,1147,0,0,2.6152668569432933,0,31.690196184291835,-17.519900100902078
Switching,1032.8006455325522,729.6328249620274,738.5625236667693,160.70851140655577,20.669007160235196,0.8037991823861376,13130,1200,1.3639185656764206,869,0,0,-3.2408737191167063,0,2.406458141557323,-2.4068928806923395
Switching,1050.6331734126434,1113.0011299275793,540.2996223419905,188.31624426646158,21.68440701533109,0.8306658298592083,11610,1195,1.2791239417212366,708,0,0,-1.8231960493187955,0,55.963611067591046,-8.937311630739941
Switching,1025.0413063331507,668.6156623531133,650.8138450793922,242.44247776921839,18.940670527052134,0.8498262536339463,13690,1200,1.405224093728326,994,0,0,-0.5419994898926461,0,6.990188452455641,5.928945694778349
Switching,972.3211287055165,652.7312314021401,661.6269720718265,192.57190379546955,13.032028950750828,0.8383087306679227,16555,1200,1.507487184867061,1224,0,0,-1.7133200633640797,0,-38.38802054407506,3.053846873991688
Switching,1049.1433161427267,659.4215616350994,521.2768283672631,240.7282548211515,8.648838995490223,0.8279351119836793,15045,1200,1.5114398587524787,1231,0,0,0.8642336657942735,0,-51.435456842526946,10.408821215421312
Switching,1085.2314564632252,710.4117985931225,597.6907074451447,248.27332408865914,26.814018833450973,0.8023844171292149,13740,1200,1.4434746438593118,1093,0,0,-2.254008095570299,0,8.536689216809009,-10.536638665666032
Switching,977.3419239441864,605.9080355800688,581.6111362539232,218.1251566344872,15.512033147271723,0.8159889568481594,17750,1200,1.5321835429431645,1269,0,0,1.4708780263717642,0,-71.37893010865218,6.208495072924279
Switching,1030.1513573154807,918.2649013004266,527.4038614705205,115.58837954187766,12.969706466421485,0.8149757315334865,13700,1200,1.325455423540851,769,0,0,0.2689527451682636,0,40.78433005876968,8.238693600279476
Switching,954.0815819636919,1166.0560105228797,678.836786840111,296.90139058046043,16.463218201417476,0.8074052130850032,11650,1195,1.5396055712741052,1281,0,0,3.376829931646114,0,41.553044751513426,-1.9729523265685884
Switching,1065.0266236392781,929.8679164261557,563.5590333491564,107.75793353794143,15.333852694369853,0.8038396089407616,13355,1200,1.2918703024984888,718,0,0,-0.31291929707148824,0,37.82551990139564,4.812403387432369
Switching,1026.2793695903383,1046.6693998780102,618.477616738528,204.64305467437953,11.484700101893395,0.8206428166106343,11440,1195,1.3402018636353206,801,0,0,3.3094621690780173,0,30.952326555183845,-3.7331345721686375
Switching,981.8083917256445,1027.4717385764234,410.9834482893348,185.4318713140674,11.926211629062891,0.8110170587175526,13170,1200,1.3694550247088846,885,0,0,0.7457068495547787,0,-0.33436601450375747,10.077910995312322
Switching,1062.0367510360666,853.1901866896078,595.5038164742291,164.0899720788002,22.94164831424132,0.8420346843404696,13260,1200,1.2922635910087346,719,0,0,-2.206726304285297,0,-14.411132493773948,-5.242160263379219
Switching,1086.8777554947883,1169.2923530819826,539.2049042508006,322.29703313903883,10.473042160272598,0.8017578463838436,10530,1195,1.5513530755123013,1304,0,0,1.9116039740392807,0,3.5125831539212413,-4.575829059279158
Switching,1097.0540561829694,982.5386630138382,424.767563957721,188.63994667306542,27.03026201436296,0.802959395623766,13400,1200,1.3599253006629288,856,0,0,0.18372877933896348,0,53.519964412031186,-12.190892428229972
Switching,950.6654084892944,706.0619672876783,565.1038184762001,191.17267882218584,9.076547305099666,0.7934889158955776,17060,1200,1.5551113929311522,1310,0,0,3.2672999266756335,0,-32.268789569354794,10.017622882433443
Switching,1023.061500384938,943.7998841516674,599.6072224341333,302.7183530339971,14.652879839297384,0.834570915075019,11585,1195,1.4489200473398596,1105,0,0,4.301333642742634,0,-5.666584484386476,2.3484047351726076
Switching,1034.1749105602503,723.1121516204439,662.3816626146436,318.3692679577507,22.49926440231502,0.8513224144023843,12550,1200,1.5439244010291406,1289,0,0,-0.009645555422764573,0,-1.8104986668090532,-7.572687789189786
Switching,982.603392994497,1025.2488976577297,703.7341014482081,173.52516732178628,11.357489478308707,0.8357143820123747,13115,1200,1.422655706932533,1044,0,0,1.5336708038712459,0,38.333433052298005,-2.0446527635398297
Switching,1098.8664393080398,796.2974474416114,449.78272654116154,165.82694752840325,21.978950359858572,0.8458130331593566,15145,1200,1.3237890027815786,765,0,0,-2.555033611195171,0,-40.116629275599735,-0.21303280545021153
Switching,974.4575273594819,821.5990293305367,643.9942116849124,86.0200112638995,9.607411127071828,0.812908405661583,16080,1200,1.5314686565660298,1266,0,0,1.7049321854140373,0,-8.421838305004712,2.5368917503009243
Switching,967.2128099482507,1197.5203339825384,711.4562874659896,280.82594716222957,18.447113897651434,0.8073535843589343,11395,1195,1.5188806950369507,1245,0,0,4.985767341914851,0,8.646123252204234,-7.432856382846126
Switching,1031.6682044533081,1048.1873008189723,639.4399275071919,136.1006860807538,12.709369274321944,0.8029972058860585,11725,1195,1.3144769307438913,753,0,0,4.654350895545349,0,38.15407555343245,-3.7025166367009206
Switching,1057.386040710844,750.9057927061804,730.3374998271465,187.07935638492927,14.57391834910959,0.8174703769548797,12820,1200,1.3598545233302912,855,0,0,0.5554827786664589,0,23.991663223445812,5.158721273536003
Switching,1039.2409922438674,1024.7746501117945,521.0286258719862,278.6917230533436,21.14124767621979,0.7915328572969884,11720,1195,1.3815034916204654,921,0,0,3.2609209311424365,0,25.65448741528371,-3.531526397596508
Switching,1090.1782627217472,635.3908191784285,477.2228652611375,163.8912400067784,19.025456288829446,0.8435266430233606,16755,1200,1.3919209645994413,953,0,0,-1.9417646717917876,0,-30.84095030243998,6.181000554870707
Switching,986.0743930214085,1095.9680087165907,721.1711787618697,205.47236890532076,25.940482758451253,0.806726838783361,10575,1195,1.4092691037232135,1004,0,0,0.9072487882039297,0,39.69450674493555,-10.239992614093808
Switching,956.0426520183682,949.9646380892955,499.3290873244405,138.4411896415986,19.45805541239679,0.8118871391681023,15715,1200,1.3800247349106058,917,0,0,2.5114358550775364,0,48.56376820243395,-3.6149989025640252
Switching,1020.9511370048858,715.8440985018387,627.8479726053774,199.3925968836993,9.878345285076648,0.8087063469411806,13860,1200,1.424822639554476,1047,0,0,-1.0696857497871974,0,11.4727636174307,2.9773144365000235
Switching,1022.9887786088511,955.8710734010674,597.3212886601686,181.52141022263095,28.624367983080447,0.8323516939464025,12330,1200,1.384502896429926,934,0,0,-2.927250403949415,0,-30.58677834471746,-14.30364324386369
Switching,1094.884465856012,604.069754993543,388.38449819013476,112.04820200335234,16.136182847898453,0.8375630704686046,19360,1200,1.5378031477401648,1279,0,0,-4.11172114864894,0,-34.55584039843825,19.471392733016955
Switching,1003.0143262352794,846.0768892313354,680.7642897590995,282.39903387846425,13.357751864939928,0.8571888144337573,13790,1200,1.5153678276553921,1239,0,0,0.8240545777247519,0,-28.076649948891827,4.2944178456692725
Switching,1063.5309482109733,760.2512870682403,735.8778123743832,180.0435370951891,10.42883192980662,0.8048319078935311,12760,1200,1.4107799088458337,1010,0,0,-0.4223919735635491,0,19.94832496429126,10.107550560121581
Switching,955.743625597097,789.8312163655646,540.0708146393299,153.2279498479329,13.47691088821739,0.8291036082594656,16825,1200,1.4449226307989655,1098,0,0,-1.5953506180313184,0,24.813405848075945,5.435126466264364
Switching,1099.2839045706205,1148.8843014463782,500.9595169685781,320.2558197500184,19.210002550389618,0.8303730812575668,10855,1195,1.4685497269848844,1153,0,0,3.8596529934217187,0,25.256844775445188,-1.5473644763073935
Switching,1030.621285084635,729.8513581394218,587.1392020955682,220.49707172671333,25.365295263007283,0.819562758274842,13910,1200,1.3974502631402346,968,0,0,1.0551810483595148,0,26.480705029756336,-8.976712062061779
Switching,1020.5034117796458,1149.9117472441867,537.4004998244345,149.62341000325978,26.96863488899544,0.8223975926125422,11640,1195,1.3585953848167065,852,0,0,-1.5652418054155532,0,-11.519564241182707,-9.662557153127523
Switching,1024.717347486876,722.3550818511285,378.346111997962,146.5628730203025,19.020337876863778,0.82531176117016,17145,1200,1.4306466337778392,1062,0,0,-4.314406970455764,0,-23.143299221863344,13.127721768370293
Switching,1024.7429837821983,1035.4577912483364,709.028812032193,159.85942193772644,13.571974083315581,0.7943098563142121,11230,1195,1.3286635213098064,773,0,0,-0.2798049655486068,0,49.80007646465174,-5.042445970457152
Switching,997.3737247753888,966.7817834648304,689.4252179190516,239.5524366130121,14.914183512330055,0.8552411345974542,13160,1200,1.418906455399621,1037,0,0,2.524656414261216,0,24.6536177416815,-0.7713079393458884
Switching,958.8376720552333,866.4477100363001,582.6106798835099,321.4751802571118,10.942232674453408,0.8060234453296289,14090,1200,1.6316548022147959,1368,0,0,2.9483229865439853,0,-36.282147141204405,3.892571302651504
Switching,986.7768749129027,656.8732463638298,623.1371914967895,191.31461412878707,9.504774700850248,0.8482349986978807,16960,1200,1.5550022469862705,1309,0,0,-1.5281189523796286,0,-53.22152195555236,14.068265719369151
Switching,964.5059332367964,703.7017560331151,546.249355841428,113.4119638428092,17.515655177179724,0.850859560626559,18300,1200,1.4948137793788536,1198,0,0,-1.6204962299549095,0,-53.696255734682836,6.041282484133831
Switching,977.9170211637393,1098.6053324420936,592.7245281636715,292.29301526909694,15.942685238085687,0.8324436090304517,12580,1200,1.487526796255631,1189,0,0,4.29608898918147,0,12.573292455130286,0.1426950667547544
Switching,1041.672147612553,1106.6315837204456,467.1301274560392,154.89434548188,14.109859318938106,0.8306520254444332,12370,1200,1.2978701912603074,724,0,0,3.8285059301570357,0,14.498164659897611,-0.7901603153338783
Switching,1084.619631525129,1152.8230994357727,702.6353919878602,155.17236383864656,15.738325441256166,0.8388364619319327,10635,1195,1.3049720493268138,739,0,0,5.603925876951479,0,16.102598587719058,-1.612731135702461
Switching,1027.7653367840685,741.3563559995964,621.9473295845091,94.50240262784064,23.026096769142896,0.7992850322136655,14670,1200,1.3877130983213748,941,0,0,-2.6001376235743976,0,-36.311317745678934,-2.7297598256161564
Switching,1036.3479181891307,1050.3804878913797,371.5702038258314,228.71898823184893,10.895517815835774,0.8440460436861031,12955,1200,1.4186587532161825,1036,0,0,0.2204344392399662,0,2.833021704422663,4.0617401300671645
Switching,1044.0106417401694,1028.3619225490838,646.969351451844,207.59535608347505,27.280961878132075,0.8035662965290249,11360,1195,1.3737586274742433,902,0,0,-1.6288476806089136,0,2.57325339074805,-19.398591291616412
Switching,956.4096859190613,894.0800262498669,601.7770720645785,158.31592607544735,19.07635999470949,0.8005435566068627,15085,1200,1.3689389651179464,881,0,0,1.5298771600975556,0,26.97367025391668,-1.0812913997909845
Switching,1045.0661997427233,606.6601268714294,566.0768297500908,192.16684943065047,15.397768108639866,0.793673501922749,15670,1200,1.4045442548972296,991,0,0,-2.3588186332561634,0,-22.76162681151436,8.708629961955921
Switching,1022.8371347533539,1107.587263372261,591.8516278266907,189.52213214477524,19.97022421937436,0.7984707938856446,11320,1195,1.2825883457558025,712,0,0,2.039592478917939,0,46.86633539730565,-10.120223151261257
Switching,1031.4292074064724,976.4299691654742,748.6888266168535,88.46975448075682,23.584278596099466,0.8107571250293404,11790,1195,1.3893126235375513,948,0,0,-0.3628789735271596,0,-18.87880654868468,-6.345352106304745
Switching,958.0195618793368,1235.4720626375638,742.9267527535558,140.97143847728148,11.753058334812522,0.823785338413436,11770,1195,1.482451423807431,1180,0,0,3.093490768645694,0,-1.80283824444723,-7.762979831371126
Switching,1005.0388526753522,737.1917587006465,728.8279236294329,232.5040443520993,17.102911074180156,0.8289748708577827,12590,1200,1.4018054405954392,979,0,0,3.3995140536441113,0,-59.757058108637466,4.742473037043169
Switching,1079.4613574631512,822.913373389747,556.9450775161386,173.4873372898437,14.082504587247968,0.8540868592192419,13770,1200,1.2966017733681188,723,0,0,-1.6797551805791784,0,-27.80633666445874,12.212367831654774
Switching,1022.6390681811608,1164.955918234773,628.9193340577185,266.84350815601647,29.949874014128,0.838480923944153,10380,1195,1.5341611062797267,1273,0,0,1.7329335335057294,0,18.400375887809787,-15.270363583014728
Switching,984.3772692373022,641.1121379234828,556.0438569635153,108.39961525751278,23.717108410783112,0.806134854152333,16380,1200,1.4594096652063233,1130,0,0,-0.9152989058621301,0,-17.382031929898858,6.7898188132732
Switching,963.3465231745504,846.5550290886313,450.4541146568954,129.76653621997684,25.8392324144952,0.8330443778075278,17485,1200,1.5012145074459133,1211,0,0,-2.7716461315092715,0,18.426405601031092,-5.146139949812323
Switching,1002.9227469582111,690.0935195269994,515.559914521873,274.46669361786917,28.434592366218567,0.7997105125174858,14450,1200,1.5631589647696638,1322,0,0,-0.22627361103215549,0,18.465892228090524,-6.1309788872732724
Switching,1090.1046157930978,1124.390541925095,577.8412622399628,312.16072702780366,20.599219432566315,0.7929256431525573,10615,1195,1.449698415682143,1109,0,0,3.961500370265952,0,67.34793192769939,-3.160050436632673
Switching,1067.2013216884807,1100.039428297896,370.20414620637894,80.55710127344355,18.385247121565044,0.8175498314551078,13790,1200,1.3708995349545725,892,0,0,1.1116815195923095,0,30.242571507392768,0.23619567540026765
Switching,1062.1697551454417,804.0725368075073,653.2453528605402,308.3733623335138,28.236056303139776,0.8498547063488514,12110,1200,1.5705557790972962,1328,0,0,-3.4789260762505307,0,-36.54587668958311,-8.040727037170427
Switching,1098.1735911220312,1172.7479113615118,547.2942786291242,175.9764575236477,9.933935774490237,0.8079407733422704,11280,1195,1.3414360441540856,805,0,0,3.6354993359051377,0,5.382305064921638,0.5339078856245578
Switching,1076.4303746283986,620.5336345592514,720.159335527569,306.49763501249254,11.074382286984473,0.8389037125604227,12985,1200,1.6098848323885786,1359,0,0,-0.5570255295400273,0,-66.37872370631521,2.873304358633959
Switching,983.5520979715511,778.907265572343,485.1821456104517,177.0933914068155,24.398661204613745,0.8368844253080897,17310,1200,1.4674254230127233,1150,0,0,-1.2259631398248416,0,-50.52281217204154,0.2228210059746516
Switching,1051.9367132685147,1219.9417050462216,639.2530734650791,246.58540617208928,19.63585193036124,0.8206341634690761,10155,1195,1.3657001733568406,872,0,0,4.080487757998924,0,31.15441281479616,-10.76737276192921
Switching,978.0404161196202,639.2240625689737,556.8872636184096,278.0635140207596,28.212931033223867,0.8034322756924667,14505,1200,1.5928072578478172,1344,0,0,-3.013844436742147,0,-8.991717304728354,0.002805722934795085
Switching,1064.548852678854,1095.8003501174971,584.5990826375782,162.78406504541636,26.030030908528715,0.8230639086989686,11605,1195,1.3188968694927348,760,0,0,0.22906962126191388,0,36.57699273316621,-6.538832668799614
Switching,990.60477190651,1004.5941443997435,363.32379411906004,256.7707609687932,22.072834484279156,0.7964064005226829,13165,1200,1.4276461092055772,1056,0,0,-0.1746657822058637,0,19.354370762840063,-2.1786132703407475
Switching,1092.2157070715912,752.6353236055002,728.7499246187508,87.93950958177447,14.265916480217129,0.8530723189702258,13625,1200,1.3953340804784804,963,0,0,0.29341356590683176,0,-42.246803149922016,12.609475610650179
Switching,1024.509050627239,1089.2571710166521,655.2496463060379,181.21546679874882,28.582335892133415,0.8213229279196822,11105,1195,1.4010357057672838,977,0,0,2.563035798595962,0,24.90056534957148,-17.65467692596917
Switching,1070.622683770489,635.1574991829693,682.1672088466585,278.58292082790285,11.987109122332186,0.8472897353116423,13400,1200,1.5173806840326822,1243,0,0,2.9025860238139956,0,-40.33153195311934,8.138407467410616
Switching,1070.0115302577615,720.5208175233565,699.0659983828664,314.61589362705126,14.983377343043685,0.8007081710663625,12330,1200,1.532257172003849,1270,0,0,-0.9533196916414681,0,-8.763689710128347,-2.4457864964817873
Switching,977.7009301469661,1146.7066571349278,689.6379680372775,319.48402400128543,25.957960490603,0.8325699156941846,11575,1195,1.6427587697912471,1376,0,0,-0.5550580472643389,0,29.448164826639186,-15.58342368806666
Switching,1017.7959258435294,811.7912190617062,677.6017654687166,219.43375292001292,10.340463639236987,0.8072855338337832,12515,1200,1.4115114645061908,1011,0,0,3.331148258379045,0,30.117435098927217,-0.7384080780108206
Switching,966.9480691081844,687.2841519769281,415.54681761190295,86.88290118705481,14.17015305487439,0.8192955097183585,20970,1200,1.661219902064078,1384,0,0,-3.5334263553760934,0,-17.832705534078286,18.000839068808887
Switching,985.8938866760582,1064.2285338486545,444.61453165858984,297.3351271194406,13.410722244530916,0.839755914809648,13815,1200,1.536080553162557,1276,0,0,2.750968186913923,0,16.027252394036623,4.8619514382047555
Switching,1093.7361108255573,1186.2224620534107,440.5191604979336,267.53438256680965,27.989993060473353,0.8357942539406941,11290,1195,1.4761726344381592,1171,0,0,0.18831533215970353,0,32.134608070913146,-12.254304878849553
Switching,981.2697550514713,922.5614001159556,730.2905805408955,125.6262644729577,18.286218195222318,0.8489746749191546,14030,1200,1.3979202477528392,969,0,0,3.0000086787458997,0,9.1986984145924,2.5619732604960745
Switching,1037.9561632755212,678.374326042831,675.2311541698873,255.82613800186664,13.400960424449295,0.7990490968432278,13290,1200,1.4490453567723867,1106,0,0,-1.3850651290665041,0,-20.028311154916082,6.009564351392555
Switching,1083.3955288864672,721.8964186846279,559.0801307931542,329.45979012409225,18.223250212147832,0.8369409524579533,13280,1200,1.5263197934914094,1258,0,0,1.9627852598653703,0,-11.13535945990543,3.8391034646704156
Switching,981.163722614292,1166.7772517772391,662.8976562060416,121.01471905596554,15.414318934548646,0.8104209885979071,10965,1195,1.3398159109354157,800,0,0,2.363413923296889,0,11.924075207506576,0.39497428029483217
Switching,1084.6837393939495,759.1412755078636,525.4208670929074,150.7656317972578,27.56102049164474,0.8244506602478214,14900,1200,1.3951760886961413,962,0,0,-5.215176970266413,0,-22.427434096289744,-5.81932826166053
Switching,963.0581303150393,685.6822924921289,393.91054967418313,268.8272555079311,29.69123723777011,0.8022713013039903,15860,1200,1.6624042643854495,1385,0,0,-1.9686486550693587,0,-30.636872456567744,-4.832427499445544
Switching,1008.3707087440416,770.6569444970228,690.9126702696085,178.06731826392934,13.451622896827757,0.8084413015353493,13045,1200,1.3618708478622905,860,0,0,2.1578586548113208,0,-9.493504473344274,3.2861926335896214
Switching,958.1258997670375,1244.453003956005,528.3717240206897,260.22045481484383,9.017955060582608,0.8563113553076983,12270,1200,1.5580447939713957,1313,0,0,1.8916542917132233,0,6.968741482402038,2.2787772315441543
Switching,1036.1633456777781,939.6228314260952,748.1068944558501,188.0758206662722,26.86821375414729,0.8303856008895674,11400,1195,1.4025405741510857,982,0,0,0.2948932680595817,0,29.15874471934285,-13.766699089278177
Switching,971.024257701356,1197.8290303377435,516.2566860206425,145.45356195420027,21.132135140243918,0.8295748497126625,13415,1200,1.3715616562568194,894,0,0,2.3544113681410295,0,6.842855091470938,-6.132897729263391
Switching,969.35306082014,1202.21130392747,580.2240334451199,176.0608920431696,13.750373206101358,0.8445821222080849,12740,1200,1.387410119459519,939,0,0,3.6468857700114654,0,5.766892874459245,-5.427359874634135
Switching,1067.9273282992654,693.3726325631142,586.714646127075,292.98241161275655,17.478191079106182,0.8129073237907142,13595,1200,1.4564184661797894,1120,0,0,2.30724267001429,0,-13.819361822810151,-0.14239210721143536
Switching,1095.2574445866048,1177.8964287950657,692.5134086981416,221.2752895266749,13.307841593399644,0.8416146557335742,10225,1195,1.3582988147115589,851,0,0,3.1870520064935306,0,69.30136897548255,-0.8166062081941163
Switching,1024.3236178182997,623.223205213435,509.44743091240525,285.85416280664504,26.42391971545294,0.8032295536110178,15075,1200,1.5750002836872539,1331,0,0,-0.3143899327025679,0,-50.78483095261572,0.4146405813039564
Switching,970.654086000286,720.9425622248091,701.8962662667036,221.89673372311518,27.335136611945927,0.7946533922175877,13005,1200,1.4828795629112976,1182,0,0,1.2642085208031801,0,17.04625697540132,-9.050297939629559
Switching,1018.5637402697466,1012.4583490658551,649.644938390702,195.9387327497825,28.07696459395811,0.8558135339431465,13430,1200,1.4448942650653722,1097,0,0,0.1938410508449806,0,-16.455662126885272,-10.071375661886123
Switching,967.2802789602429,997.5681414711289,666.3854850456119,107.4517101352103,18.281022764742374,0.8428531124652364,14085,1200,1.3850122686819901,935,0,0,1.7871843795757911,0,-7.512738236455334,2.2769343383104115
Switching,1078.6269846488722,890.4757261043414,633.9618531055748,141.22984131798148,22.136038957629353,0.8009436835488305,12840,1200,1.2813064932059246,710,0,0,-1.59280616570598,0,32.67791863008824,-0.4055603817178053
Switching,1062.887336825952,728.8751254673116,609.4847133383155,134.31040545227006,15.625414106994867,0.8460316305630841,14520,1200,1.3317367725413343,780,0,0,-0.654084471197308,0,-39.16966476213247,6.0520232576973285
Switching,1075.9016661089845,626.8244311911985,528.3216689713299,186.54480755329132,12.823247919324785,0.8088885756535455,15940,1200,1.4138020151286577,1018,0,0,-1.1120408675747342,0,10.835571334371707,15.374431976319329
Switching,1032.3469953844324,677.5773623143323,726.8925823271275,92.515781854745,20.39117111172527,0.7940989451645873,14285,1200,1.4248562216856218,1048,0,0,0.6257340928948736,0,19.55944619957063,2.7321649372208867
Switching,1050.3114204737358,827.8217108920217,680.3179844282568,228.41102075297385,22.373553657438606,0.8300754562672228,12315,1200,1.3491332317806655,830,0,0,0.789481314846114,0,5.309155311496397,-6.679200782246198
Switching,997.251680213958,766.4794491021894,385.97600255161524,236.29651030758396,8.689631747081876,0.8551550672878512,17965,1200,1.6328693266078496,1369,0,0,2.9386045415542412,0,20.473176584565863,8.523225549896779
Switching,1082.8632637509145,1074.5224763872102,367.5092943944037,300.424396218732,27.98770207213238,0.8122253549331799,12275,1200,1.5616652965541618,1320,0,0,-1.5544651291831997,0,56.17547009093323,-8.184100501376633
Switching,1026.5023743500933,816.9929016032256,481.0678716748953,232.204277634155,19.813646686263382,0.8200489253248089,13975,1200,1.3458483840318378,819,0,0,-0.7072118989119929,0,-10.523195389800094,7.0597267441000895
Switching,1045.470794418361,1074.454146111384,375.230913143605,317.57971765007824,24.591387092601508,0.8147984797693789,12100,1200,1.5515268859770577,1305,0,0,-0.24395932346132554,0,60.49678666481941,-6.175960976725264
Switching,1042.3195984680206,881.8841040018015,437.17401903122663,222.78446353273466,18.399736016988754,0.8338682796643115,13870,1200,1.329052077308967,775,0,0,2.3459049429241645,0,0.8148839031582611,9.364530513110367
Switching,980.4976665531285,1093.2613493641838,627.5351387448609,249.52904919162393,21.166795930359513,0.7906028815871105,10855,1195,1.369116977234231,882,0,0,-1.0377783238356244,0,-22.759971347457395,-9.261840807042972
Switching,953.9198444457725,662.773946498055,446.454681456089,156.92367857089266,25.16793833207339,0.8146453768364155,19705,1200,1.6044501224101573,1355,0,0,-0.6409087669614735,0,-65.0866073077168,2.618767761510867
Switching,958.5432915831916,1067.2750676982105,679.5412591658533,179.27514439914376,9.649822061415762,0.8003735974151641,12955,1200,1.4559916140511036,1118,0,0,1.759513376969636,0,-21.71033582183918,3.269748722945451
Switching,968.1382674723864,968.6569026089273,617.236496694386,282.55463250214234,13.164070708677173,0.8599677245062777,13355,1200,1.4974662246289654,1205,0,0,4.164272504087478,0,-31.154331826674024,-1.4301273049078418
Switching,1029.37658081064,1200.5307814339176,382.25259939208627,175.26893845759332,15.814674448687583,0.80966426350642,12165,1200,1.3418787453154353,807,0,0,0.6908694253791055,0,0.9566408709824827,1.2733001962239996
Switching,1096.1096505634487,1039.8953880532645,641.8421799317002,266.86125153908506,10.968687811866403,0.8481430892203935,10975,1195,1.4102841488548845,1008,0,0,3.810042937447861,0,-23.730392054917502,-7.698554742822125
Switching,977.7627324336208,1022.9951641755179,552.5190376676619,139.75059629417956,22.98759349482134,0.8576310182968155,14545,1200,1.3705503496468687,890,0,0,-0.9981332602504551,0,-10.857387328167533,-5.804347050258684
Switching,1052.3515853798017,1068.279544787947,388.6045169085264,253.7089712987654,28.633190219290555,0.7968194636772387,12500,1200,1.48548784520703,1186,0,0,0.7525653393693119,0,1.7703861341324227,-10.10655514193627
Switching,1019.4057583226822,839.5564537961036,448.27639488503337,86.63949956651777,23.138899705838412,0.847992951180786,15560,1200,1.403647754529406,987,0,0,-2.2878686669953936,0,3.7692116805292244,-1.3796198303614347
Switching,1024.369556689635,1127.622378792148,622.925035469234,229.43225990282372,11.645993195474148,0.8536910654813983,12600,1200,1.4219267349152696,1043,0,0,3.4765889149844327,0,43.014344275485655,0.04980827196004611
Switching,993.3320148964413,849.1913441335782,488.79269333556294,81.4384794048965,25.067461712751538,0.8087756327679381,15065,1200,1.4214703255428065,1041,0,0,-1.2506569986675231,0,36.97918961772211,-3.1587603798658392
Switching,1030.474580754526,760.0760340807028,420.1983779668808,235.94531962415203,24.910465869121253,0.8548909369087778,15100,1200,1.4442928748259132,1095,0,0,-4.107195996027002,0,27.716930110426347,-5.238757112229678
Switching,1049.475077248644,982.9258126206696,591.0440630279481,307.1492403233424,21.04742601281032,0.8217464906815439,11370,1195,1.4387958500032858,1082,0,0,2.5340072582261826,0,14.302836246374682,-2.807342326064145
Switching,955.8521660044789,1085.4581386200152,418.69579274207354,304.2757431813516,20.3583620544523,0.8402478537824937,13795,1200,1.5509476928288495,1302,0,0,-0.10188013703552201,0,5.922141473320153,-6.857178018491368
Switching,998.3917251811363,694.3250827724114,603.4436495043337,195.6989939045161,23.562439892906696,0.858269841563888,16705,1200,1.4686788847407268,1154,0,0,0.8985486416644903,0,-17.648706804787253,-4.798063692169762
Switching,1073.8592910347506,694.5525283575989,381.20530135929585,141.6701694088988,16.602205962873995,0.7965986080351286,17565,1200,1.4386596007673054,1081,0,0,-3.952051930907942,0,-21.208043779374748,15.625290215574978
Switching,1080.9174569672905,883.697592234239,435.0202332250774,328.83510067593306,12.837324860971421,0.8134108759090305,12980,1200,1.5439330902785762,1290,0,0,3.2142243720754493,0,31.857441996262423,4.337349519631971
Switching,968.3276997413486,1032.5627117301337,412.26878967136145,112.22182003082708,15.392334897071123,0.8582119540893474,16025,1200,1.4333679052548651,1064,0,0,0.10487628106761804,0,9.827034895247834,-0.3876421200970981
Switching,1058.9851806056686,1003.6840011132881,482.5521712191403,140.76608039438725,27.27072053635493,0.8132090459717438,13145,1200,1.3522733516287544,836,0,0,-1.4379073050911302,0,7.443102560218449,-8.586212803907983
Switching,977.0341270137578,884.6036750706844,556.5792081877589,299.3349490989931,13.73460753262043,0.8561714149848558,14335,1200,1.531756264055167,1268,0,0,2.4008902320819345,0,36.34163029293677,5.376000846397687
Switching,1092.6877384190448,787.2093444457278,496.158589143306,280.0130941160023,17.196038013789803,0.8293539964174852,13680,1200,1.399353155717495,975,0,0,-2.1551631491348076,0,-12.933008527183574,0.4928308855796786
Switching,1080.4182631196454,1227.594169427175,435.1138159632683,185.5896551697515,23.821381296031177,0.8278485917649232,11570,1195,1.3345574018781272,786,0,0,-1.6343875846487776,0,61.23854325622551,-16.572527580071437
Switching,962.0882074232213,638.4424447081983,727.6751360855997,205.20004494581372,22.417077293153852,0.8306473528314382,15880,1200,1.524717375150355,1255,0,0,0.4181192492508785,0,-70.02471694613496,-6.2841068247020075
Switching,1018.0134937167168,1016.169060242828,416.7353080585599,256.9208522164263,29.168623534962535,0.7972641829145142,12655,1200,1.4991684013632993,1209,0,0,0.33792635420377337,0,-26.566933263644387,-7.657872462347882
Switching,996.3513022870757,1193.0148924002424,483.67181280627847,185.39909987710416,29.625113841611892,0.8084886050270871,11485,1195,1.4463905801997587,1101,0,0,-0.37599509879242987,0,55.68280338678369,-15.58595836057998
Switching,1069.9016318423674,1029.6613205806352,450.35917796194553,114.45268532959744,22.525741242803633,0.7983862326550297,13410,1200,1.3076374889549138,743,0,0,1.2875151224767478,0,34.49838686930025,-2.9027456915969196
Switching,1096.7059500864707,1063.5708070825785,719.9097300879657,134.93866268079728,15.613385762553662,0.8413224410265685,11150,1195,1.3004392854433888,729,0,0,4.760925389430298,0,49.64847252770005,3.708563848095764
Switching,967.2207682859153,750.5456724087708,650.806394778192,241.68459953041747,18.300431799143553,0.8072898880788125,15185,1200,1.459407634519076,1129,0,0,-1.1313645348803618,0,-12.308502082687937,-2.783219645466829
Switching,1021.9004541751929,985.2166882483289,387.81583504751325,265.78728195279837,19.836833792272955,0.8439686590014026,13050,1200,1.4040150242822504,989,0,0,-2.293838208429321,0,36.183408670039626,1.6056976992438194
Switching,1016.1950987065211,739.0335611184128,529.5475743710995,280.41077717905864,13.095284990034997,0.8359503335668705,13805,1200,1.46622618879382,1145,0,0,3.566280799545723,0,-8.37989901633,0.6985512383722607
Switching,1015.4065308975987,995.427592843771,453.029206302017,320.0294087128714,8.928821118082851,0.7937070481013507,12095,1200,1.5917382794225001,1341,0,0,4.600739993858838,0,10.067561413609837,-2.8137501386412396
Switching,1040.7858139835298,783.8682338013314,519.4229805842042,130.7400697679259,23.28097560442984,0.8126273694937117,14915,1200,1.3443206330525936,815,0,0,0.13980151648698325,0,-47.14696295592876,2.824087052212917
Switching,1016.7625980102457,1028.407200728543,626.4534526504576,191.06262006796896,13.868335374165326,0.8476932934531942,13515,1200,1.3592416588959395,853,0,0,5.030624679413933,0,-30.484781886692417,1.1987607121455994
Switching,1043.6534700915217,720.0952399871312,370.1746227219701,116.4459227421321,26.354101976379752,0.8434091374394485,17720,1200,1.5276889823693964,1261,0,0,-4.55750347677062,0,8.13823116567255,1.1446599687440084
Switching,1013.3515950874425,813.3001920068637,353.41194281354547,179.08681618981063,11.672709722537547,0.8101867343159392,15890,1200,1.448796922320744,1104,0,0,-2.0296331694701166,0,-26.319442250920474,16.909193875330857
Switching,950.7745309500024,650.005577376578,711.3088805228472,179.2371758329682,14.082592085935175,0.8274987984332256,16195,1200,1.513259559092569,1234,0,0,0.6614739115905763,0,-28.005590893996214,3.1974269245653204
Switching,959.1313464916311,773.0264389421791,618.753484915942,198.0668108863756,27.131872105877846,0.7919426009431482,13450,1200,1.4254811706629196,1049,0,0,-3.2971765643852393,0,-25.432737309804907,-6.939075022546376
Switching,976.6717625316232,820.7319664652459,491.4921512827277,153.46316968323663,16.054990474134684,0.8352214459353127,17025,1200,1.4186258002954677,1035,0,0,1.5665090086583007,0,13.457978159487993,2.1848738596909243
Switching,950.5733242374845,807.7252440853044,605.6032453663647,134.01289835572243,19.321424583438784,0.8455171395046637,16125,1200,1.4106570632602016,1009,0,0,-1.418132190615779,0,7.674621819069671,4.257058483368496
Switching,972.8180596837774,886.8897871230729,673.9109016954899,260.0449215224944,15.217251642607152,0.7994942465960049,11745,1195,1.4036794821435483,988,0,0,0.5005215911745324,0,-27.024250416874565,-2.679788623385093
Switching,1028.4368995460682,884.3841651454568,507.49718388542533,139.0212979586795,28.680146449711174,0.847154048299417,13970,1200,1.4043834735832137,990,0,0,-3.2615700299097625,0,36.930458155703946,-11.951777305170708
Switching,995.135196018964,1239.4425356178544,590.0267640128732,232.37232303479686,16.801450984552503,0.7912522289087065,10370,1195,1.363811232911852,868,0,0,5.086408239037979,0,46.709727874300825,-3.3377056488989183
Switching,1012.149310822133,1107.027762872167,682.5778313912451,210.76481339521706,17.682962686289102,0.8175510160857812,10690,1195,1.3251286460640042,767,0,0,4.531489702849768,0,13.182138614310134,-7.792531470241215
Switching,992.3531798413023,869.0373386838473,398.99502359330654,290.04614856792614,18.95265780109912,0.8470177679206246,16015,1200,1.5451461621118658,1293,0,0,0.7474524393535091,0,-25.13549187386161,1.3451290564303235
Switching,972.0338092534803,1084.2839958611876,517.1723234467208,208.8202138384804,10.24017110420391,0.796365928594023,11815,1195,1.3840528191228836,929,0,0,0.7789078458992833,0,56.58898384131135,-1.927021213874923
Switching,958.5351068992168,1181.6269971313886,399.7503427788615,319.8382335086353,11.92901998758316,0.844690132199321,13125,1200,1.6530236201697612,1382,0,0,5.811619573093878,0,4.671512815469669,1.5145536499755963
Switching,980.4890678380616,821.2311634561047,630.4898184724152,85.94999128952622,27.207600882742554,0.8378954078024253,16225,1200,1.525204100427613,1256,0,0,-0.5112141946634097,0,-30.521176864046083,-9.224397210584016
Switching,1014.0688355546445,876.9510921905749,639.3370455130935,105.06866940530017,28.76437884196639,0.8500899711647072,15390,1200,1.5032615685237525,1217,0,0,-2.169582313788652,0,-35.199557612815624,-7.537704768368826
Switching,1056.4745854702778,1227.423810469918,732.5025369413197,286.08089957386255,18.41745555633679,0.8103744764951989,9520,1195,1.4815484653026016,1178,0,0,2.6154513726282573,0,21.67423641628966,-14.58270673071388
Switching,988.9913894468918,721.026895486284,686.4021472632885,254.12538401549682,18.018394148908556,0.804999750868883,12870,1200,1.4217607706820583,1042,0,0,-1.016169328384052,0,-37.44787707576097,-2.23210858327036
Switching,979.7192761558108,658.7316032499075,580.9807597659528,169.73538235295564,16.47686810931191,0.7902645612042397,15175,1200,1.3843455524925496,932,0,0,-2.123500080832571,0,7.217586178259353,8.510170717434335
Switching,1007.1606907062232,1181.1345461173914,370.8124512806535,167.43444929132238,19.94367958046496,0.8423319008504041,14510,1200,1.407708186335924,998,0,0,1.9802231875928271,0,67.735185736718,-8.267038661450101
Switching,1015.2184782200493,1132.4341683881357,650.0495039857924,326.90571264363825,11.551252775359899,0.847970822439529,11830,1195,1.6226267107998744,1363,0,0,2.461574405179306,0,63.56803225855674,-5.530033274147172
Switching,1050.957241258584,1195.4699417226948,447.3477851599455,277.825342125725,11.22245577443391,0.8580636568437331,11135,1195,1.4688636401594422,1155,0,0,0.4842794953612497,0,32.18227054786712,1.3196448553760547
Switching,1077.6091597392224,1128.775541903451,634.5113995485008,99.85041087027639,13.647033921908587,0.797421146389097,11480,1195,1.3217825735756026,763,0,0,0.3842782446760964,0,67.33874935659423,3.374898619357282
Switching,1090.1165726128966,918.2342694955878,350.5392773076892,164.3673565541394,19.72030394524336,0.7967389369220473,14920,1200,1.3386021888971227,798,0,0,1.5087528905259546,0,-19.549793431564467,-1.8464156466200166
Switching,950.4700130899437,1180.4445158457384,356.8814215250313,325.36946369335055,22.57026274362579,0.8338671835651622,13395,1200,1.6657631516218625,1386,0,0,2.655148246696996,0,21.753115879407233,-10.010509193769622
Switching,1061.2491852836683,1187.359473865945,707.957473397255,116.14609682699665,20.39373958390206,0.8172821499384009,10630,1195,1.332965602834698,783,0,0,1.8101665717667288,0,38.5226747054644,-5.62397800241979
Switching,976.5961703727953,928.8998831994832,584.7857243381441,81.3944614911452,23.402687666472048,0.795986685687676,13405,1200,1.3696917098026784,886,0,0,-2.8143557627506652,0,-7.399068492488823,1.2976123018080443
Switching,969.3751061335206,963.7707420042716,410.17159540206194,92.03987892949954,28.987306421622634,0.832683921691496,17020,1200,1.58383225429123,1337,0,0,-4.241475702679708,0,-36.6101986449612,-2.714967557341879
Switching,950.7481314823963,682.1857035392895,357.15564200654626,104.6488347183913,22.135142866987735,0.8150541714252905,21810,1200,1.707646954328287,1391,0,0,-2.424152225038114,0,-66.6900135130195,2.9508940619332407
Switching,1009.9120722152293,935.461751872208,458.2949349656701,155.65682573476806,28.844837905839086,0.818664084293414,13800,1200,1.4143890618621349,1023,0,0,-2.0730808712730777,0,-13.102783799026838,-13.475227707529143
Switching,962.526344100479,1242.7375317784026,530.6323864497244,90.92651044018567,8.775055006612092,0.7951811976218597,11470,1195,1.4684067697171759,1152,0,0,3.246859746852067,0,37.34985522007173,2.8931607074270005
Switching,1055.303039564751,935.1474240073003,485.0091900676489,246.57783900154755,11.210331884212792,0.8373233876819722,12830,1200,1.3838807452693676,928,0,0,2.944340721451624,0,-17.526400270020986,7.995068966963345
Switching,1029.6623406349681,1219.474337110296,703.4908908419311,154.6911590686068,17.729778602253646,0.82474994616583,10295,1195,1.3339444251384016,785,0,0,3.874770577408185,0,58.14311801187387,-2.756058596568664
Switching,1041.5527627337724,1240.4650565120392,381.77531342953444,141.25842808978632,29.474916741251945,0.812216179354582,12125,1200,1.4754580703539975,1169,0,0,-2.5298779719973084,0,9.284161091909937,-10.793939485501369
Switching,1088.793012232054,704.4149411609396,678.2339048571885,101.81850047782063,29.870185709092766,0.8220120278513059,14405,1200,1.5055123969694475,1220,0,0,0.6898258618072077,0,-6.357073958839919,-9.884504283226306
Switching,1004.9363349797204,983.0333652091213,359.64239686727524,145.67043153336272,19.797725613228977,0.8486086307070219,16765,1200,1.4344889481757532,1069,0,0,0.2388276928534765,0,8.392476931583133,2.852575632643152
Switching,1032.2319808299653,1134.3051738105714,364.08075308427215,242.4717420199886,15.515447696205229,0.8401773408520967,12285,1200,1.3932274727174208,957,0,0,2.386352557143425,0,-17.186699771631538,3.967223843391139
Switching,991.0250641405582,947.96128742164,421.0090385749936,88.97576898569241,25.67813545279205,0.858752899367828,17115,1200,1.5133893131069267,1235,0,0,-2.0072058695965325,0,-21.58725952048644,-7.130506927132274
Switching,990.3506128699519,770.2893944690004,600.93704322353,252.68677218817174,8.747428860981017,0.8511491994606332,15365,1200,1.5585167299875042,1315,0,0,2.713670303773,0,10.940969515260349,-0.47816363639765314
Switching,986.182425240986,976.0659423307516,667.6014009863138,309.00245821801946,19.068846100009978,0.835334909807425,12775,1200,1.5273054879965013,1260,0,0,3.621638229108356,0,-24.636904894001873,-1.2509556898535266
Switching,992.2186404815875,894.4838448893279,642.528363596648,123.0268122581765,9.20481103239581,0.8258819810301066,12885,1200,1.402706147189356,983,0,0,0.6240267033462317,0,-1.617470116482309,7.64816159478994
Switching,1025.603439612314,603.1671599368565,639.4388174638152,231.2913413462229,10.549475710839033,0.8003443446406163,14510,1200,1.495751641703181,1201,0,0,1.8068496034427994,0,-61.99379902157989,4.657666888895392
Switching,977.8278820333071,993.2573078898713,580.0674279220402,254.9307019636035,15.541860508266836,0.7981327853677794,11695,1195,1.3633095047465709,866,0,0,-0.06686389357037115,0,-14.21837428500612,-4.009737838547039
Switching,983.2347600255162,1138.8138955342583,351.78974997252226,316.2501260940917,12.413530983030796,0.8595323514402844,13810,1200,1.6506741405024332,1380,0,0,-0.26472322776029955,0,15.500001472031727,-2.5257020094787777
Switching,1057.685695879627,896.1583390599117,665.5494657345116,123.0493294261396,29.479043363127857,0.8276966093620286,12695,1200,1.4231653823684218,1045,0,0,-2.7071545922149767,0,42.21862822374533,-6.238201989194295
Switching,1020.6902566598728,751.1335399118252,417.05594658851624,326.201524452772,21.332593428902328,0.8099523515230976,14310,1200,1.579121616764143,1334,0,0,0.49441948613451814,0,-52.66771593247449,-2.8154852800396384
Switching,1030.227083794307,1128.93929714337,372.78261547908187,284.66094242874533,13.65076164668426,0.8002564080152661,11970,1200,1.4745470252798536,1167,0,0,2.9095836394629373,0,-15.82645519844391,-0.3753197299784006
Switching,1013.0402674898505,975.4995372495614,485.8058514073491,285.7756293215789,28.980387499555945,0.7985787983355113,12240,1200,1.5246938877622778,1254,0,0,1.5107680521460054,0,48.510055085167096,-8.219684586565677
Switching,1006.1562855378725,715.245533385314,703.7860752083361,243.2895905058831,22.48953424813226,0.8383250337513164,12865,1200,1.4266729781709258,1054,0,0,1.053344699019874,0,-10.298001295122504,0.330219520643368
Switching,986.4236390916631,787.5000676722266,690.6684894114733,149.85301355598494,20.883751676417887,0.8471221791836434,15325,1200,1.4124379403266079,1015,0,0,-0.6185054869210092,0,-27.561916835899865,-4.909750627949052
Switching,969.2418819642626,725.6092937197536,542.6603416912258,111.05048544239253,18.410223263781518,0.796591586060822,15505,1200,1.384189066920441,931,0,0,-3.5089863569413353,0,-41.97461533440173,7.618624614383293
Switching,1033.4918861743063,1108.0594266648404,639.6082928404212,291.29211952211335,14.535279426723719,0.8573949267738499,10490,1195,1.442438811880476,1089,0,0,2.416360774183204,0,16.8746130618174,-2.8887449230869606
Switching,1001.3289285940118,1121.2052882416174,648.9874218590558,162.99820870161057,21.407331655267626,0.8597358446521685,12905,1200,1.355477984419619,847,0,0,3.492760323803566,0,14.594085397092385,-6.289769272878402
Switching,1060.4309620568529,740.9541421686299,625.0384129583836,85.47296408331022,25.121083333157003,0.8104546954273246,14735,1200,1.4144713420929562,1024,0,0,0.7734872017138059,0,-32.37271283184964,-0.6955826659748254
Switching,1038.7116934987716,673.8020347431302,371.73845609650016,266.2882600398734,10.205267989542335,0.8119347811397165,16300,1200,1.5922350462128116,1343,0,0,1.985850857347117,0,18.265552641527847,8.251799754099466
Switching,1096.1099517531693,612.3592735617422,733.5504868999124,247.89641609648243,16.009759174659848,0.8204935784568079,13420,1200,1.4519966004191016,1112,0,0,2.8105934880378243,0,-43.58405659199843,9.75611185545631
Switching,1001.6593187698163,656.2706058146432,524.5155700482428,94.78858781047165,10.916515231598169,0.8208934542769567,16765,1200,1.5035517287090787,1219,0,0,-0.3192894718983723,0,5.478005686956294,10.489580304711126
Switching,1099.2077950388193,775.2711421228014,720.0222389772534,181.1005011969246,18.6279187630862,0.8589583410066552,12755,1200,1.3164363104334134,756,0,0,1.6760843599755049,0,9.381219177185358,4.078962645806314
Switching,1033.5251043201424,858.6076176026836,595.0057164765894,226.65336511097848,8.138894331175834,0.7908912140922622,12730,1200,1.430533603500147,1061,0,0,1.013375902320604,0,2.5467275551541206,1.9396780389483865
Switching,971.8211863888428,797.9643658385612,712.7640698105097,303.5803298535757,17.465853431262076,0.8500605310755782,13750,1200,1.5683269813088418,1327,0,0,0.35807954370841344,0,11.758489315655424,-0.614435391685106
Switching,1001.8001895747148,799.168874649331,518.9352984540164,281.3039755402133,13.183469872456044,0.8421275532245637,15600,1200,1.5245281409196878,1253,0,0,1.8167483637916177,0,23.211168559169437,4.1710302426815815
Switching,1080.5782425682992,750.0251744757406,692.7621012553573,193.13703918131068,29.04610326513648,0.8034619440534152,13075,1200,1.445771742049062,1100,0,0,0.7601186988503912,0,-18.443036957793993,-16.518142692577385
Switching,1036.9063887861557,1216.219377773814,573.5280861146748,193.7295113876462,23.308437319938093,0.7958019352285192,10780,1195,1.3260795925929612,770,0,0,-1.8824813019101043,0,-7.911045442544946,-15.8469622057886
Switching,1050.8821219438687,814.2348605324514,555.951976031065,272.0814359909855,22.190870172344148,0.8388953708275222,13020,1200,1.3934584075864076,959,0,0,1.0350551294261265,0,33.91267979965187,-6.644840456855945
Switching,1020.5396385747008,1151.6712490469217,435.7009290717542,225.86896926630288,17.24747876962647,0.8307034342270345,11795,1195,1.336654757499543,793,0,0,0.265831567442973,0,49.74816639865048,-3.1474471432649125
Switching,1037.599357496947,1059.107140765991,483.493965305388,165.64196253428236,29.709984520450234,0.8319280840014108,12520,1200,1.409079637595138,1002,0,0,-2.9702526688645605,0,17.11979846829354,-11.482799418827653
Switching,1035.2980872266926,1180.8885610895231,402.67182821407914,123.30326826311648,23.9827938308008,0.7934831653395668,12530,1200,1.3615956577926194,858,0,0,-2.5014554410446124,0,64.39812872117773,-5.516849670062356
Switching,1072.6416248595342,1189.4612190895714,374.0918468683958,314.8973785410635,18.386909012682736,0.7992840081523173,11385,1195,1.5148274076608879,1238,0,0,-1.4311794545412226,0,-7.790843053639037,-10.42293323731019
Switching,1058.9500352158211,1002.0371791440994,404.80554727837443,141.2567033385858,18.836465440224856,0.8371875908039511,13815,1200,1.3004965999828413,730,0,0,0.2455593553679023,0,2.9137389587158395,4.275517689152366
Switching,1025.687616551295,666.5177071350627,466.86964463442564,167.28894154774025,24.231313608586788,0.7978839992196299,16440,1200,1.4319434766429664,1063,0,0,-3.9625462278681027,0,-43.6229990687757,-4.129333525365723
Switching,1072.7605610270984,1069.0999168669805,714.656734187156,295.56254057213664,12.123928947839886,0.8346262682368979,10285,1195,1.491812705798791,1193,0,0,1.0955131839389196,0,0.949923091186065,0.941275982352181
Switching,1014.4752712454647,973.8802297855727,591.8018540367484,158.44856736483052,22.133674520999193,0.8083767868601718,12405,1200,1.2836803773058052,713,0,0,0.1153634693386607,0,-17.04868455060023,-10.371008488778784
Switching,987.3884791624732,1222.648483957164,455.35568045452237,116.52234561741352,22.639312023762614,0.8537631554855034,13905,1200,1.4145475049743044,1025,0,0,1.6790249966412034,0,65.79685985384094,-9.0057492671217
Switching,978.443312481977,1207.183454663027,468.9644046127796,155.00954758143052,14.706037699244916,0.8300744624226355,13625,1200,1.3882142278397993,943,0,0,-0.7400440273474373,0,41.04909993112187,1.164992693420686
Switching,964.10515679745,1126.6233762726188,521.5903772972524,184.498686385341,28.67758465697989,0.8593466290738434,13615,1200,1.472762383436308,1164,0,0,1.3750173278342572,0,-8.095915694832456,-16.447226713803616
Switching,1079.6504654921591,1148.095305764582,714.4750604405999,295.25442419806495,23.79206440038979,0.8192394906957634,9910,1195,1.4903584712425617,1191,0,0,4.3968995423778665,0,62.79226767722275,-21.535029581973276
Switching,1065.5528735020198,739.4299634965137,573.6512103118002,283.2946490217,15.451825783122331,0.7947891044104473,13395,1200,1.4285437298881392,1057,0,0,-2.1683280158217713,0,-21.075827268151897,8.96936977768928
Switching,971.9828741392121,942.2759942361154,444.000032171607,266.23602081788704,14.298062023706734,0.7928111549909227,12940,1200,1.4179464133826771,1034,0,0,1.255173630902135,0,-27.47436002785753,1.8352194644758129
Switching,970.4237540601753,750.0945730600506,579.3335157446563,245.45128950383514,18.267696067225188,0.8217857063002885,15845,1200,1.4607543708546056,1134,0,0,-1.336423878603,0,-14.573068807839718,5.97455918545586
Switching,1039.6527506876737,1164.410582545679,428.9883254095912,165.4872430791147,26.68268658220768,0.8284260056749918,12160,1200,1.3732750763573203,900,0,0,-0.7177259637575162,0,51.89078973617188,-14.094961557738543
Switching,983.1929256324656,989.7771617164835,586.0309612937272,286.421643961221,12.041975921485573,0.7937042923783884,11485,1195,1.4556439810009276,1117,0,0,1.75967324737951,0,-24.195058043238078,-2.4135597640887454
Switching,1070.6086960854009,1142.8009072435088,739.8914977908134,229.86715180566534,23.829116011969745,0.8425741979083978,10125,1195,1.3949081770413256,960,0,0,0.2629892951567854,0,4.585578682017058,-17.03688946921693
Switching,1068.9916218514554,880.6807889603078,653.8082084618509,112.88571967277676,22.2168683311902,0.8407578583527356,12980,1200,1.308171449162807,745,0,0,0.8041157036865911,0,-15.744023369162733,-7.264593783997043
Switching,993.9039975404739,976.6370976692997,515.1951836422086,84.6745227300562,22.86885312013328,0.7929695439827629,13565,1200,1.3537059518408383,840,0,0,0.8031149502023709,0,5.599274529937702,-4.585905982901636
Switching,1009.6556714386679,781.6171268234029,658.5968659259379,137.92660056613386,15.376541670877486,0.7938761314796284,13550,1200,1.3354864276227016,788,0,0,0.6398808577173156,0,-49.35018558506681,4.884595669224495
Switching,978.5064092837274,670.7338332547806,742.1492898836732,324.48175641009584,12.805284703150392,0.8018172943894751,12310,1200,1.6526653537097682,1381,0,0,4.015997496653284,0,-57.395798256259695,4.71406735670314
Switching,1003.9310933672823,983.9219431625679,550.5457573570311,280.7449383381754,10.420382328797132,0.8539206159720197,13745,1200,1.5165593066949972,1241,0,0,5.597274027153418,0,37.608447442140005,1.1793861798144007
Switching,1044.3203463917598,859.9477396928705,512.9885893315077,252.55263560218737,28.6617597239092,0.8370843397895806,13155,1200,1.457967230428484,1125,0,0,-2.0260227988014208,0,-8.965338103174417,-9.027456597216542
Switching,1052.19045834383,1068.3681577909738,356.9484326057136,288.88138411100954,16.351584679912776,0.7921726320497692,12475,1200,1.4583867001629522,1127,0,0,-1.1885533728378732,0,-6.318278667664799,3.943464929169295
Switching,964.0022417996079,1106.7473156261258,613.9918519183993,287.3385392432101,29.212470181286335,0.8285700033069588,12425,1200,1.6070076452697863,1357,0,0,1.0508352585802356,0,-11.075894825222804,-13.625215022669863
Switching,1071.445340954233,1213.4355090325698,592.5333050079644,107.4659818969667,18.782995669636875,0.7997379472991452,11175,1195,1.3013981557392054,733,0,0,-0.25117495138670165,0,6.316864918717783,-2.6509798158399462
Switching,1076.2822325574234,680.4173115757294,552.4583220481873,225.58403001865372,13.859373765997589,0.8450815444416366,14665,1200,1.385421801211314,936,0,0,-0.5677476894208837,0,-18.119213549450706,3.689096253325033
Switching,971.1391658405773,623.5342592932284,729.3195343576372,168.97114696446806,8.652786148246378,0.8029083347413689,14055,1200,1.5345053357746543,1274,0,0,1.7001321411887318,0,0.2970288951901239,10.866713816771835
Switching,1020.3876895830035,1052.4578277370892,638.7127758935094,159.82583303237334,21.529577990993857,0.8027239459869452,11555,1195,1.2869568843647652,715,0,0,-2.1079055955175647,0,15.073350768998807,-3.1950076076072946
Switching,1027.5260013178922,828.600062080659,363.402456138283,91.08172792010009,18.752121408004314,0.8029823074908927,16665,1200,1.4366045820287203,1074,0,0,-0.9958800396027812,0,35.84387712886428,6.6285287757536935
Switching,1019.5350198773667,1095.610135665629,543.5464698821306,225.1298391330056,12.795987621881068,0.8424675676855259,11470,1195,1.3408865606410987,803,0,0,4.32186678033122,0,-18.32339075885784,4.65004866997856
Switching,966.1556629813276,1208.114824583754,492.66735715791583,253.18779311608523,27.391111958306283,0.8021733028069139,10945,1195,1.4780262546343905,1173,0,0,-0.7068762715935009,0,1.7077971564076506,-19.61352105229969
Switching,963.377004629001,1007.5078966910951,587.0362630113959,130.07264559390023,28.189327839761972,0.8158235574536957,14465,1200,1.4612132651343608,1136,0,0,0.7549021480237172,0,42.229528031733025,-12.653013178493893
Switching,985.7368385535665,1235.2821417851374,602.614823449403,194.64331671595573,27.868078509811312,0.8300114879710601,12275,1200,1.4715172240772771,1161,0,0,0.8956102734982494,0,-6.381539450453147,-18.988564457759935
Switching,972.7892820257694,665.3212718549185,530.602147988975,133.00533614354208,9.422196388244629,0.8556620309338905,18775,1200,1.5988412670563756,1352,0,0,2.9748659815533642,0,-43.208615628293046,14.18245117755282
Switching,995.7903594826348,745.2881240984425,422.7440875954926,109.27004778757691,11.107333651278168,0.8464435110753402,19535,1200,1.5960393426078698,1349,0,0,-0.4705045792217959,0,-37.986942059647845,18.5884175764254
Switching,1000.3077888162807,849.5550004881807,590.3887823224068,100.20149579038844,25.934179077856243,0.8110733856610023,13885,1200,1.388867705890209,946,0,0,-0.10073025339590913,0,7.079520351363044,0.7580318215348143
Switching,1034.9079347099178,883.5439610294998,667.0318833552301,323.7931584427133,18.21449885284528,0.8278525881189853,11410,1195,1.5035163662249698,1218,0,0,-0.07280277906144761,0,12.975290434547787,-3.4904413573374313
Switching,1040.6837400048971,980.2146716392599,706.772013194859,98.55647616321221,10.420225633308291,0.7940274750930257,11975,1200,1.3968360162801887,967,0,0,1.1354628954682653,0,45.24311821457286,-2.763477896196946
Switching,1063.9266403974034,714.9099631467834,571.4468196965754,243.73914456926286,26.359540801960975,0.808603707482107,13975,1200,1.4341998245059882,1067,0,0,-1.9977923917836051,0,-32.06484289201808,-7.042938924477539
Switching,1044.256326253526,1236.4251666353084,629.3463502079248,253.75439702300355,16.511510320939124,0.7928969073551707,10090,1195,1.3854563673249094,937,0,0,3.500447885072333,0,4.3329521990626745,-9.739741475279288
Switching,950.759935786482,675.942489085719,488.5166699998081,176.59913729410619,28.945888947229832,0.8567971281707287,18605,1200,1.630536445864068,1367,0,0,-3.5818082113802916,0,16.503530725731707,-4.730737048565629
Switching,1019.4568436127156,764.7734892438166,531.9247668609023,90.61645784648135,22.82922386750579,0.837891312877182,15415,1200,1.3927665615367433,956,0,0,-2.9788693638575126,0,16.496780780528752,2.823564810898006
Switching,1083.741962548811,927.6942739961669,451.45701663568616,226.90169040113688,16.38041121000424,0.7936999063519762,13315,1200,1.3100178448889648,748,0,0,-2.0975362571886933,0,16.62893572876601,-2.0658049827816285
Switching,988.369282358326,1098.8866503466852,353.1461529433727,170.40953539079055,29.20037469919771,0.8182853374048137,13180,1200,1.4787917723381616,1174,0,0,-2.837366908575831,0,-0.9126113663387514,-13.738631473603505
Switching,1056.778358842712,1177.0390640944242,474.06520238146186,158.3882449613884,8.216598646249622,0.7997209129016847,11820,1195,1.3985288763216714,971,0,0,0.3517957682000201,0,-16.095486888945743,-0.13068379504125005
Switching,994.7986978106201,1197.4948126240633,569.3398470059037,300.790431892965,8.234399506822228,0.8569218730484136,12065,1200,1.6272220793544188,1366,0,0,4.739498553258159,0,11.363736136412172,-6.907635988158972
Switching,976.0386688285507,602.7821704046801,685.7766353525221,266.49209127761424,13.038076036144048,0.8049785938719288,13750,1200,1.5339055089683455,1272,0,0,-1.10845734806,0,-15.817023103111751,8.564481082131692
Switching,1040.2100870385766,948.9983581355773,716.4737256243825,312.85757150733843,13.124261623248458,0.7924561505881138,10810,1195,1.5243671156055534,1252,0,0,5.291279728796553,0,24.075607634721564,-7.382295880017182
Switching,1058.8562153861858,935.0788429612294,635.8610601164401,189.6984415780753,17.458657030481845,0.8163682306231931,12145,1200,1.2708673432800972,703,0,0,1.2533342614916307,0,-9.327528673785764,-1.36371083042377
Switching,1035.6609130976722,672.7310943068005,582.735513523221,189.42151787457988,22.173031688667834,0.792434330272954,14800,1200,1.368367244629414,878,0,0,-4.607060956041636,0,-22.371730045710137,2.0271848858619705
Switching,1010.1001719362102,1137.7767038997263,732.4633072130382,224.2912322236225,23.165393623989075,0.815503754876554,10210,1195,1.3954221908469087,964,0,0,-0.46665988804647895,0,21.970044766351748,-8.411736827312552
Switching,988.2476234342903,1080.1643512095325,670.0869103893638,304.3394030374475,17.139495242387056,0.8266285491012968,12145,1200,1.5219601691491966,1250,0,0,4.925536842085137,0,60.74970578640887,-10.146563119761822
Switching,1065.6794266891666,960.1865839911625,674.4074289686978,311.3320692628622,14.301394785288721,0.8038360667182133,10990,1195,1.4789197130743634,1175,0,0,0.23945992991377807,0,-0.7728289177566694,0.5882451566399141
Switching,1011.2867942312732,975.1713593606837,725.6209380924702,165.25347377872095,16.57634964492172,0.8459561186819338,13370,1200,1.3702348587573248,887,0,0,3.6453475603548497,0,-1.608554742324941,1.3491524253068974
Switching,975.1246750238352,968.7850622460246,694.1103055141866,267.94574413914233,25.49265752127394,0.8375812078919262,12920,1200,1.5109475458002464,1229,0,0,-0.3892063755986044,0,-9.836831354451533,-9.204924942977186
Switching,963.5396690107882,1046.2049720226787,494.307834841311,138.2602639333345,27.785975160077214,0.832944436587859,14860,1200,1.4598158696739922,1131,0,0,1.4881806115027416,0,38.040455594597006,-10.95743127079379
Switching,1060.8590278425254,854.4956938596442,656.6251733340323,180.66938702948391,9.800677553284913,0.853629608550109,12640,1200,1.367825524491006,876,0,0,-0.09063548859606385,0,3.5340160952127917,3.6858403765415915
Switching,985.313213779591,654.4989019283094,527.3393239825964,225.42457525385544,21.212444690056145,0.846290217160713,17730,1200,1.5138591943701525,1236,0,0,-2.860979719842362,0,-27.359774343016397,2.1183611672890947
Switching,952.865122014191,611.4004245493561,562.3798149637878,83.70611750986427,28.615328803192824,0.83890336798504,19840,1200,1.7254548098377058,1393,0,0,-0.6397853263070203,0,-36.42828900432232,-4.266539010691986
Switching,1043.5508877504617,1149.6531437966041,443.9213691279292,180.85928469197825,17.668463930487633,0.8190098783210852,12050,1200,1.2927904527032723,720,0,0,-1.4156438615501656,0,17.84019918365084,-3.438424691626551
Switching,1081.8933379952796,1006.6260842373595,526.1903834529221,200.27760269120336,19.936018025968224,0.7950850868737326,12340,1200,1.26081680212213,701,0,0,-1.6344975890257274,0,-16.9898568718595,-3.9871775504777816
Switching,1044.461715919897,700.1076371292584,607.3149299249053,97.60027633281425,21.99022863432765,0.7979897033818998,15220,1200,1.3893153656033355,949,0,0,0.1508593690813882,0,-2.8563721413088388,0.0016918922572131123
Switching,985.1098694023676,993.3677448658273,503.21044521406293,274.21695452183485,11.10133563214913,0.8596391768334434,14090,1200,1.5070896456732046,1223,0,0,0.8376042257428935,0,35.79891218672719,-3.7906206766838295
Switching,1051.1689204955474,1175.4582031746395,361.7436610162258,149.86263900762424,22.80258198734373,0.8567417504801416,12675,1200,1.3552081788426247,845,0,0,-0.12727946358788245,0,27.864671585185533,-2.2344355633388204
Switching,1038.2156139123254,730.6829735636711,430.0093858502805,153.38101707864553,16.48934465786442,0.8587594955693931,16275,1200,1.3826903071310497,924,0,0,-1.67737273340353,0,19.877619413607135,16.041599255781875
Switching,1035.444728937,698.9909089519642,716.8722772970796,187.3719440610148,16.290053540840745,0.829974974275101,13340,1200,1.369139598647243,883,0,0,-0.5977915722145895,0,-59.263490543788976,8.89945609383085
Switching,1024.7348272823729,703.1003463314846,508.4132903255522,190.31645559705794,13.03973237471655,0.8273052923986689,15255,1200,1.3889483419262336,947,0,0,-2.0959305899491483,0,16.92252120268131,7.740492698148955
Switching,1089.691425091587,1053.9633357548155,365.3178256005049,203.80304344696924,14.152129252441227,0.8413463208894245,13175,1200,1.3409594663152602,804,0,0,2.580700233528603,0,-27.000731812239792,-1.6353112198460167
Switching,963.0434531136416,769.8847808409482,545.8605918101966,171.2562854355201,23.622776604723185,0.7945228662900627,14380,1200,1.3651259682664443,870,0,0,-3.776400412214741,0,-25.731741377030175,-2.0950685366207153
Switching,1072.9189469013363,797.1716185915284,683.4647668525577,164.6702766721137,16.913928605616093,0.7970183225930669,13000,1200,1.3022881859715145,735,0,0,0.28736283563966936,0,-41.14286292169527,5.241997928636238
Switching,959.3663248349912,1108.11002550181,469.1646662540734,242.82734414562583,29.474727211985737,0.8584282644232736,13710,1200,1.5517770819139654,1306,0,0,-3.024785267771165,0,8.20248898707041,-18.411849515080007
Switching,951.0924625443295,672.049449023325,357.7413737773895,207.88374902447686,8.559852528385818,0.8463923398382031,20160,1200,1.7388893288038672,1397,0,0,0.618543675189045,0,14.494247744958102,12.269502520127276
Switching,974.3580334703438,777.9804863967001,363.8853228650987,180.91826098505408,10.40971635049209,0.8545966307912022,18860,1200,1.5986635944293885,1350,0,0,2.482621494570452,0,-5.676159828673917,9.011011303113037
Switching,990.2562832459807,926.2142520747148,430.8485211804509,129.46567449951544,22.155970325693488,0.8017723147687502,14385,1200,1.3433940671142817,813,0,0,-2.787599827842257,0,36.475164575900635,3.6713635153922723
Switching,1038.9353518025018,608.1001062178984,370.15171060338616,280.3245565574616,11.653830577153713,0.8521566024096683,16990,1200,1.6393551073615193,1371,0,0,0.5485084366427202,0,-4.42277176843254,18.3610763130373
Switching,986.8253705091774,752.7802662341855,396.8293169513345,244.51600572327152,13.583029912784696,0.828369778834749,17895,1200,1.5627746125382915,1321,0,0,-0.13481240782491,0,-7.940023411870698,11.621600601440832
Switching,1063.4996547945775,1242.6642735721543,690.5611523427069,234.08152085728943,17.021933615673333,0.8448708492750302,9865,1195,1.375371765772572,905,0,0,1.4450298924188019,0,45.15977077511843,-10.75828349533549
Switching,955.2090173354372,1141.625346580986,585.9765525907278,183.51766896201298,13.011246931739151,0.8122490179981106,13055,1200,1.3921241473322417,954,0,0,0.10074733235552458,0,27.982025407207857,3.258592067381983
Switching,963.5701590566896,619.1274727229029,356.1404752545059,248.12512220349163,10.468642889987677,0.8122725749947131,20395,1200,1.7702802897292265,1400,0,0,-2.1544538941667213,0,3.850645535795138,17.068945242898053
Switching,1065.2615424711257,835.6984346988611,590.2838794514537,216.7944500525482,16.00718256831169,0.8242300458834507,13020,1200,1.302162607492182,734,0,0,-1.770996763126675,0,-18.024693971376564,8.688552204171401
Switching,1023.1119685922749,968.0354268988594,425.3249269910157,279.0793184377253,13.41548021743074,0.8390076818829403,12785,1200,1.43557346655599,1072,0,0,0.9901951998039351,0,18.20018932036828,4.480647279276582
Switching,1020.3934685559943,1135.8529036981054,539.5213976502419,329.2818487226032,23.687054614536464,0.8147410440794193,10670,1195,1.5426923959116767,1286,0,0,2.4343668341987836,0,-4.223397120842947,-10.447563209555938
Switching,1041.494941606652,830.0480361096561,356.6151431761682,308.5140628227964,23.790465538855642,0.82132359710522,14305,1200,1.5612605391788326,1318,0,0,0.22029865743380128,0,15.908196770858922,1.3750705206475686
Switching,1048.8678682595491,919.9079951620661,386.36388946324587,265.9599990420975,19.125183565542102,0.8007161389035173,13600,1200,1.4020586694959956,980,0,0,0.006152440884989119,0,35.46549307560463,-0.18072553122010504
Switching,1061.8458385230042,1162.3700311640278,645.1184527017176,165.56907228194177,22.87702412577346,0.8083796087699011,10840,1195,1.3035376517676116,738,0,0,1.7611018741348232,0,66.33842775576659,-11.019112522124487
Switching,1006.084891106002,1201.3731271610595,416.41965843737125,127.74228407768533,11.02908340934664,0.8162673031049781,12250,1200,1.3949517704570338,961,0,0,2.5877473931522843,0,11.968492289547612,5.841724691622176
Switching,1081.2372830114327,920.2974710147828,535.467731487006,186.36287357192487,27.461138527374715,0.8180024620890618,13025,1200,1.3460235766517312,821,0,0,0.4336227391783041,0,1.986115304766372,-9.70168859485807
Switching,1095.1089355628937,1190.9714271198027,515.0281673297286,82.90731602581218,17.611787524074316,0.8085245620110073,11955,1200,1.3142800704964903,751,0,0,1.1462243290424112,0,31.88672218273632,-1.7088923837650327
Switching,1001.4246661332436,720.4910772619769,635.4299535043538,197.36501473933458,13.29548660153523,0.8569101867405698,16065,1200,1.4546081759648712,1115,0,0,2.668966447348339,0,-0.27271120980003616,9.926821223678985
Switching,1095.1689759735018,708.9507857221179,448.4912557527423,112.44313906179741,27.805617175996304,0.841301633885596,16840,1200,1.4872132328450145,1188,0,0,-5.42248229583609,0,-41.4828208316012,-2.708346698732612
Switching,1086.822743632365,871.9377193367109,525.829612929374,130.5552846007049,16.28229437628761,0.8257642267039046,13995,1200,1.2783440780605468,707,0,0,-1.3957064704401034,0,-1.6784451420789992,11.37586335354058
Switching,1061.3141640322283,1225.2824097988196,446.3781923055649,83.10913095017895,11.098641905002296,0.803078607020434,12185,1200,1.4094466053610106,1006,0,0,2.2580806231297856,0,74.22700362140267,4.518424513462605
Switching,959.9739913712256,1221.3886690326035,397.85580104216933,124.78556627873331,8.327984956558794,0.8356696272734553,14305,1200,1.5417475216770142,1284,0,0,-0.5086412757521828,0,-8.83861679601614,-2.909935199405254
Switching,1096.643221564591,1006.4016521326266,635.2063031867146,277.64940958702937,24.940866207703948,0.7916477803257295,11145,1195,1.4091680957485873,1003,0,0,1.4681807261847837,0,24.257792939526098,-10.047945142593107
Switching,987.5571117387153,759.5840178662911,436.63573572412133,231.52086387388408,14.596186969894916,0.8068940537096932,14980,1200,1.4167192091091807,1029,0,0,1.4548763904657562,0,16.369502720838227,13.438369001101819
Switching,950.3233688650653,994.2047143937089,630.4125357419252,186.55188577948138,15.629079432226717,0.7983854354801588,13775,1200,1.3703920350907086,888,0,0,4.324152720051387,0,-14.44194705788641,-5.471016409468575
Switching,1015.0325419730507,935.1308485027403,706.3373575918376,164.10796418320388,18.39271557657048,0.8221000475808978,11845,1195,1.3032541734429175,737,0,0,4.046871970994772,0,-20.47280226672774,-3.3692002543843955
Switching,1081.6914157476276,1203.2325683976524,684.9884828552604,329.2824008804746,16.56614573672414,0.8438551877462306,9645,1195,1.550606691670849,1301,0,0,5.6377670712806776,0,13.7419966987527,-4.7005431569518805
Switching,1009.2877188813873,711.285360599868,607.4133400805295,226.45295776426792,22.831481392029673,0.8242286114348099,13840,1200,1.387627068022075,940,0,0,1.4337133392608052,0,-40.759764637278295,0.5816293126032406
Switching,1034.9000437418,1166.4512333576567,714.706975966692,313.4988419315778,27.261717437766492,0.8008550707786344,9745,1195,1.6087607498325371,1358,0,0,-0.721091742420441,0,59.58605160744855,-22.651877454733267
Switching,1097.1753440680914,924.9789213761687,653.1063689850271,219.53874458093196,11.329970070626587,0.8269896072056144,11895,1195,1.341777252167835,806,0,0,2.252379890002686,0,43.446969845622334,-4.764454941030408
Switching,1003.3277296461165,706.597391271498,612.2463831678033,177.1059855655767,21.168367059901357,0.8516441563447007,16680,1200,1.4346100871183027,1070,0,0,-2.766292691282217,0,-50.257839772398256,-1.7133983158139472
Switching,1083.3569164969958,1062.9835509927943,379.9449005164206,161.22455258853734,17.45246969209984,0.806888256915845,13330,1200,1.3011450990866185,731,0,0,2.714463290633091,0,-22.319976764140847,0.8609076146933603
Switching,1087.506140768528,1225.616029871162,581.1172174289823,130.48010364407673,25.9110932033509,0.833297555197496,11040,1195,1.3444234402202502,816,0,0,1.5664128183485673,0,5.785239281750819,-10.611095809745393
Switching,970.0814700336196,1225.3775948891416,746.6627881862223,93.70803802274168,23.928598162252456,0.8315211957739667,12080,1200,1.4915018189189264,1192,0,0,2.795289680733106,0,74.42692949668299,-7.389223632345079
Switching,1033.3482459886,1139.778937830124,466.8836120516062,197.98586806980893,28.773798489011824,0.8285745112108999,11850,1195,1.4119564223733176,1013,0,0,1.2825156174533845,0,59.81563495476303,-17.323260947835365
Switching,974.9423958710395,1149.8888976406306,732.0242787711322,240.65544250886887,13.232397999148816,0.8360505454987288,11755,1195,1.4792840505817837,1176,0,0,5.8225801257201795,0,-0.9136411489421334,0.7619466248690969
Switching,1083.745914651081,833.9774080435745,502.9648697003722,295.10325075360015,12.178031396120787,0.7928735743113794,13105,1200,1.4598482973477578,1132,0,0,3.044844419183164,0,-31.29002339756471,9.845010313369585
Switching,1095.351147663314,1052.7227184502408,372.38311963155866,177.89494331926107,20.280002790037543,0.7926650356827304,13340,1200,1.3064642366603025,742,0,0,2.2373037586590954,0,-23.258607554425453,-4.021636791752371
Switching,1069.1466700518504,1234.3057594378479,471.64459452033043,181.95071384077892,14.245607784949243,0.8138373483135365,11330,1195,1.3163074582707779,755,0,0,4.555352531067825,0,64.24891773234276,-4.706722413233365
Switching,1061.118247907143,1193.700610846281,480.90036204084754,217.22076930571347,26.484011562075466,0.8426236424874515,11305,1195,1.3798151285275946,916,0,0,-2.503683439010416,0,8.934810231250594,-14.285021045980102
Switching,1006.7657924257219,1102.8730227961205,486.4393198862672,300.8505487651564,14.045627737417817,0.846328111619223,13200,1200,1.5180383230992243,1244,0,0,1.840417068176322,0,48.43369942012259,-0.020914443685228434
Switching,1093.5676978551783,633.2912083016708,597.3492437042296,263.93998243846,8.729112633038312,0.7944513747701422,14310,1200,1.5316019527813651,1267,0,0,-1.1254300374746151,0,12.43710864792547,14.154916249203552
Switching,979.5035362010822,639.0229763113894,579.5931678265333,118.81478094263002,28.439366151578724,0.8127084835688584,15990,1200,1.5260532041036883,1257,0,0,-1.9926136617546035,0,-1.3914248154442248,-2.959752326045191
Switching,1073.9626328810118,1193.2613358367234,521.3709565810859,164.95645073708147,25.17585176927969,0.7959174044243992,11380,1195,1.3212802476678924,761,0,0,1.7767261316422776,0,42.478875750220595,-13.122230136430971
Switching,1016.5766722057015,906.4246950554661,730.9116197749972,210.20822900580242,22.20345313102007,0.8409612936736085,11575,1195,1.353710264126418,841,0,0,-1.3155820673524659,0,-28.420286570530152,-6.203409017631657
Switching,1074.3295068969019,634.1369665926322,527.0841744728386,286.213494297117,14.653847365174443,0.8487968576094136,14775,1200,1.494550882113352,1196,0,0,0.23048333010476085,0,-54.63512706437905,9.981745231811146
Switching,1049.9594134744257,721.8694287235849,512.6401891931891,302.08998893620446,21.010890547186136,0.8020322058373132,13920,1200,1.4839191675396126,1183,0,0,-2.676578127800326,0,10.818761300472488,0.49684064997586574
Switching,1023.2830127817579,999.7965895337984,517.1618019230664,262.98323825001717,28.562529067043215,0.8501007766230032,12015,1200,1.4636795462422751,1144,0,0,-1.6795636878408118,0,15.712048065212457,-14.779401875178337
Switching,961.8824163684621,879.5689449761994,566.3573481142521,273.3106653741561,29.498304112814367,0.8467855200706982,14510,1200,1.595826192577511,1348,0,0,-3.457476661959845,0,6.384996385304021,-9.223144531090043
Switching,1034.2093083891086,1182.6451668515801,534.4909592531621,272.7362867863849,23.556648844387382,0.8476265432592481,10745,1195,1.415968489352859,1027,0,0,2.0142958721322657,0,18.092989237217353,-6.54688539624226
Switching,1010.0621272809803,1023.8978022127412,745.4906741157174,210.47478353837505,16.631586210802197,0.7907350984145888,10800,1195,1.3530941511911654,838,0,0,-0.04448063727255658,0,48.09261159085645,-3.616823445797422
Switching,955.6542016216554,1229.9127546371892,615.4502459801733,245.69833573885262,15.155518204439431,0.8158768998319283,11930,1195,1.449678382017872,1108,0,0,1.2994417914940755,0,3.95315944581489,-3.691408197306828
Switching,1026.4118430903181,1070.2971335151233,651.2975033372641,155.73103037429973,8.206868153996766,0.8549330400372855,11390,1195,1.398707622388699,972,0,0,2.042811630936569,0,39.35525793627539,0.032347190574000706
Switching,1000.6029920070432,732.9497846309096,376.8965828232467,160.59440867509693,27.106287985574454,0.8129176300205291,16835,1200,1.5096746139212902,1227,0,0,-0.5991601240110924,0,-3.7114629238162706,0.998725246331901
Switching,1023.4196473378688,1136.879468697589,473.7403301522136,184.67112652258947,9.398496568202972,0.8462980837211944,11910,1195,1.3818052070439653,922,0,0,1.6189567153702171,0,-11.94994821254295,5.582807812898864
Switching,1034.0553657268174,1003.2020488521084,407.729069609195,313.76152152195573,26.095292738173157,0.803804327971302,12400,1200,1.5494041480600478,1299,0,0,-1.5430834353238083,0,-1.6595177963017704,-6.232359289625265
Switching,999.4801172288135,1152.6754422229715,653.9448454976082,260.2369346260093,24.951030920259655,0.7961601291946135,10345,1195,1.4370065061960713,1075,0,0,0.9885908494236162,0,9.713682933924702,-13.949896270242789
Switching,983.4234020556323,702.7730050496757,405.18430387601256,172.39775559399277,24.116943394299597,0.8485355652589351,19485,1200,1.5747221124219886,1330,0,0,-4.210491539576822,0,-2.0811498444013523,-3.1013939848595555
Switching,982.6957266777754,772.7202533162199,585.750992782414,277.3052104585804,9.272089434787631,0.8468270668131299,15255,1200,1.5880198636021128,1340,0,0,4.686007573580326,0,23.458867316647684,4.346732923523632
Switching,1035.6323080719449,1046.3491497794166,578.9112404920161,190.6294763740152,15.759703677613288,0.8025919648306444,11775,1195,1.276316921170855,706,0,0,2.8850448530454003,0,-11.417827952774132,0.4048752426633655
Switching,1006.4715865068138,612.7419504686259,718.337213434279,201.63680145749822,12.924747118726373,0.8405632063304075,16280,1200,1.5365874666847388,1277,0,0,-1.465737504004295,0,-69.03879658369715,9.489522745334511
Switching,1009.1511873179115,667.0823513763025,444.99619835987687,105.93885199166834,23.543301396537572,0.8566608953336254,20485,1200,1.6123583472651601,1361,0,0,-0.5187506829151687,0,7.785018956173644,9.839185357569932
Switching,992.8663607453927,662.9629900329746,488.11004273593426,150.8201375673525,25.468113576062024,0.837548104680609,19165,1200,1.5656945036971113,1324,0,0,-4.540132642891734,0,-13.695582339720204,3.46958034421732
Switching,955.7623497559689,646.0969169158489,580.1990988664329,235.9173989808187,27.144887558650225,0.844590638037771,17065,1200,1.5996250499129057,1353,0,0,-4.500152777238554,0,-50.64956865965223,-6.379924169703941
Switching,1092.2628852073103,1095.7762079196982,655.1887495443225,328.6015328322537,10.24000483006239,0.8257421750039794,10285,1195,1.5767329254162143,1332,0,0,5.9213485670431965,0,29.31618550499843,-1.6869334958569198
Switching,1084.3560970504768,894.0302770351991,442.50842900946736,259.5151080004871,25.086212350521237,0.8562016942491755,13400,1200,1.4048583901179463,992,0,0,-0.7450448970185164,0,4.037729946077889,-2.488539389470816
Switching,987.7117849187925,1008.2093127188273,663.659992814064,201.2287619127892,18.02670932095498,0.8139462299621665,11415,1195,1.3083935873992867,747,0,0,4.184055202203865,0,46.07876119817229,-6.440783935653258
Switching,1080.0722268293612,638.0177994258702,553.7129408679903,190.82842538598925,29.452869412954897,0.8048052995745093,15470,1200,1.49683898522846,1203,0,0,-3.23222120828612,0,-62.21276079282643,-3.477286919450762
Switching,979.0008479729295,1128.1567909172736,433.59738904982805,104.02209636056796,24.628617947921157,0.8074467327562161,12840,1200,1.3835199806412712,926,0,0,1.2130067461992269,0,7.485344349746811,-8.381095248388533
Switching,993.8220568583347,793.2767004007474,628.8792223669589,287.5234695803374,13.47537798108533,0.8304964682878927,14595,1200,1.5296344129431982,1263,0,0,3.938829436058512,0,-51.47834634044648,5.118892478388943
Switching,995.5291519640014,1020.6933262408711,726.8032420426607,149.3051556008868,27.63663321826607,0.8157763218763284,11275,1195,1.4138874407965567,1020,0,0,0.3463885026167759,0,17.969135960762287,-14.06418855911852
Switching,1061.0406184918247,907.25630200468,565.1006291620433,123.23946207296103,27.76691100327298,0.8050538766011596,13405,1200,1.3686298836933237,879,0,0,-2.7636037728500185,0,-23.476378726830262,-10.96262848807578
Switching,1043.5859450604767,1165.9852719749324,619.7096964344382,221.80295151891187,18.28667287901044,0.8070781871699728,10655,1195,1.3149162935630436,754,0,0,0.5060201133763087,0,16.80258038628972,-4.0985402390490435
Switching,969.5317151141353,875.2123919082806,448.51403879001737,314.27758924663067,26.766681218985468,0.8321575865102933,15230,1200,1.6506706566090015,1379,0,0,-1.4001487204401997,0,3.481196781127892,-6.43646041162458
Switching,1095.1087967026979,839.3809344503097,659.760051779449,232.8846102883108,13.716228649020195,0.8176357000903227,12345,1200,1.3393255763977487,799,0,0,2.2879562017470505,0,14.135288691486949,7.469496438469378
Switching,1053.7190971081145,1100.6043476751074,630.1588249392807,244.0682783909142,13.289295411203057,0.8270294532692061,10830,1195,1.357993089772021,849,0,0,5.822150976068343,0,22.10546407011725,2.354550722532622
Switching,1067.188233626075,946.60876711132,603.2431706786156,131.93813232472166,19.327782447449863,0.8481376628181898,12715,1200,1.2630543750648489,702,0,0,0.727752602283374,0,15.361002600353913,-5.8541160325098645
Switching,1060.1180943544023,844.4669819436967,415.5778548680246,125.81336735282093,12.779275377746671,0.8108143064845353,15430,1200,1.3759109684144446,906,0,0,-1.9965500313948326,0,-42.77830654193622,4.822454205398799
Switching,1046.1004443466663,1152.6574330753647,606.759356148541,118.57521206373349,26.82120936922729,0.8050143905472942,11390,1195,1.3654444554179395,871,0,0,-0.8831409050419836,0,0.9135931299583717,-7.585908554129674
Switching,1077.9014288098551,648.5329868504778,702.8501377440989,311.2223033513874,17.988260593730956,0.8111854217993096,12865,1200,1.5384154864604158,1280,0,0,2.7602758975418453,0,-44.62668539986089,2.5261818088877135
Switching,975.9527393383905,898.382198496256,616.0899464040995,244.04092049924657,9.954568141140044,0.8114092662441544,12160,1200,1.4299482977543447,1060,0,0,3.23336957337537,0,12.038102875640561,0.8312504795168252
Switching,1090.2754903188907,1232.377405418083,414.1216720454395,217.86789018195122,17.58514529047534,0.8255031213909388,11470,1195,1.3328243732866456,782,0,0,1.2264664714566038,0,72.28668455189154,-8.61452746120176
Switching,957.9725496005267,788.6473880033009,717.3602318391204,320.2057506260462,11.174847524613142,0.8544935521134176,13660,1200,1.6776350871157522,1389,0,0,4.454167812212489,0,8.168765938030447,-1.246911152446046
Switching,1078.4170948085375,817.3009662656114,438.81073789671063,197.45294462889433,23.1074355118908,0.8068283991096542,14715,1200,1.342504033118332,808,0,0,-1.5420792760338884,0,-7.3821032304558685,2.5894472720970043
Switching,979.7862772131339,983.4496795316227,400.0101886689663,144.82587516075,16.700466773472726,0.8270669412030839,16325,1200,1.4139621443650028,1022,0,0,-0.5623073379179857,0,1.6861159552604477,2.5855318654254233
Switching,1013.0085756885819,1184.3856751918793,577.3495047353208,222.9979681270197,8.168398620095104,0.8119755747448654,10775,1195,1.442442458459617,1090,0,0,5.517578962804919,0,60.51806850222056,-1.5603709838551367
Switching,1018.592646624893,862.3118154122494,490.30354265123606,110.47421114752069,20.788804167881608,0.794616940796841,14615,1200,1.330106771222869,776,0,0,-3.3613414821902268,0,-5.773974204046681,0.8006158317156178
Switching,1092.2168144606985,940.1683571981266,742.7442424930632,270.4143469873816,29.994382478762418,0.8049194099614397,10950,1195,1.545025300074005,1291,0,0,2.2506469445284267,0,6.918491207029092,-19.678372177338815
Switching,1003.2991727814078,777.5980648002587,640.6189741566777,231.49083320284262,15.757548024877906,0.7957896532234736,12965,1200,1.363051845113351,863,0,0,3.9277629283479882,0,-35.28936203129797,4.673052721442787
Switching,1065.2713943854906,1046.982053318061,476.6113401390612,227.10760000161827,15.648052443284541,0.833548443284817,12215,1200,1.305048181401408,740,0,0,1.9186227451075695,0,-25.19988246237699,0.20772481813992272
Switching,1017.2170168487355,774.9814620823599,394.07189078629017,116.52389923809096,8.210872338153422,0.8519568734499626,19410,1200,1.640555400116313,1374,0,0,-1.3051721575034207,0,21.401194586964266,18.167370506387897
Switching,1001.0563230491243,1083.3120049443096,484.4456057064235,183.91604609321803,22.57634701160714,0.8574640615656972,14245,1200,1.3671443684438673,874,0,0,-1.0391477613409847,0,-23.442833564857665,-5.2453166157010855
Switching,1004.2152976151556,832.58327197982,457.2223952040076,112.37758745672181,17.924498591572046,0.7938551922910847,15250,1200,1.352583329760477,837,0,0,-0.3466906369948788,0,2.9862525069215735,5.326487157051247
Switching,1079.0579958003946,798.7693399889395,466.3626288063824,204.46320801973343,23.870451519731432,0.8043480157060549,14550,1200,1.3481609323958867,828,0,0,-0.7535018944575995,0,2.440836396954637,-2.957148632278404
Switching,1031.3243897864595,883.0511772190221,697.2028769552708,306.9944757572375,11.412359192036092,0.7975651522516274,11330,1195,1.5307093871766617,1264,0,0,2.6023382092572547,0,-33.43280869463115,-5.800723037021044
Switching,982.3587056132965,859.4417290762067,594.636772479862,153.83701961953193,18.92072912445292,0.7958525580819696,13300,1200,1.2986307071474312,727,0,0,1.805130849718978,0,-4.467138242144756,-1.5011930226010008
Switching,1003.3823114819825,1152.1955521195196,691.4374927058816,165.60840418795124,20.143818961456418,0.8137055434216746,10645,1195,1.321583312894871,762,0,0,2.636858054470764,0,28.36528648897638,-12.931392962917243
Switching,997.6811468251981,1234.0941046597436,468.77104127779603,243.69382035918534,9.350832224357873,0.8256419149274007,10985,1195,1.4690574901196007,1156,0,0,4.952860590349843,0,-8.517402231228061,-5.979364725997243
Switching,964.064978598617,1223.6189219751395,497.41221629083157,213.5929284687154,14.888321590609848,0.8049198803748004,12895,1200,1.409630349930352,1007,0,0,-0.3555747784079699,0,32.29852066971944,-6.565347752757702
Switching,985.9319904237054,954.337594890967,619.8954272083938,192.750775530003,11.841734289657325,0.840788141284138,14120,1200,1.4006876678448328,976,0,0,4.189241351796056,0,-4.255329711528248,-0.4740950799168786
Switching,1088.2303935009986,1168.3272644761018,376.6746250912547,251.7232561786659,26.656685262918472,0.8098251288221218,11905,1195,1.4503058242902274,1110,0,0,-0.0556399720890397,0,67.24424506436799,-13.089059056999758
Switching,978.3764102612622,945.3680680831894,526.5971404500306,111.02173516526818,9.121380588505417,0.8002377462154254,13510,1200,1.4085020367691508,999,0,0,3.638086214623911,0,40.344053858307234,6.799340710187039
Switching,951.8507796805352,619.3177346955054,445.86967285722494,306.0249134269543,23.667431499809027,0.8364886387088336,18195,1200,1.7315871075587048,1394,0,0,-3.746870031873385,0,-50.942382456991254,-2.0201779345578643
Switching,1054.6049002674408,847.120717423968,698.0703462846577,259.7354118898511,20.803379388991743,0.8481348628131673,11850,1195,1.3834987952740239,925,0,0,3.5203338976572525,0,21.000091305948445,0.011779736766584392
Switching,1003.9210498565808,690.665124647785,423.87602254748344,193.0362743861042,9.200278050266206,0.8282299105986022,16355,1200,1.5110876614215851,1230,0,0,0.29474031280676627,0,-23.60358260687326,17.76057353682313
Switching,1078.5320104914717,947.4185559898615,488.6788963340223,195.21723598707467,10.529857323970646,0.8471317015867681,13110,1200,1.3382241816096614,796,0,0,3.968094290105199,0,-23.336049687929517,10.984131344599064
Switching,1013.1912286393344,1099.4646977051161,460.39494816213846,108.44798291334882,24.524273494258523,0.8266912193153986,12820,1200,1.3518363442299839,835,0,0,-3.1305908140674887,0,7.076497982619458,-12.525273253604496
Switching,1015.0973429554142,990.8365792827681,571.8922042287886,89.7944459412247,22.00496330158785,0.8559688620129601,15100,1200,1.3922244877340437,955,0,0,-2.905521304651245,0,20.2646710033805,-8.089761738316952
Switching,1011.0648739850149,1227.3804453783669,712.6385282725096,199.18749258620664,18.570036296732724,0.8309191823075526,9995,1195,1.362358822767887,861,0,0,2.825001326001427,0,37.91011978750794,-10.226309654271745
Switching,1081.117965222802,888.0482819397002,546.8860688619316,253.87474735733122,23.21185203595087,0.819284298028797,12665,1200,1.3479536826771932,827,0,0,-0.7145106039232303,0,-15.82992431645971,-1.3297394618841736
Switching,985.5480099562556,975.6247395533137,733.4148688241839,160.5979774449952,21.853278897702694,0.8226158444792964,13345,1200,1.3916456684231273,952,0,0,-1.8911220524307168,0,-21.79765279638832,-9.610655947458326
Switching,1008.565437712241,689.3453765427694,575.436329562217,143.0573364906013,14.339432998094708,0.8024238831689582,15190,1200,1.3773968654539508,910,0,0,2.2057205885237465,0,-27.568020091675862,11.974047861895883
Switching,1024.6118395822123,849.9933704850264,422.8927820920944,300.33689537784085,15.02202984970063,0.8327288538194262,13595,1200,1.4840271248470653,1184,0,0,1.3418748901850108,0,35.55966201736828,4.133886913047036
Switching,1085.8903338084929,1004.2687025852501,605.7630128227174,94.59120179060847,28.167620507534593,0.8591052708867938,12545,1200,1.3881145139202395,942,0,0,-0.7176358589731819,0,47.06571696777337,-15.131723647988338
Switching,1080.5935131385922,1045.7579151145183,563.6001082137227,89.0947724529542,11.091813718900084,0.8295307422545739,12590,1200,1.3493228592358846,831,0,0,4.568527267394387,0,45.22347127336525,2.981601621362188
Switching,982.8756601200439,1222.1432186895981,500.48214504495263,196.81758682243526,17.03958943905309,0.8339235212327913,13000,1200,1.3771514827280624,909,0,0,2.1290576375143644,0,23.15455848822694,1.573837081032707
Switching,1005.0926097668707,1083.9570512413047,420.25330159813166,124.54363702097908,12.965781779959798,0.8189888549526222,13130,1200,1.3516420084788634,834,0,0,-0.7135999889237326,0,15.10119978024386,7.264277630345305
Switching,1037.0763342478313,1122.9209580691531,449.18414736166596,197.07147886045277,26.688312575686723,0.8049021738255396,12090,1200,1.3704076067449296,889,0,0,2.2311624144591633,0,30.18255354425446,-7.830592862377216
Switching,965.6564818462357,993.7063060351647,499.22914765775204,168.39513052953407,26.80222660023719,0.8581712665851229,15020,1200,1.4373368444083956,1077,0,0,1.365926568178736,0,-31.542608139030108,-13.37127768623725
Switching,982.9837967990898,1205.7012035045773,564.8970085196197,290.95831820275635,25.918862387072295,0.8205719810910523,12105,1200,1.5546386973541133,1308,0,0,-1.0453951735216265,0,-9.353250612289685,-18.724252253760596
Switching,1024.702162342146,1042.7919451030903,452.07194071263075,199.7136755217798,26.899309769272804,0.8115956179634668,12620,1200,1.3725274750086642,897,0,0,1.4079995065571609,0,7.348054601622607,-11.423423690900904
Switching,976.3561626081355,716.8938448419794,707.2490942664444,169.41315161064267,28.69774944195524,0.8364016189193353,15655,1200,1.5580566121753838,1314,0,0,-4.423549793968448,0,-8.451651468506498,-14.032788873863865
Switching,987.6144704641774,1084.7248504054733,494.6556016802788,179.88378448178992,18.153575922362506,0.7968589368066751,12155,1200,1.2899758594979076,717,0,0,0.45038554124940333,0,10.301281282213495,4.24610261229509
Switching,1081.9935495848767,1026.9761725328863,391.2489137612283,294.1284985700622,12.232740690466017,0.8151086606550962,12490,1200,1.4760275890161423,1170,0,0,0.6493063960703296,0,50.768304250233996,0.21058836645943302
Switching,1070.304298400879,1240.058981848415,430.12640941888094,146.2907199584879,18.529718784615397,0.8006700915587135,11775,1195,1.3083296141123182,746,0,0,1.7055538849788263,0,26.560085522913596,1.40136091861973
Switching,1094.4255730719306,1087.1869215974584,450.99457958713174,140.63403724692762,23.8281583157368,0.8104081729101017,12740,1200,1.2984243369589885,725,0,0,0.6512195253963853,0,12.835775688181457,-6.935270160865457
Switching,1039.469212363474,713.1845329538919,373.482621088624,270.1842068764381,23.485183679498732,0.842683314185124,15760,1200,1.523946882182028,1251,0,0,-5.310417243472358,0,-58.188793452327445,0.4708153911424233
Switching,1071.0861467174254,616.3584135007113,744.877817761153,138.77254519145936,23.822559024672955,0.8353537609428168,14255,1200,1.440143672849238,1085,0,0,-4.177026093673021,0,-72.42059848693225,3.21616908399983
Switching,950.2959176432341,1240.1429676334374,458.7041413411498,114.55816657515243,29.228723894804716,0.8117461211630144,13760,1200,1.5414837193848265,1283,0,0,0.8302706850838888,0,-4.909800974679001,-7.255174250745313
Switching,982.5010702130385,726.9950664369389,421.63392500951886,175.90853657573462,26.9957431727089,0.8237210639892146,18835,1200,1.584882628441649,1338,0,0,-5.8406279723646435,0,13.919552139578627,-6.202029611928197
Switching,1071.982370922342,779.2687309789471,742.5396395847201,166.25434088753536,13.788887985050678,0.8471671287179925,12670,1200,1.3563123498187237,848,0,0,0.43487607438046894,0,-45.34460548516245,-1.2250638684531623
Switching,1034.4059030641802,908.5684351390228,613.3501318283379,187.88047080859542,12.372691004071385,0.7921860596677289,12510,1200,1.3181498427929919,758,0,0,1.270336970032048,0,19.417129459166972,-2.0340394389056655
Switching,1087.2193957911804,600.8212123182602,431.15583658218384,88.3213429315947,20.52769811730832,0.8405979346460664,19090,1200,1.5352380369102807,1275,0,0,-0.21561186830967927,0,6.754185017628515,12.777666195119991
Switching,1007.7576936106198,1078.258788678795,358.41215616092086,291.6630912059918,13.79978491133079,0.8096414536330849,12375,1200,1.498323067965713,1208,0,0,4.5618510308768805,0,47.247246542466655,0.08412095838230016
Switching,1083.0945624038577,868.2137344381772,362.159931845963,208.1144316890277,28.541327139362693,0.840114091646392,14865,1200,1.4672499187393928,1149,0,0,-1.5095620548080433,0,-11.813521079752718,-4.613888646600117
Switching,1040.6473052338697,778.336612530984,352.1029652096331,162.8704710584134,10.627283890265971,0.7992620829911903,16535,1200,1.4770055414484498,1172,0,0,0.779654602312803,0,-22.043712940273053,16.74534175326926
Switching,991.251706960611,959.401497116778,491.8046075850725,210.54233248112723,11.079132453538477,0.7968113867077046,12870,1200,1.366598732522841,873,0,0,3.0620579895681885,0,25.610663289506647,6.044354435016658
Switching,956.0229299939238,1046.152771404013,624.0095059387386,184.56241748761386,13.89472960261628,0.8472259235754609,13450,1200,1.3796493024924235,915,0,0,1.7386816526347104,0,-22.751546951512864,3.1245560173583726
Switching,1026.6533640678972,1147.0196875627153,533.9289298281074,327.7183247101493,21.504053596407175,0.7900192660861649,10645,1195,1.5195253083542037,1246,0,0,0.532172253929474,0,22.590895831011494,-9.539746644294041
Switching,1073.7587219220586,695.4092123312876,702.3691807873547,208.17328795790672,25.701651255134493,0.8035193804604933,13315,1200,1.415530811295717,1026,0,0,-0.621693806799243,0,-44.11472398531305,-10.007862935497542
Switching,982.0390606531873,828.9904178236611,613.7982226908207,99.40726715838537,24.753774805925786,0.8351892287074588,16180,1200,1.462902313813673,1142,0,0,-0.49598733063083955,0,19.55211778238845,-3.687518330746684
Switching,979.7960895928554,909.5722222700715,415.67278346046805,132.69795295316726,18.48576002707705,0.8055990730877967,14670,1200,1.342981939622915,812,0,0,-0.7850393909675972,0,-30.336571554562397,7.460268241931658
Switching,1027.2839699871838,970.7301565795206,699.122897721827,258.5985082970001,29.211525039747357,0.7928963482310064,11090,1195,1.5023185669584935,1212,0,0,-1.0563613187110832,0,8.281848550449922,-14.566886027522969
Switching,968.2425997802056,811.5071517648175,500.91416323557496,137.4918028432876,16.98873505042866,0.8581014414364473,17210,1200,1.4275859275625802,1055,0,0,-0.05913467867588906,0,-16.09943701952534,2.4890763826468856
Switching,1000.5248215049505,1093.6781360185705,351.7233805730939,270.2972614043392,17.508932484313846,0.8060266524297186,12465,1200,1.4417810046371216,1088,0,0,3.11139569459246,0,25.034188721162536,0.042179877888770534
Switching,981.7054989398457,1167.809851304628,378.42278042808175,156.8870261963457,24.394088965374976,0.8413182287709788,14650,1200,1.4480187257789892,1103,0,0,0.7532216019208136,0,24.273220798730108,-11.488173884013463
Switching,985.2553543401882,617.7376233623363,701.367000117898,111.4365208032541,24.175018616952002,0.8474537009256893,17440,1200,1.5674478695660459,1325,0,0,-0.946412248146487,0,-59.90757385590041,-1.06234726809339
Switching,1053.8647745153867,813.2451530080289,375.6953055970371,188.1100607989356,26.301214050035924,0.8075322364270687,15530,1200,1.4335836093123897,1065,0,0,-5.387999510699956,0,-25.670141112787405,-5.067917456008445
Switching,999.2491255979985,973.5168856452219,410.014027915895,170.1524338987656,11.43660556897521,0.8316124350228348,13765,1200,1.371662018157418,895,0,0,0.30235324171684397,0,-29.67184041775363,8.863806817929685
Switching,986.4891495672055,760.7387105701491,415.01905219629407,287.6776409521699,24.220415534917265,0.8293328522471711,17050,1200,1.6152886314940964,1362,0,0,-2.981550157038413,0,-39.05619160142578,-1.1488297755955728
Switching,980.80564069096,792.7523697842844,744.9288420379162,220.7627197331749,19.007115340791643,0.795905857400503,12160,1200,1.389590041401241,950,0,0,-1.0095698484079207,0,-37.609388871985175,-1.9421848775476747
Switching,1074.4715059059672,1114.7060792893171,559.2758356593549,176.73629805911332,12.007857815828174,0.8368503216188401,11555,1195,1.3031036953415713,736,0,0,3.7931528573634523,0,18.03094417742477,-4.554775400133394
Switching,1001.1637317948043,1016.329084651079,733.4295505657792,184.42668298492208,19.749097416177392,0.8331777756963857,11055,1195,1.3290184296164154,774,0,0,1.3451362500213975,0,19.123249326919904,-6.954728996133667
Switching,1068.8529086881317,700.7253363030031,530.8331930078566,245.63661978580058,17.11380385654047,0.8395021018246189,14475,1200,1.3809585628343373,920,0,0,-2.1550411139553205,0,3.8522260475406256,0.34516026082678763
Switching,1041.941724321805,747.710109280888,518.0584322661161,302.7468413184397,29.565506075508893,0.812889464951586,13635,1200,1.6050708577072723,1356,0,0,-3.5070636510743043,0,-50.58498953284561,-3.04690240982427
Switching,1092.8434766246937,917.8019617218524,727.7103069238365,294.4122425233945,16.536285690497607,0.8286033166013659,11025,1195,1.4427312827644447,1092,0,0,3.7417539068613905,0,46.848569414486064,-1.7033090287418418
Switching,950.3661470953375,801.0842712479644,503.87273859232664,276.6453635250218,24.080986253917217,0.811756626686547,15775,1200,1.5434544149580296,1287,0,0,-1.2001681531206145,0,-30.575804158113897,1.6470592957024337
Switching,1006.0816249926575,1043.0880959844217,606.2539395876229,319.51204819604754,16.891565694008023,0.7982100903382525,10860,1195,1.4869745550583966,1187,0,0,1.6431034147552737,0,-16.05286380193502,-9.5609686796613
Switching,955.3444021847099,714.645700796973,681.4235469326377,126.17827368201688,25.601544607430696,0.7970992058538832,16390,1200,1.5196917426518324,1247,0,0,-0.30408527719453105,0,-39.13490572142837,-2.535245432068564
Switching,982.7002572012134,951.1215311242267,731.562299001962,130.10839365422726,28.50085803354159,0.84699201523792,13765,1200,1.5024039910386224,1213,0,0,-1.6047744524082361,0,-9.70684529781147,-11.884935692430304
Switching,1043.6201175907627,650.4528273944743,439.8233659565449,162.9037543735467,23.907374649308622,0.8472142958431506,17065,1200,1.4516649370699513,1111,0,0,-0.52125272145841,0,-28.07913427550693,-0.3750014715819816
Switching,1038.7915998580866,1133.7105689570308,496.60762092098594,170.40043328423053,15.940189579036087,0.8448944468703121,11875,1195,1.2821243296139166,711,0,0,0.9628666557536008,0,59.86452468172001,3.505930348521133
Switching,1088.0655230022967,817.037573212292,639.2279217019677,80.49884809413925,21.564398350194097,0.8388643025537021,13915,1200,1.3467403116346992,824,0,0,1.9789747605084358,0,-27.845091254032468,4.210649452290681
Switching,975.6220820941962,736.9681642623618,495.884917024523,321.2108958233148,19.03408207045868,0.8175285361194984,16055,1200,1.623108191522474,1364,0,0,-1.3143568193367514,0,-56.3395273102451,6.987170247272502
Switching,1063.5380605002865,710.7792198308744,555.7434882968664,126.4278316940181,16.409938124008477,0.7946116019482725,15355,1200,1.346231127689557,823,0,0,-2.362699907953697,0,-39.07579951852631,11.885792984838645
Switching,1002.3598266183399,928.5190484020859,486.9142550043762,139.2114677419886,10.407699957024306,0.8153414677269757,13755,1200,1.3672684247568885,875,0,0,-0.6436956412561017,0,30.3453514535654,9.321234545556877
Switching,1023.9608645904809,1005.351553473156,594.9163613840938,268.03752987878397,28.102585896849632,0.8217655196622946,11445,1195,1.4618286116896417,1139,0,0,-1.5553294335582848,0,-16.207948723786103,-15.200146090374346
Switching,1052.3171645705588,1092.9903564741835,643.2642293162644,164.83115257695317,19.726892864797264,0.8330795020377264,11250,1195,1.2732751968002032,704,0,0,2.1495511316852856,0,65.08434033814319,-10.237068289257422
Switching,1031.7633559228852,970.1868580770679,585.9291777014732,148.08795867254958,22.82152485381812,0.8022525359294378,12550,1200,1.285051780323856,714,0,0,-0.8839826515581706,0,35.99791982406032,-8.095517890269434
Switching,1017.3110443050973,1039.539264794439,656.5699360333383,215.7519259909168,10.959178110118955,0.8127094036806375,11185,1195,1.3712455013453924,893,0,0,3.1849378010530813,0,11.22341333345912,1.7091450906938235
Switching,1037.8032498061657,772.439816815313,528.1715022400022,213.87076795333996,12.315918324515224,0.8318173926067539,14120,1200,1.3688598564539385,880,0,0,-1.965296047668943,0,7.070462952368871,7.9230048314682335
Switching,971.7535121948458,817.9507272550836,403.9867387153208,311.6795678343624,29.26665070326999,0.8503124959813432,16270,1200,1.7432792773869141,1398,0,0,-0.21898313022219895,0,-19.53287405123865,-2.29470997494127
Switching,955.7559146545827,1030.0859994604252,658.7360287085176,162.8832714469172,15.605151230469346,0.8394626121525653,13475,1200,1.3692579356386991,884,0,0,0.02695282408532762,0,25.957324931913263,1.5092259412944031
Switching,1043.6122232698835,909.1768282698467,604.4738763011992,219.61090170778334,20.77602843241766,0.8215635263035074,12340,1200,1.2984495801819655,726,0,0,-2.3175710825919396,0,-17.869065993507775,1.1531366330168566
Switching,969.7852827375755,743.6888211988844,619.8770802468061,105.8906275848858,21.718999822624028,0.851642154834699,16980,1200,1.4696429173993415,1158,0,0,-0.5936613487887143,0,-43.632452135210315,6.644701603743897
Switching,958.582125918474,1027.0701237488538,627.6475342921913,177.77806175407022,15.678720451425761,0.8579410609416664,13615,1200,1.3632699285835463,865,0,0,4.201593740840281,0,43.167940184690906,-2.9033803727677423
Switching,1084.4139380846173,798.0354716884904,748.1270564720035,163.18828168557957,10.955892063677311,0.8390979614318349,12510,1200,1.3884090379139262,944,0,0,-0.03598875583730887,0,8.995220101960967,8.98757483225063
Switching,1022.7808359195478,627.3831188445911,404.9778309650719,122.82145341858268,24.61163323977962,0.8027652622899041,18515,1200,1.5435384949107804,1288,0,0,-3.3863793428382962,0,-41.44208849646611,4.613153368952908
Switching,972.7893608855084,1234.1319691506214,454.2428433895111,150.82507194718346,22.247189330868423,0.8473187337047421,13565,1200,1.4023076487268196,981,0,0,-0.6906822738472442,0,38.320505186750324,-8.198958858123547
Switching,1097.6060473243706,1212.44210684672,627.7496731840074,185.73987441603094,27.666181666310877,0.7907369457278401,10555,1195,1.379644481764072,914,0,0,-2.333356492025814,0,48.87830858231473,-13.751239578345121
Switching,1048.6533110961318,981.6041004261933,730.7422103360295,218.80423043156043,23.0194955971092,0.8380526886996813,11075,1195,1.3546321904271428,843,0,0,1.8439475054295542,0,29.072202765624752,-9.212475269744118
Switching,1076.9612882868387,919.7819996858016,526.2899638153613,296.52934583835304,14.019074846524745,0.8464849313767627,12270,1200,1.4235351115550259,1046,0,0,1.1527451383258551,0,38.033929711646124,6.019010054342971
Switching,975.7857790915295,1073.86093797395,738.4463209658861,271.7705817031674,28.814328298904,0.7931984545919113,10260,1195,1.565495135773571,1323,0,0,-1.8617542780127678,0,13.666325733270241,-13.185876668637889
Switching,1015.7127043581568,706.7384795751423,732.2516898624599,322.80968762468547,17.179321605246514,0.8456451265886427,12140,1200,1.5811982860380789,1335,0,0,2.634617942198645,0,11.015049927900236,-3.222460422310178
Switching,1034.8029097076505,1244.3290660972707,375.96291806548834,92.88759132148698,10.372602436691523,0.8512959115975537,12485,1200,1.458061696092546,1126,0,0,1.1284285098700195,0,-1.5323534974504582,6.596131778477684
Switching,952.45355052175,1170.2337846858427,469.32208286598325,257.75605618953705,26.343237648252398,0.8435816677613184,13150,1200,1.5173014197668437,1242,0,0,2.419489702570985,0,37.01386817517596,-8.281097729444696
Switching,1039.1769972164184,932.3747038724832,723.7892476841807,106.20543754892424,22.51587423682213,0.8305921783135273,12135,1200,1.3459243396277207,820,0,0,1.47382741717621,0,-15.205029750458834,-11.565070483852423
Switching,953.6748790298589,1091.5186108788475,700.2875667996705,146.59650662913918,17.61081977793947,0.7931320866709576,11035,1195,1.3332215134530796,784,0,0,4.421421410211906,0,0.7297188614120387,-9.431942035770135
Switching,1030.8825955959037,1197.3260259372182,477.2414341568947,231.63574641337618,12.383783201687038,0.8088595384708606,11220,1195,1.3774710873626026,911,0,0,5.0105518286682695,0,58.93652171223221,-2.11124437375247
Switching,989.9098484660499,712.3553062789142,577.4634412489831,254.35759550426155,19.939287727233022,0.8221289434749633,13850,1200,1.4090638487125104,1001,0,0,-3.0451320147153353,0,-63.434195339784765,-3.661295944353583
Switching,989.8971516638994,781.0620418167673,472.21491504460573,252.43238218361512,14.157463414594531,0.8122207788866945,14205,1200,1.4189844768865347,1038,0,0,0.8483732146769967,0,26.06317156528894,8.052562568722692
Switching,1008.1914390088059,1208.5140904644504,669.922782573849,307.5568281766027,15.782513451296836,0.8580782304005697,11415,1195,1.5557200016516715,1311,0,0,4.018290522198328,0,28.36162477916332,-6.020182730687111
Switching,999.4818378938362,1213.731879054103,571.1856696754694,312.0273436489515,18.841975250281394,0.828331268306356,10200,1195,1.4971748609699476,1204,0,0,3.6853419753918786,0,44.58861147948619,-7.3177392280929325
Switching,1040.0023695430718,944.8201361577958,467.28137684985995,253.8926264224574,24.10512940166518,0.8590798249840736,12835,1200,1.380568920763277,918,0,0,-1.0344653747419557,0,-14.372672770304234,-4.600613946998692
Switching,966.0381499212235,1193.2672222028486,550.9116178378463,145.69295638473704,19.197410192340612,0.8485260491468944,13200,1200,1.3625694608542775,862,0,0,4.272296627657937,0,61.75512253819852,-3.434329667335305
Switching,981.9939661887474,1215.2489232597873,514.5742644555867,124.98132783919573,17.12899068230763,0.8422103384463117,13450,1200,1.3752315851647579,904,0,0,-0.38248724015269886,0,70.54247125958227,-3.5249802410902475
Switching,1064.2925188178197,774.6135178138502,700.2666346728802,120.31629062956199,10.875590509735048,0.7947304476960563,13405,1200,1.3959856337963823,966,0,0,-0.2860537534993455,0,-28.977324133097227,9.85247073762207
Switching,1092.3430310445838,683.025287464261,362.3450039885938,243.86956453789026,12.041789398994297,0.8558409066777677,16590,1200,1.520347913344869,1248,0,0,-0.5064628196055594,0,-53.47229078706414,11.850352824181073
Switching,965.2621428482234,1049.5167519315146,426.8941456452012,281.379542297218,16.06601575948298,0.8475131098483689,14195,1200,1.4979309238702112,1207,0,0,0.7159862144121973,0,18.238134041223475,4.870107563891338
Switching,995.9549938910641,693.6724505620077,497.20978969708085,123.51420165039599,11.125682436395437,0.795571161643602,16270,1200,1.4568864564763375,1122,0,0,-0.08451798428026791,0,-56.84056111969903,10.608033792296737
Switching,1002.2261472418904,656.9746822468005,526.2529464438558,286.31665509426966,11.461724853143096,0.7987648699549027,14555,1200,1.545052853753116,1292,0,0,0.4302655785423326,0,10.155141846251809,7.672352773671946
Switching,1017.7472785697319,921.8430750304833,533.3287985064089,244.22566841356456,11.496511195320636,0.7947437297226861,12585,1200,1.382235662573474,923,0,0,-0.7747089860616541,0,6.472096075010995,5.194680779376995
Switching,965.4806840000674,1124.0967685938813,459.03871543705463,181.40003281412646,25.48004958126694,0.8432087619486265,14140,1200,1.4257673265263069,1051,0,0,0.051758424313476326,0,49.14727974074549,-4.917082640530452
Switching,1006.3589306897484,1182.905047154054,735.8820210210979,308.4170825732872,8.298081878107041,0.8025098003074527,9600,1195,1.6540804555083537,1383,0,0,6.4922817939474555,0,28.024640474263833,-11.551449464576763
Switching,1040.266923746094,758.8542072917335,474.8224338516593,177.58382645668462,10.441982943564653,0.8054401938640513,15155,1200,1.4053083539321347,995,0,0,0.49657820383092144,0,-10.933719248612306,9.112604534541788
Switching,1075.7615218055435,1174.1387952817604,461.7911105044186,325.3997228294611,10.874053771141917,0.8458310626400635,10905,1195,1.567529817582595,1326,0,0,0.7804233675559544,0,10.776344384791173,-1.913279730537397
Switching,1061.0741568962112,1017.810734838713,421.9086714088917,252.31504659866914,9.05218458082527,0.8432410250394605,12640,1200,1.4478841126717084,1102,0,0,3.59917090631356,0,55.17876208029611,0.37637453473257665
Switching,1001.7442159238271,714.490151964128,549.1644754074514,294.2842357279733,10.331304618623108,0.8091348469164222,13725,1200,1.5477828667118325,1298,0,0,0.6195672071971501,0,9.989150233229793,1.2189179590831145
Switching,968.9294808544219,944.627410674002,654.120815731585,327.0205035642721,17.918683560565114,0.7961954615195282,11105,1195,1.5289190072610126,1262,0,0,2.92078865283284,0,19.04032896625631,-0.9060963064315501
Switching,956.008001754526,619.63280972559,384.4939508475363,166.22605283744633,28.20622943388298,0.8003152301395312,21320,1200,1.7614357808983567,1399,0,0,-4.437158855771713,0,-6.157910149030158,1.1545106152526614
Switching,994.5447535952553,1212.6827992149629,374.49690364301205,206.85223360313103,10.037661549635231,0.802041279047262,11920,1195,1.4491451819600158,1107,0,0,5.221973639205856,0,57.21372357230166,7.307063080788339
Switching,1036.0232328413986,1063.9072744641453,571.2133008055389,307.46908047702163,10.657424672972411,0.8313549652881921,11010,1195,1.5081233176499322,1225,0,0,0.20308940199959125,0,20.118141014886533,0.6808221555693308
Switching,1052.6017003227025,732.7726501855068,533.996438793838,309.1940639843233,13.136603906750679,0.8498543895618059,13570,1200,1.5159407469016486,1240,0,0,1.0324371134865373,0,-44.677438200500546,2.3716253285306266
Switching,1025.1079623703845,1104.7239606967196,444.8448550887406,159.2773594148457,26.101335054729134,0.8152173994993791,12515,1200,1.3533191556813478,839,0,0,2.0485908148647525,0,-6.508430147410309,-4.6451687471322884
Switching,959.3500405084342,650.2124884049408,655.0501024350524,90.11430920334533,14.99984486028552,0.7962349705048837,15325,1200,1.461788247158079,1138,0,0,-2.2563860381498273,0,-44.97830531994987,8.671368719628049
Switching,1083.9965432998724,953.8011363474652,713.0295057781041,194.08280488103628,29.10342081123963,0.8495614856062458,11490,1195,1.417564394757966,1032,0,0,0.1559854668315097,0,-17.90759710318298,-20.751493906903534
Switching,1054.6879630768672,674.3197790463455,709.1761849820614,226.0840342915617,15.585261634550989,0.84986828395864,13285,1200,1.40132543023332,978,0,0,3.1324963161028165,0,-29.53598298890438,5.14303445416067
Switching,1020.633065502625,984.6524618566036,437.7021818421781,185.41127540636808,9.07472446700558,0.7993448023032398,13300,1200,1.3954379068292082,965,0,0,2.2749089632435755,0,23.438787551016503,9.52386920551362
Switching,1020.8384222351015,860.7846721424721,602.2105420008302,109.28195061394945,16.611915612593293,0.8409999230806716,13600,1200,1.3124638563963045,750,0,0,1.9810253578575612,0,13.771767998524865,-2.0985486439996066
Switching,1097.4327342235483,1065.155806695111,671.5897613205016,262.4307481292635,16.804123290348798,0.8043607012042776,10695,1195,1.3551425200410014,844,0,0,1.4060196449049158,0,-25.867503292316997,-8.594669255118333
Switching,1079.0607422357425,1108.647295983974,407.7180963009596,147.9203399340622,22.3304249541834,0.8211511375824921,12850,1200,1.3059969668888964,741,0,0,1.995149042926414,0,64.03851959897793,-1.1891075086211913
Switching,1008.7308894260786,682.9059377778322,509.70697132870555,293.0488142138347,20.01167232496664,0.7965870334021747,14395,1200,1.4939907229729097,1195,0,0,1.0930676594584554,0,-30.443378871849745,7.832246297894358
Switching,1032.9537129495293,1095.9825483965687,414.50091134756804,251.17999988840893,25.453149743378162,0.8258593834401109,12140,1200,1.4168024779493598,1030,0,0,2.24614132539665,0,24.04790701677848,-5.176037845263181
Switching,1074.7214044560678,1168.3705396717414,704.4561770744622,119.10753643140197,10.736401586327702,0.790139928474091,10735,1195,1.3838519000289125,927,0,0,3.9059021088529846,0,38.38582872262805,-6.021090585271168
Switching,1007.0209394441918,663.4336698916741,616.3511514663696,233.01359252771363,8.802488344721496,0.8380629321164452,14135,1200,1.5024321879866724,1214,0,0,-0.3842167190125849,0,-49.26223596664249,2.810504467666533
Switching,1055.9623584966175,1164.1427055932581,436.4441848360002,205.74458273593336,13.332405996974558,0.8099996665213257,11840,1195,1.3363418447172235,791,0,0,4.548091850101258,0,15.452134905737694,2.560315160677419
Switching,1012.0359657332301,605.5133033893071,648.3189346268773,216.9293700554408,22.846350273117423,0.8230331787583418,14540,1200,1.437926627805407,1079,0,0,0.3848586331061199,0,7.666737163891412,-1.38728370001877
Switching,1023.1879529193975,1088.5545429075137,537.0629609562457,248.44555246643722,20.516784687060863,0.7907150353165344,11410,1195,1.3369776490981506,794,0,0,-1.9366076369464054,0,-16.412326016321458,-9.537571743978674
Switching,996.3238974101841,1123.2364916591905,457.52196703106165,265.37472939351574,23.880544679239392,0.8498999747564085,13515,1200,1.4733785783492657,1166,0,0,-0.08839420175570467,0,35.72341564140561,-14.161485272928417
Switching,1047.1174664446153,973.723649722524,603.2298871316016,312.6905739028007,15.615744621027261,0.804346216195263,11315,1195,1.4572495649588046,1124,0,0,4.575714843900101,0,40.90712515081759,-3.385686946548958
Switching,1023.6754623940215,965.9569527604617,596.3001783937216,141.79249909473583,27.23439393658191,0.8496934049273841,12550,1200,1.3553722573175435,846,0,0,-1.2286786824849685,0,-2.4213402581840455,-9.455208140881382
Switching,951.9108222215436,802.663547033444,592.5046312622726,277.36188964452595,17.5372242028825,0.8450766312517226,14920,1200,1.4954639520919972,1200,0,0,0.8171505129449486,0,-31.62473729315525,6.534820786333853
Switching,994.7464485187083,676.4001287403516,459.3758253380656,136.31127051310614,14.737968266010284,0.8212501514540054,16810,1200,1.4335849479811758,1066,0,0,-1.5790339725427884,0,-64.68098726380867,10.877273052256783
Switching,1071.6640220140107,997.1632906934246,368.3911723084748,242.82122069969773,12.52338986704126,0.8559016026323661,13295,1200,1.4031327797002855,985,0,0,2.776677206334057,0,-13.850287922051848,9.694488316623392
Switching,1073.6098387511447,609.78226197185,641.109462082386,249.87492045154795,17.766381333582103,0.8507179241231643,14250,1200,1.4286834502543369,1058,0,0,-0.7650016703416327,0,-62.99849795233695,1.7572571649284328
Switching,979.3564668740146,636.545881908387,434.6324554644525,162.72447308991104,9.107654010411352,0.8313164670486004,20220,1200,1.6749363262785006,1387,0,0,0.0029136233366102715,0,17.489386130262574,16.73610120448234
Switching,1015.6553994864225,770.0414447463118,620.3141765668988,329.48575400048867,15.365129781886935,0.8340481069427915,12435,1200,1.5469362604687402,1295,0,0,-1.3841501488710435,0,27.175545943272937,6.961496155528266
Switching,968.9430880011059,942.1826927224174,473.1064395047724,230.4024190362543,20.80957166524604,0.81376687430311,15160,1200,1.412548984345087,1017,0,0,-2.9787207158019555,0,-26.826774759112595,0.748160538066827
Switching,963.0138558102772,1136.2621225998737,511.88599206507206,189.6058145049028,23.611707457341254,0.8299284020322375,13575,1200,1.390289011905089,951,0,0,2.309583943356671,0,18.19567336321643,-6.243214324137853
Switching,1034.9524874589406,1139.9237524252385,403.8152630440891,170.71603219490498,22.300547133665532,0.8517627818882466,12475,1200,1.3254383884341894,768,0,0,-3.110343274467084,0,43.41511923069629,-8.89246493140331
Switching,1004.1221495252103,1060.8441349933855,526.7655676230788,80.54687150986865,15.947892244905233,0.8298759654560127,12820,1200,1.335590390531034,789,0,0,3.888475674060004,0,-16.593424596712794,2.4356546322079566
Switching,1033.0627095070668,781.7939336178824,565.8766080625355,145.9140506759286,20.69121420616284,0.817109118285589,14320,1200,1.3110791480337352,749,0,0,-3.8860007423500917,0,10.154277370576892,4.511679406505664
Switching,1083.4686460439116,961.6878973203711,504.2962295934558,96.24452258693054,27.62188833206892,0.8436754667968489,13690,1200,1.3841112426572342,930,0,0,-2.7335760222391627,0,19.975550508440847,-3.236275062857203
Switching,1095.0579769094475,879.1767071699724,388.1207880564034,266.9792337529361,22.791004730854183,0.7910917469253764,13940,1200,1.4173490269849756,1031,0,0,0.5776016219736277,0,-25.23511494353761,-6.6842649309703575
Switching,1032.2133249836043,1120.7736291107722,490.5783325433731,232.12746703764424,10.735728862695396,0.7972503246343695,11600,1195,1.3843980864667258,933,0,0,0.8612492687457802,0,52.99051665718389,3.430392804310486
Switching,1005.0662276218645,1241.0840799100697,461.72707146033645,203.7810660386458,28.940917370375246,0.84625269764103,13085,1200,1.5069153130257718,1222,0,0,-2.233898444441081,0,58.28660124406133,-21.176663297589357
Switching,1046.3872099295259,626.0786064318381,562.8093155100942,155.20414289319888,28.67703396640718,0.8127704569068738,15910,1200,1.49591909715308,1202,0,0,-4.000714394337251,0,3.9648741319228975,-1.6977554247037006
Switching,1061.5145125077106,727.1490693325177,570.3537792898715,123.06228901259601,13.775940243620425,0.8031329790176824,15055,1200,1.3580901665832155,850,0,0,-0.3943728831559383,0,-23.190051564849455,11.595678256629526
Switching,1071.4339951751754,626.9930037320592,401.0654080659151,169.2425665515475,11.705346287228167,0.8304798668506556,17860,1200,1.5086842955480306,1226,0,0,-2.9891840674442847,0,-37.715472036507435,17.806563094068224
Switching,965.0096768862568,677.260267501697,719.3584273569286,99.20217543374747,13.287114951293916,0.8288429933413863,16680,1200,1.5470371099797726,1296,0,0,-2.3602049321315235,0,-20.659019198466012,9.172533427784174
Switching,963.75736980699,909.3487626756541,720.8534618839622,175.66849452676252,22.06848542764783,0.792863480153028,11840,1195,1.3490842297494474,829,0,0,1.676313063144761,0,-7.987022503038588,-1.960170413777746
Switching,965.7319279504009,1132.054626639001,676.6772096045315,127.96510748565197,23.800800228957087,0.8160737279010937,12885,1200,1.4093673451076403,1005,0,0,0.8932353046054686,0,51.0686656134576,-5.7975479582290745
Switching,1047.1788233378902,887.415689707268,568.0641062557697,111.807858904358,11.111659734509885,0.7983143469481729,13645,1200,1.3514353649143067,833,0,0,1.2532545195292357,0,1.6593673308398138,8.49036834630806
Switching,961.6166546824388,806.0304237529635,562.0255901478231,323.6674964847043,25.477081218268722,0.8021174268331379,14750,1200,1.6448378013249005,1378,0,0,0.13439500891769285,0,4.240293572484916,-3.684423009800412
Switching,1026.9325301982462,1056.0332042514347,579.3851086869836,169.04024405637756,9.87043428607285,0.8403475662251003,11850,1195,1.3477400247535998,826,0,0,2.077739232127385,0,-13.869805758939947,6.84894841156347
Switching,1000.6462026038207,1058.4637225838378,615.4018738307059,172.7907780278474,19.335614040959626,0.8159478027606384,11580,1195,1.2808223803422594,709,0,0,-0.728194361828713,0,57.1895869463533,-4.077092343120853
Switching,950.9286321699619,673.1159078306518,356.10830653458834,282.10104674333706,12.738575277850032,0.8542977323126979,19025,1200,1.7328543861567614,1396,0,0,-0.6867092516498303,0,-31.44061813366534,14.18477181774199
Switching,1054.719212523196,1174.7532638022676,676.0767088271677,160.11733158491552,17.712856974918395,0.8041580455051736,10635,1195,1.2995715255586158,728,0,0,1.6211336080759509,0,-17.07169002244109,-1.415755658348644
Switching,950.3147282404825,1069.883635325823,695.5599371343851,110.49112594453618,12.43782436195761,0.7925123092043214,13300,1200,1.4394442731805264,1084,0,0,1.2828098817612954,0,-7.59110785085295,-0.3025246174215681
Switching,985.9733313671313,794.1509708296508,564.255019556731,161.78428548853844,12.120142634492368,0.8014932803064585,14070,1200,1.3605966073544071,857,0,0,-1.31505095431163,0,-7.655206491782337,11.65522286650264
Switching,979.8893890809268,1123.3372107963078,426.45840402692556,217.118817132432,8.713183205574751,0.8487642195471563,14120,1200,1.506236050026394,1221,0,0,1.8701918874796775,0,-5.179660986148519,-2.4100740828752123
Switching,965.2947597322054,1013.1982623366639,559.883149433881,232.33663748949766,25.64700953895226,0.8591928360937163,13820,1200,1.4411344224902316,1086,0,0,1.1848780329986255,0,50.35461773232328,-13.528980928874944
Switching,960.4867194080725,998.8093107123859,424.68167170882225,82.5176978087984,15.036672136746347,0.8214424508227967,16565,1200,1.4729539528588464,1165,0,0,-2.4470840834983676,0,-20.109958948462463,7.698172341048121
Switching,1004.0015121805482,610.714265704155,514.0402405522764,314.89529185462743,20.732835890259594,0.8245345946680754,14855,1200,1.5855607623474963,1339,0,0,1.056853414103756,0,-65.15692750502376,7.303745780362647
Switching,955.9189080260694,841.7665860964917,737.794735468924,159.05224995920435,8.473469728603959,0.7944338633422741,12300,1200,1.4674821612574238,1151,0,0,3.758652123438452,0,30.59985284246659,7.060141421169305
Switching,983.217928709928,635.516384546645,696.7271917499602,188.29674475826323,25.43154523568228,0.853722016424872,16410,1200,1.5398519387028724,1282,0,0,-1.6858975419997648,0,-32.89824059084913,-0.1989034825583076
Switching,966.1268435185775,685.0111433886923,520.3958433121443,227.19771005911753,14.80707683134824,0.8051333487848752,17415,1200,1.510946452870353,1228,0,0,-2.6206850927625567,0,-39.92445478857462,12.299950308212374
Switching,1090.9282598062418,1020.6114493776113,458.4427389316261,170.27959627564996,25.95267931325361,0.7923144191317261,12965,1200,1.3222258389437842,764,0,0,-0.2620175328242169,0,-8.979518317039037,-3.662760628498063
Switching,961.693492392078,1231.9478517281823,412.36432921141386,254.69238612102345,21.466207899153233,0.8310353791178204,13140,1200,1.4850153112996667,1185,0,0,1.4076071351042287,0,34.51358308238014,-4.733536125467253
Switching,980.6084680487402,797.9857757454738,643.4257951565087,246.3187979720533,17.346605418715626,0.8268393550952897,14785,1200,1.4415503722212322,1087,0,0,1.622571331827885,0,3.539775463708338,6.464178939843123
Switching,1015.8536260481924,1216.668274521362,388.82575538009405,164.31327511789277,17.968869123607874,0.799772855269257,12085,1200,1.3381297210895178,795,0,0,-0.2957455994036877,0,67.78562402133366,-4.89567296516384
Switching,1079.5989526552148,739.007341931574,472.6294373162091,241.6099700331688,20.70600790763274,0.8377461975021289,14715,1200,1.3762066221555862,907,0,0,-0.30576315213141925,0,21.804385349716085,-1.9605031104247246
Switching,1052.5809766957536,754.4603460584767,541.364411264658,168.17968372022733,16.54140360560268,0.8441867174743675,14610,1200,1.314344944631963,752,0,0,-1.2437339039215942,0,-7.976852770109872,6.983316739961083
Switching,964.6135058137588,1168.4243189170957,591.7782529257238,105.54898720700294,28.851400220301002,0.8540983379539102,13375,1200,1.5025280404613364,1215,0,0,-2.9010229964648317,0,42.66195750519137,-8.953644112158713
Switching,1099.9582600779831,635.8215035288595,437.14188132435083,289.02412763098255,25.165451990440488,0.8064432652224787,15700,1200,1.5612694683287378,1319,0,0,-2.755936154769614,0,-69.75296003574476,5.13266550269509
Switching,1050.2550989040174,833.6247568251565,474.18373906984925,225.43901872821152,24.866570115555078,0.8435025581950322,13950,1200,1.3718736337690964,896,0,0,-0.15111773142126594,0,2.106072384980962,-5.780621833977875
Switching,1062.5790556659922,764.8514035739936,741.3711901754141,95.47120016766712,8.745894980616868,0.8473876122082584,13350,1200,1.4825138318671414,1181,0,0,-0.4944786638202743,0,15.217943536404164,4.319247332284931
Switching,1088.1393262534402,805.5828819517046,534.6306729130447,120.78610928263515,13.066219090949744,0.8266731862165034,14640,1200,1.331346908550429,778,0,0,-0.6431038939821576,0,-48.48463520973337,14.03671104894238
Switching,1045.835728617385,823.5438778880052,397.25274723023176,250.9441191633232,14.06912449002266,0.8302030693576672,14530,1200,1.420405918810786,1039,0,0,-1.711899225222595,0,-15.724456961029773,2.084770338728731
Switching,997.0542498980649,863.1276802858338,599.5212060399354,317.4442578293383,26.680672785732895,0.8029250782495365,12015,1200,1.5611033320947016,1317,0,0,1.0004984140487352,0,-35.839811563566855,-11.538430625955925
Switching,1001.6564102144912,1127.030711446423,564.4089475274086,297.3814055859111,16.197189609520137,0.8225445333472453,10755,1195,1.4436133504056212,1094,0,0,1.7787211983198858,0,36.17893302260063,-7.995600218865093
Switching,1019.7207107092254,822.748367022723,737.1154955588281,276.6701546916738,25.446453338023275,0.8502508091647178,13585,1200,1.551887092470943,1307,0,0,2.442244886586792,0,26.039414435193066,-5.405495597230242
Switching,974.2351118475199,751.4854854322039,522.9742901399732,157.95151747995988,13.161228461191058,0.8568113709730096,17420,1200,1.4671892638174373,1148,0,0,-2.349184818469041,0,-47.88603889290471,11.785586005270602
Switching,1059.8100552917458,676.6769862035289,450.86437622085214,186.41012690030038,19.043622982222587,0.8082572073535994,16275,1200,1.3861437699696149,938,0,0,-4.126458602416648,0,-13.583028231530534,11.542003706195146
Switching,988.8288761489093,1122.0884899958037,532.925813831389,257.9343011439778,21.34332321025431,0.7971910489653238,11180,1195,1.373818897253447,903,0,0,2.043012641685152,0,-17.48051759143027,-7.847728091519798
Switching,1009.8471602075733,728.9370632963255,453.8323068059981,308.0709019396454,10.381991170812398,0.8060589288035408,14345,1200,1.5945794084815992,1346,0,0,0.035253741458916465,0,-3.829915734090264,13.177390196556075
Switching,1002.341516665183,809.8950085812248,745.4479049891233,216.54950604541227,19.04991651047021,0.8201416367362254,12070,1200,1.373037271008358,898,0,0,-1.7569971316125077,0,-2.0294361609976477,-5.23935384829565
Switching,1085.2042301907204,628.8964208681136,515.1628795079887,227.77514000888914,27.706745467614383,0.7953867425583303,15590,1200,1.4946280177356408,1197,0,0,-4.474257609794648,0,16.32733788916721,-8.336622203489242
Switching,1039.9366016034037,1064.5077729481272,475.66810082644224,198.72207681881264,23.3061768040061,0.7936214934499003,12300,1200,1.3080616984259408,744,0,0,-0.44941124860150694,0,42.46011571798226,-7.833172194575354
Switching,1067.279860295821,794.4327551638708,402.45127649977803,177.15186385437846,9.33752982178703,0.793245790093206,15565,1200,1.4425762345340791,1091,0,0,1.195195605348033,0,18.90232513791898,13.174482550467474
Switching,1082.5098335044459,1102.771462511737,455.8963268995285,316.2247667624615,15.824280592612922,0.7958765459037386,11405,1195,1.4718558195760727,1162,0,0,0.3528523540036872,0,19.406457683739063,2.412301072520222
Switching,1028.6661644349806,958.6541053839028,521.2051219306886,142.50554288271815,16.604978767689317,0.8519715837482363,13180,1200,1.276058722420277,705,0,0,-1.7336319468466002,0,36.871951502167576,3.531696717647492
Switching,1008.0254988744855,942.0050785294734,538.7898178771138,246.26818251097575,17.284974610432982,0.8267720384267159,12385,1200,1.3325662110819498,781,0,0,3.5364773762018444,0,0.29493048772246766,5.08745245207308
Switching,1083.9688420877792,696.5742118889466,438.30069610849023,86.63573364727199,21.51382723869756,0.8233390541793779,17510,1200,1.454704030754497,1116,0,0,-4.175527982473824,0,-0.4687323735743121,3.5916375854333182
Switching,964.7177430568263,975.5780587554909,517.1964097768068,266.50683033047244,15.988008410669863,0.8437512998166494,14180,1200,1.445710465810762,1099,0,0,1.868800214482377,0,30.67157523178048,5.598699958523071
Switching,951.4060514396988,1220.4590623732656,580.3021798841655,223.99929984938353,29.436693373601884,0.813008332066238,12320,1200,1.5374342376233752,1278,0,0,1.91208251146233,0,-7.356974307587279,-14.760732569922766
Switching,962.0950372423977,1151.529757573735,702.7197560295463,171.45766851725057,19.854098934680223,0.7938905490958132,10555,1195,1.3438616773863752,814,0,0,0.763499312990831,0,-2.6810075311818764,-12.441601944578679
Switching,991.4298350107856,736.6366033209488,470.3612213023007,302.6971257477999,29.3182067819871,0.8324368078960106,16525,1200,1.716173043864027,1392,0,0,-4.605921666704916,0,-46.040747750801984,-7.356153577522377
Switching,1074.396959738806,967.550871137064,483.6760638281703,107.8567339410074,11.439053073525429,0.8441249714628793,13715,1200,1.3427163675512288,811,0,0,-1.4071145425176894,0,20.791860747044666,9.553655040027934
Switching,1022.7023829822429,900.9227594127879,571.2650788016617,173.57470320537686,29.284553235862404,0.8159904249524698,12995,1200,1.402909037129178,984,0,0,-0.06339399261113954,0,-4.966821616967991,-10.720299734581431
Switching,1084.1826227726415,884.1835836065002,647.1980258822441,104.03676969697699,17.952523137442768,0.8179008778533898,13075,1200,1.2937896551125385,722,0,0,-1.278725715759748,0,9.942507723753351,-3.0765714226199634
Switching,1060.0681091542356,1054.1339828632772,363.08903312310576,278.3040167251602,12.616166760679334,0.8223616846371442,12615,1200,1.4629447785841496,1143,0,0,1.3491831828238503,0,-19.697687631731696,4.769814607501075
Switching,989.4261568784714,1073.1494451290928,739.9062680080533,95.7395587884821,25.433626441285014,0.8162362397206017,11205,1195,1.4209629477595838,1040,0,0,2.6786279769890484,0,47.58755113039388,-8.905504258148767
Switching,1052.0561924786307,1116.5146509418264,720.9557698108256,109.48222099803388,25.857289609033614,0.8478453657077626,10985,1195,1.388831912935519,945,0,0,-2.3043914435074555,0,59.57583634017328,-14.397832332522057
Switching,979.8033387167379,1197.0799211994745,386.47922314703465,250.83500436274335,25.129542195238173,0.8104146225261503,11660,1195,1.462723308724445,1141,0,0,-2.550148875880609,0,16.06349256345584,-15.951220622408073
Switching,1095.7840793184005,1163.4965113829821,524.8024250380695,268.1023010937497,11.673565890174359,0.7946353932470084,10930,1195,1.4066173028914501,996,0,0,5.7050649528336805,0,32.0924090211729,-6.9845435518618615
Switching,976.1426582466811,1222.389095358085,357.62775298208,254.97480363817886,29.4757692925632,0.8475119973369875,13595,1200,1.6332233652481654,1370,0,0,2.236251761413797,0,-5.998373157704009,-11.439283943493706
Switching,1035.3844419238158,702.2815531818196,599.6948619373143,226.55837323516607,19.899910705629736,0.8029206755338237,13990,1200,1.3636730088987756,867,0,0,-3.3077730425144694,0,5.8191747157952705,-3.1909400339727654
Switching,1083.7031927192584,783.1752843339927,715.2924440801144,142.44352593785152,18.474525204859674,0.8035549096181058,13035,1200,1.3164519732849462,757,0,0,0.0975482589855119,0,-56.68740975777973,3.9060192503366125
Switching,961.6213245200925,689.2970122396946,634.7645907662809,251.79527052212507,15.1880893423222,0.8396555317472667,15835,1200,1.5146389365977673,1237,0,0,1.2005661241290966,0,-23.30994209135406,4.679815892650936
Switching,1074.6204189024866,765.4633819474839,404.94173411279917,320.2508101076819,11.406610453501344,0.8010046673123725,14345,1200,1.5943790971822815,1345,0,0,0.4343613518273344,0,2.2672104471389503,8.789295253458022
Switching,1070.2549161040224,1248.4323899494484,705.276792589575,328.5077197197825,18.664153643418103,0.8267080188402907,9370,1195,1.5739383623441803,1329,0,0,3.463486555787995,0,27.018458214976363,-4.537822247563781
Switching,968.0151803418994,1048.3647827408276,438.2682206109166,301.46223444724455,28.66330577991903,0.8353307753917761,13955,1200,1.640696170243606,1375,0,0,-0.4624675062679273,0,56.09406751054894,-15.74366266295658
Switching,978.7777644232847,789.5264100516215,719.9294508434832,150.99527376703918,27.10339852096513,0.8396891973586753,15025,1200,1.4995755600600194,1210,0,0,-3.479187062896955,0,-48.97950751620783,-5.760585623080715
Switching,980.9585063485429,1003.8233517319895,422.6066906005144,171.31188149331138,27.233248964883387,0.8056760797533207,13385,1200,1.3987635008361194,973,0,0,-0.7889210948623884,0,49.261437040127475,-9.084338380803047
Switching,971.4608757174574,1248.1097856070846,654.2041937820613,317.551421741955,15.857697832863778,0.8207960003986955,11240,1195,1.5999370963869675,1354,0,0,1.1912214338451577,0,39.53569713449997,-10.56589214997257
Switching,1011.3133904989809,1062.498885660898,726.0608544573188,322.6204735529609,21.442680720239878,0.8260161221795715,10130,1195,1.5499516348765308,1300,0,0,-1.0632653627848754,0,39.43588700910459,-12.084895705264671
Switching,955.6862449389882,956.4914830727503,497.26513968780637,205.6662718951702,26.501410523895174,0.801282033692114,15035,1200,1.4524299086763324,1113,0,0,1.3430574460208504,0,21.277692308397036,-3.2642097997447763
Switching,1046.6481561074033,1065.6377763603814,364.2402745783329,197.1685554436408,12.29148010816425,0.8317471647798084,13145,1200,1.3731299103184182,899,0,0,-1.0086641349307968,0,-17.960603694964448,5.730877699897292
Switching,1043.4801805648021,742.8475672379136,504.03130492195487,237.6577537925914,15.185077363159508,0.8475635724421591,14405,1200,1.3777027046667816,912,0,0,-0.8800411278797071,0,-55.90494977503522,4.521495220960787
Switching,951.1662845499814,795.8699324517511,536.3128820434213,170.25657182792202,19.373020129278302,0.8266678529907949,16605,1200,1.413875055992128,1019,0,0,-0.6976897311014909,0,-40.72534832927522,2.28220603703312
Switching,1071.5756766148843,766.9528735103086,525.5224176682532,296.6852739173919,18.08342191623524,0.8060955991083757,13455,1200,1.4378394386701638,1078,0,0,-0.84234217908093,0,-38.79491796303546,3.7917417345606736
Switching,1098.157568066381,649.3821840384044,555.1265891641378,98.90976604772732,15.686587614007294,0.8041326846624725,16405,1200,1.4051367627005498,993,0,0,-1.754424301423171,0,-0.6335844720988462,14.960714791964165
Switching,1014.0214176266454,754.202480847016,404.07757638022304,312.65717492904514,29.394187062513083,0.8104073067940772,14540,1200,1.6776390018737262,1390,0,0,-4.406785742677755,0,-38.59592804686463,-3.8772601722715763
Switching,1020.9116343874484,1135.768841940444,433.12313836067915,227.6918741245754,19.069889783859253,0.8329099163995125,11905,1195,1.3353611916694066,787,0,0,-1.576271304190044,0,-4.331941680500222,-7.799924145707223
Switching,1017.1014220570214,946.4918577810749,450.3182929940522,80.67069614306092,25.557277909014374,0.8511068103974686,16885,1200,1.4952991053458387,1199,0,0,-0.7127817301731625,0,23.78395986162468,-7.381305027019721
Switching,1039.292262075469,981.0792517731898,716.1550467833877,282.29644217761233,11.910076137632132,0.8239706421294251,10805,1195,1.470479286801998,1160,0,0,4.505520428653199,0,5.6532192651106925,-7.988924178827574
Switching,1007.1654137340374,798.0586598394439,500.285189319402,298.2369166985154,17.92504388326779,0.8118377463845536,13395,1200,1.4584159213787053,1128,0,0,-0.10330342506645707,0,-34.98136202995829,7.934305906197096
Switching,1028.8785957032815,1163.000535510946,485.27110144495964,220.34991286462173,29.800062037073076,0.8519046732946299,11445,1195,1.4571402359765,1123,0,0,-2.817661764216581,0,11.111837262420067,-19.634657762836014
Switching,993.07712855516,1218.8800524920225,364.042132999748,314.91162166465074,14.694014446344227,0.8523311707656831,13145,1200,1.6235262422646601,1365,0,0,3.644501649620878,0,59.260216154035334,4.405502267035104
Switching,1075.543292146176,746.3358420296572,424.3991369381547,153.64948192844167,26.737306067720056,0.7950141226802953,16150,1200,1.4352353517755077,1071,0,0,-1.667656578431263,0,-19.09524665194067,0.7130969441900561
Switching,1085.2114600711502,777.6022180216387,494.8594772256911,277.3476766142994,25.638140075374395,0.8545987298944966,13800,1200,1.456258848917786,1119,0,0,0.29067529739475617,0,3.3503592525125896,-4.277625019819425
Switching,1063.130934140645,832.0961629622616,700.2147328108549,125.34948588116094,22.256293271668255,0.8337548331986182,12900,1200,1.3268541529378624,771,0,0,-1.758231057596845,0,-51.12583094579986,-4.070974893573975
Switching,1018.8741690828465,867.3788909334689,412.6924398355186,97.40275358315557,19.213399581145495,0.8317814142070711,15525,1200,1.3763006804865685,908,0,0,-1.2591240415547702,0,24.22826190913338,8.709048231185989
Switching,1094.3047570530325,648.2902111369185,422.08422254770994,133.1021350179799,20.347086064517498,0.8301705703348853,17770,1200,1.4388112454539133,1083,0,0,-3.166572850659236,0,-51.86637898933577,13.013484746599033
Switching,1024.3320278008468,833.9367355918512,441.2339744158089,158.55728967115283,19.58140446105972,0.8550810390105471,17400,1200,1.4160287967444647,1028,0,0,-0.38420239211339435,0,9.40190491249814,-0.9491152944225405
Switching,1066.502135177143,608.519028883893,682.3059350252151,99.3281471147202,29.392194810323417,0.8290095649636351,15385,1200,1.559244465562645,1316,0,0,-0.21062433290919103,0,-29.42882547572708,-3.5408968849101257
Switching,1062.9371446440928,1189.7619192488492,388.20422952994704,323.49095264915377,15.653828678186983,0.8357356282416731,11245,1195,1.5418269592479459,1285,0,0,2.1431607443468863,0,-14.217938068782132,0.27030405473578867
Switching,1017.9515609517694,848.7482391647063,606.1475785449147,169.12791457260028,25.689843660220504,0.8479473488894291,13170,1200,1.3452452912527018,817,0,0,-3.5953367614861236,0,-48.19231997922361,-11.894775487509719
Switching,1027.8348766849376,1178.60483082477,725.0601739622653,286.5573304425925,21.153531555552036,0.8196100020827726,9765,1195,1.47958532761567,1177,0,0,1.2140723358005232,0,-9.54484796075576,-8.586612232740663
