-39.124,2.0307
-39.084,-3.6564
-39.044,1.3414
-39.004,-1.7608
-38.964,-1.8755
-38.924,-0.72672
-38.884,-0.15221
-38.844,-0.26716
-38.804,0.13505
-38.764,0.13505
-38.724,0.13505
-38.684,1.4561
-38.644,0.13505
-38.604,1.3414
-38.564,-1.014
-38.524,-0.55442
-38.484,-2.0478
-38.444,0.42231
-38.404,2.6625
-38.364,-0.89903
-38.324,-1.3012
-38.284,1.4561
-38.244,0.42231
-38.204,2.7775
-38.164,1.4561
-38.124,0.59461
-38.084,1.1691
-38.044,0.70956
-38.004,-1.3012
-37.964,2.7775
-37.924,3.237
-37.884,-1.1863
-37.844,1.4561
-37.804,3.9265
-37.764,0.70956
-37.724,-2.6223
-37.684,1.4561
-37.644,1.4561
-37.604,1.6284
-37.564,2.6625
-37.524,1.0542
-37.484,2.9498
-37.444,-1.014
-37.404,3.5243
-37.364,1.0542
-37.324,0.70956
-37.284,-1.1863
-37.244,-1.4735
-37.204,-2.0478
-37.164,-0.89903
-37.124,0.42231
-37.084,-1.8755
-37.044,-1.4735
-37.004,-1.014
-36.964,1.0542
-36.924,1.6284
-36.884,-0.26716
-36.844,-1.8755
-36.804,-0.89903
-36.764,-0.26716
-36.724,2.3179
-36.684,-1.1863
-36.644,0.30736
-36.604,-1.4735
-36.564,-0.43946
-36.524,1.7434
-36.484,-0.43946
-36.444,3.237
-36.404,-1.5882
-36.364,0.59461
-36.324,1.4561
-36.284,2.6625
-36.244,2.9498
-36.204,3.6392
-36.164,0.42231
-36.124,-0.26716
-36.084,1.9157
-36.044,-0.15221
-36.004,-3.4841
-35.964,3.9265
-35.924,-1.014
-35.884,-0.15221
-35.844,0.42231
-35.804,0.42231
-35.764,-0.55442
-35.724,-1.1863
-35.684,-1.4735
-35.644,0.88187
-35.604,1.4561
-35.564,-1.1863
-35.524,-0.72672
-35.484,2.0307
-35.444,1.9157
-35.404,2.4902
-35.364,-2.3351
-35.324,-2.5074
-35.284,0.13505
-35.244,-0.15221
-35.204,1.0542
-35.164,-0.55442
-35.124,-1.4735
-35.084,1.4561
-35.044,-0.72672
-35.004,-0.26716
-34.964,-1.8755
-34.924,-3.0819
-34.884,-0.89903
-34.844,0.42231
-34.804,-1.4735
-34.764,-0.15221
-34.724,0.30736
-34.684,2.0307
-34.644,-0.72672
-34.604,-0.89903
-34.564,2.203
-34.524,0.30736
-34.484,-1.014
-34.444,-0.26716
-34.404,2.3179
-34.364,0.020098
-34.324,-1.5882
-34.284,0.59461
-34.244,1.9157
-34.204,-0.89903
-34.164,1.9157
-34.124,-2.1628
-34.084,-1.3012
-34.044,1.7434
-34.004,-0.26716
-33.964,0.13505
-33.924,1.7434
-33.884,1.0542
-33.844,2.203
-33.804,-0.72672
-33.764,0.70956
-33.724,-1.4735
-33.684,1.3414
-33.644,1.0542
-33.604,-0.26716
-33.564,1.6284
-33.524,-0.55442
-33.484,1.3414
-33.444,0.70956
-33.404,2.0307
-33.364,1.4561
-33.324,1.6284
-33.284,1.1691
-33.244,3.9265
-33.204,-0.43946
-33.164,-2.1628
-33.124,-0.55442
-33.084,-0.43946
-33.044,3.0647
-33.004,-0.26716
-32.964,-2.7946
-32.924,2.3179
-32.884,0.59461
-32.844,0.13505
-32.804,0.59461
-32.764,0.30736
-32.724,0.30736
-32.684,0.42231
-32.644,-1.3012
-32.604,-2.5074
-32.564,-0.89903
-32.524,0.30736
-32.484,-2.6223
-32.444,-3.1968
-32.404,0.42231
-32.364,0.42231
-32.324,0.88187
-32.284,-3.3691
-32.244,-1.5882
-32.204,2.4902
-32.164,-0.89903
-32.124,-0.15221
-32.084,0.59461
-32.044,1.4561
-32.004,0.020098
-31.964,1.1691
-31.924,-2.6223
-31.884,0.59461
-31.844,0.13505
-31.804,1.4561
-31.764,-0.26716
-31.724,1.4561
-31.684,1.0542
-31.644,-1.3012
-31.604,-2.5074
-31.564,0.70956
-31.524,0.13505
-31.484,0.13505
-31.444,-1.7608
-31.404,0.020098
-31.364,-0.89903
-31.324,2.0307
-31.284,-0.89903
-31.244,0.42231
-31.204,1.6284
-31.164,3.0647
-31.124,0.42231
-31.084,0.59461
-31.044,0.59461
-31.004,-1.014
-30.964,0.30736
-30.924,2.0307
-30.884,1.7434
-30.844,4.0988
-30.804,-1.4735
-30.764,1.0542
-30.724,0.30736
-30.684,0.42231
-30.644,-2.5074
-30.604,0.30736
-30.564,0.13505
-30.524,-1.5882
-30.484,0.42231
-30.444,0.13505
-30.404,-2.0478
-30.364,1.1691
-30.324,-0.55442
-30.284,0.020098
-30.244,0.42231
-30.204,-1.3012
-30.164,-1.7608
-30.124,-0.15221
-30.084,0.13505
-30.044,2.7775
-30.004,2.4902
-29.964,1.6284
-29.924,-1.5882
-29.884,2.0307
-29.844,2.3179
-29.804,-0.55442
-29.764,2.6625
-29.724,-0.43946
-29.684,-0.89903
-29.644,1.0542
-29.604,-0.26716
-29.564,-0.43946
-29.524,0.70956
-29.484,2.3179
-29.444,-1.4735
-29.404,0.13505
-29.364,1.1691
-29.324,-0.43946
-29.284,0.59461
-29.244,-1.3012
-29.204,-0.15221
-29.164,0.42231
-29.124,1.1691
-29.084,0.42231
-29.044,-0.89903
-29.004,2.203
-28.964,1.4561
-28.924,-0.15221
-28.884,1.4561
-28.844,-0.43946
-28.804,1.3414
-28.764,0.42231
-28.724,0.70956
-28.684,1.4561
-28.644,-1.4735
-28.604,0.13505
-28.564,3.352
-28.524,-1.3012
-28.484,2.9498
-28.444,-1.5882
-28.404,-0.26716
-28.364,0.59461
-28.324,1.9157
-28.284,0.30736
-28.244,-1.3012
-28.204,2.3179
-28.164,1.4561
-28.124,0.13505
-28.084,1.3414
-28.044,1.3414
-28.004,2.3179
-27.964,1.3414
-27.924,-0.55442
-27.884,2.0307
-27.844,2.7775
-27.804,3.9265
-27.764,-2.3351
-27.724,0.88187
-27.684,0.59461
-27.644,2.203
-27.604,1.3414
-27.564,1.6284
-27.524,0.88187
-27.484,0.30736
-27.444,0.70956
-27.404,0.88187
-27.364,1.1691
-27.324,-1.4735
-27.284,1.1691
-27.244,1.9157
-27.204,1.3414
-27.164,-0.55442
-27.124,1.3414
-27.084,-0.26716
-27.044,-0.55442
-27.004,-0.43946
-26.964,2.203
-26.924,-0.15221
-26.884,-0.89903
-26.844,1.4561
-26.804,0.88187
-26.764,2.7775
-26.724,0.59461
-26.684,-0.26716
-26.644,-0.72672
-26.604,-1.3012
-26.564,-0.72672
-26.524,1.0542
-26.484,0.59461
-26.444,-0.26716
-26.404,1.1691
-26.364,0.020098
-26.324,3.237
-26.284,-0.55442
-26.244,-0.43946
-26.204,-0.72672
-26.164,2.4902
-26.124,0.88187
-26.084,0.42231
-26.044,2.203
-26.004,1.4561
-25.964,4.2711
-25.924,0.30736
-25.884,-0.89903
-25.844,2.0307
-25.804,0.59461
-25.764,1.9157
-25.724,-0.43946
-25.684,0.42231
-25.644,-1.5882
-25.604,-1.014
-25.564,-0.55442
-25.524,3.237
-25.484,-1.7608
-25.444,1.3414
-25.404,-0.43946
-25.364,-0.43946
-25.324,1.3414
-25.284,-0.55442
-25.244,1.0542
-25.204,0.88187
-25.164,-0.15221
-25.124,-1.014
-25.084,-0.89903
-25.044,-1.4735
-25.004,0.30736
-24.964,-0.26716
-24.924,-0.89903
-24.884,0.59461
-24.844,0.70956
-24.804,1.9157
-24.764,2.203
-24.724,-0.89903
-24.684,0.59461
-24.644,-1.8755
-24.604,0.70956
-24.564,1.6284
-24.524,0.30736
-24.484,1.0542
-24.444,0.30736
-24.404,1.3414
-24.364,1.3414
-24.324,1.1691
-24.284,-1.3012
-24.244,2.6625
-24.204,1.4561
-24.164,0.020098
-24.124,1.0542
-24.084,-0.55442
-24.044,2.4902
-24.004,1.3414
-23.964,0.30736
-23.924,1.3414
-23.884,4.5584
-23.844,-0.15221
-23.804,-2.0478
-23.764,3.352
-23.724,-1.3012
-23.684,-0.55442
-23.644,0.42231
-23.604,-1.8755
-23.564,-0.43946
-23.524,-2.5074
-23.484,0.30736
-23.444,4.5584
-23.404,-2.7946
-23.364,-0.72672
-23.324,-0.15221
-23.284,-0.89903
-23.244,1.1691
-23.204,-0.26716
-23.164,1.6284
-23.124,-0.43946
-23.084,2.4902
-23.044,1.9157
-23.004,1.7434
-22.964,-1.014
-22.924,-0.55442
-22.884,0.59461
-22.844,0.59461
-22.804,-0.72672
-22.764,1.6284
-22.724,0.020098
-22.684,1.3414
-22.644,1.6284
-22.604,2.4902
-22.564,0.70956
-22.524,2.203
-22.484,-0.55442
-22.444,1.3414
-22.404,-0.43946
-22.364,1.0542
-22.324,-0.26716
-22.284,0.59461
-22.244,2.203
-22.204,4.5584
-22.164,0.88187
-22.124,0.70956
-22.084,-0.26716
-22.044,0.13505
-22.004,3.0647
-21.964,2.203
-21.924,2.4902
-21.884,2.203
-21.844,-0.26716
-21.804,0.70956
-21.764,-0.43946
-21.724,0.42231
-21.684,3.0647
-21.644,0.70956
-21.604,-3.0819
-21.564,1.6284
-21.524,0.42231
-21.484,0.13505
-21.444,1.1691
-21.404,1.3414
-21.364,2.3179
-21.324,2.0307
-21.284,-0.89903
-21.244,1.6284
-21.204,-0.55442
-21.164,2.203
-21.124,0.13505
-21.084,1.7434
-21.044,2.203
-21.004,1.7434
-20.964,0.13505
-20.924,0.30736
-20.884,-1.014
-20.844,1.1691
-20.804,-1.014
-20.764,0.59461
-20.724,1.1691
-20.684,-0.15221
-20.644,-0.55442
-20.604,0.020098
-20.564,-2.9096
-20.524,-0.26716
-20.484,-2.3351
-20.444,-0.55442
-20.404,0.88187
-20.364,0.59461
-20.324,2.203
-20.284,1.0542
-20.244,-1.5882
-20.204,-1.3012
-20.164,-2.0478
-20.124,-0.89903
-20.084,2.9498
-20.044,1.1691
-20.004,0.88187
-19.964,-0.26716
-19.924,1.9157
-19.884,2.203
-19.844,0.13505
-19.804,1.6284
-19.764,0.020098
-19.724,2.4902
-19.684,-1.1863
-19.644,0.13505
-19.604,1.3414
-19.564,1.9157
-19.524,1.6284
-19.484,2.3179
-19.444,-0.15221
-19.404,-0.26716
-19.364,1.0542
-19.324,1.0542
-19.284,0.13505
-19.244,4.6731
-19.204,-1.8755
-19.164,1.6284
-19.124,1.0542
-19.084,2.0307
-19.044,-0.89903
-19.004,1.0542
-18.964,2.7775
-18.924,-0.15221
-18.884,0.020098
-18.844,0.020098
-18.804,1.4561
-18.764,1.1691
-18.724,2.9498
-18.684,-0.43946
-18.644,-0.55442
-18.604,0.59461
-18.564,1.9157
-18.524,2.6625
-18.484,-0.26716
-18.444,2.0307
-18.404,1.9157
-18.364,-0.15221
-18.324,1.1691
-18.284,0.59461
-18.244,1.3414
-18.204,2.7775
-18.164,4.3861
-18.124,-0.43946
-18.084,1.1691
-18.044,3.352
-18.004,1.7434
-17.964,-3.0819
-17.924,-1.4735
-17.884,3.8116
-17.844,2.7775
-17.804,3.352
-17.764,1.7434
-17.724,1.1691
-17.684,2.3179
-17.644,-0.15221
-17.604,1.9157
-17.564,1.4561
-17.524,-1.014
-17.484,1.0542
-17.444,3.237
-17.404,2.6625
-17.364,0.30736
-17.324,-0.55442
-17.284,1.4561
-17.244,-0.15221
-17.204,2.6625
-17.164,0.30736
-17.124,2.6625
-17.084,3.9265
-17.044,3.237
-17.004,0.42231
-16.964,-0.26716
-16.924,1.4561
-16.884,-0.72672
-16.844,-1.1863
-16.804,-0.89903
-16.764,1.1691
-16.724,0.70956
-16.684,-0.55442
-16.644,1.7434
-16.604,-2.9096
-16.564,3.237
-16.524,1.0542
-16.484,-0.26716
-16.444,2.3179
-16.404,1.6284
-16.364,1.7434
-16.324,0.59461
-16.284,-1.3012
-16.244,2.3179
-16.204,1.7434
-16.164,-0.43946
-16.124,3.237
-16.084,0.70956
-16.044,-0.15221
-16.004,3.0647
-15.964,-0.55442
-15.924,2.203
-15.884,1.4561
-15.844,-0.43946
-15.804,-1.1863
-15.764,-1.5882
-15.724,1.0542
-15.684,1.3414
-15.644,1.6284
-15.604,3.5243
-15.564,-1.7608
-15.524,0.70956
-15.484,1.1691
-15.444,1.0542
-15.404,0.13505
-15.364,-0.26716
-15.324,-0.55442
-15.284,0.30736
-15.244,0.59461
-15.204,2.3179
-15.164,2.0307
-15.124,-0.55442
-15.084,2.203
-15.044,-1.7608
-15.004,1.7434
-14.964,-2.6223
-14.924,0.020098
-14.884,-0.26716
-14.844,0.59461
-14.804,2.3179
-14.764,4.3861
-14.724,-0.72672
-14.684,-2.1628
-14.644,-0.43946
-14.604,2.6625
-14.564,1.7434
-14.524,0.88187
-14.484,3.9265
-14.444,2.4902
-14.404,2.6625
-14.364,2.203
-14.324,-0.72672
-14.284,3.237
-14.244,1.0542
-14.204,-1.4735
-14.164,0.59461
-14.124,-1.5882
-14.084,2.4902
-14.044,1.1691
-14.004,3.0647
-13.964,1.4561
-13.924,0.59461
-13.884,2.203
-13.844,0.88187
-13.804,0.13505
-13.764,0.30736
-13.724,-0.55442
-13.684,-0.26716
-13.644,-1.3012
-13.604,0.59461
-13.564,1.4561
-13.524,0.70956
-13.484,0.13505
-13.444,-0.15221
-13.404,2.203
-13.364,0.59461
-13.324,-0.72672
-13.284,-1.014
-13.244,-2.1628
-13.204,0.13505
-13.164,1.7434
-13.124,0.70956
-13.084,1.3414
-13.044,1.4561
-13.004,-0.55442
-12.964,2.3179
-12.924,0.42231
-12.884,0.30736
-12.844,-0.15221
-12.804,0.70956
-12.764,1.3414
-12.724,-2.0478
-12.684,-1.7608
-12.644,2.203
-12.604,0.42231
-12.564,2.0307
-12.524,2.0307
-12.484,1.4561
-12.444,-1.014
-12.404,0.88187
-12.364,0.30736
-12.324,0.30736
-12.284,0.13505
-12.244,-0.43946
-12.204,0.59461
-12.164,3.352
-12.124,2.203
-12.084,-0.15221
-12.044,0.70956
-12.004,0.13505
-11.964,-1.014
-11.924,0.70956
-11.884,2.3179
-11.844,1.1691
-11.804,0.020098
-11.764,0.42231
-11.724,-0.43946
-11.684,0.59461
-11.644,0.42231
-11.604,1.6284
-11.564,1.9157
-11.524,-2.0478
-11.484,-2.1628
-11.444,-0.72672
-11.404,-0.89903
-11.364,-0.43946
-11.324,-4.4032
-11.284,1.0542
-11.244,0.70956
-11.204,-1.7608
-11.164,7.3157
-11.124,11.107
-11.084,15.818
-11.044,22.079
-11.004,29.547
-10.964,37.475
-10.924,58.844
-10.884,90.267
-10.844,124.04
-10.804,135.65
-10.764,132.26
-10.724,110.6
-10.684,91.473
-10.644,68.323
-10.604,62.636
-10.564,80.788
-10.524,101.53
-10.484,110.77
-10.444,107.96
-10.404,104.34
-10.364,108.13
-10.324,109.74
-10.284,103.71
-10.244,104.05
-10.204,110.49
-10.164,126.97
-10.124,123.47
-10.084,111.92
-10.044,106.52
-10.004,104.34
-9.964,106.52
-9.924,100.66
-9.884,100.95
-9.844,99.803
-9.804,104.92
-9.764,106.35
-9.724,109.86
-9.684,116.63
-9.644,120.83
-9.604,122.32
-9.564,120.54
-9.524,125.65
-9.484,125.65
-9.444,121.17
-9.404,116.63
-9.364,121.17
-9.324,119.1
-9.284,119.85
-9.244,114.85
-9.204,118.07
-9.164,117.5
-9.124,114.68
-9.084,115.14
-9.044,117.32
-9.004,116.92
-8.964,125.08
-8.924,123.47
-8.884,127.26
-8.844,129.5
-8.804,129.04
-8.764,131.97
-8.724,131.68
-8.684,128.01
-8.644,130.82
-8.604,127.15
-8.564,124.04
-8.524,125.83
-8.484,125.25
-8.444,128.93
-8.404,129.5
-8.364,129.62
-8.324,131.51
-8.284,132.43
-8.244,130.54
-8.204,136.22
-8.164,134.33
-8.124,137.08
-8.084,140.3
-8.044,138.58
-8.004,141.8
-7.964,140.3
-7.924,137.66
-7.884,141.34
-7.844,139.55
-7.804,137.95
-7.764,139.55
-7.724,142.48
-7.684,138.98
-7.644,142.37
-7.604,143.52
-7.564,145.7
-7.524,142.77
-7.484,145.13
-7.444,147.31
-7.404,147.65
-7.364,147.65
-7.324,147.77
-7.284,151.27
-7.244,151.73
-7.204,153.34
-7.164,154.38
-7.124,153.63
-7.084,150.87
-7.044,151.16
-7.004,152.48
-6.964,153.17
-6.924,153.05
-6.884,157.13
-6.844,156.39
-6.804,157.99
-6.764,156.27
-6.724,160.92
-6.684,159.89
-6.644,160.81
-6.604,161.96
-6.564,161.84
-6.524,160.24
-6.484,164.72
-6.444,161.38
-6.404,163.11
-6.364,167.82
-6.324,162.71
-6.284,165.06
-6.244,166.04
-6.204,164.6
-6.164,164.72
-6.124,166.21
-6.084,166.96
-6.044,170.75
-6.004,170.58
-5.964,168.56
-5.924,171.03
-5.884,173.68
-5.844,171.9
-5.804,170.86
-5.764,172.18
-5.724,174.25
-5.684,173.51
-5.644,173.96
-5.604,175
-5.564,176.43
-5.524,176.72
-5.484,178.62
-5.444,178.79
-5.404,177.93
-5.364,176.61
-5.324,179.54
-5.284,180.23
-5.244,179.94
-5.204,181.43
-5.164,180.97
-5.124,182.29
-5.084,184.94
-5.044,183.9
-5.004,185.4
-4.964,184.48
-4.924,184.08
-4.884,184.94
-4.844,185.68
-4.804,186.26
-4.764,189.93
-4.724,186.09
-4.684,186.37
-4.644,189.3
-4.604,189.76
-4.564,190.05
-4.524,190.8
-4.484,191.54
-4.444,190.51
-4.404,192.52
-4.364,192.23
-4.324,193.84
-4.284,193.15
-4.244,194.76
-4.204,195.33
-4.164,195.45
-4.124,196.37
-4.084,194.87
-4.044,195.74
-4.004,196.94
-3.964,198.67
-3.924,197.69
-3.884,200.16
-3.844,199.59
-3.804,200.16
-3.764,201.31
-3.724,200.91
-3.684,200.91
-3.644,204.7
-3.604,199.87
-3.564,204.98
-3.524,206.71
-3.484,204.24
-3.444,206.13
-3.404,203.84
-3.364,206.31
-3.324,205.1
-3.284,207.74
-3.244,207.17
-3.204,207.17
-3.164,209.35
-3.124,211.53
-3.084,210.1
-3.044,209.06
-3.004,210.56
-2.964,212.17
-2.924,212.17
-2.884,213.77
-2.844,214.46
-2.804,214.92
-2.764,217.68
-2.724,214.46
-2.684,217.39
-2.644,214.81
-2.604,217.11
-2.564,217.57
-2.524,219.46
-2.484,221.53
-2.444,219.17
-2.404,218.72
-2.364,219.17
-2.324,221.93
-2.284,221.36
-2.244,221.64
-2.204,225.78
-2.164,225.03
-2.124,220.9
-2.084,227.04
-2.044,222.1
-2.004,228.54
-1.964,227.68
-1.924,226.64
-1.884,225.03
-1.844,228.54
-1.804,228.83
-1.764,228.37
-1.724,229.86
-1.684,231.58
-1.644,230.43
-1.604,232.04
-1.564,232.79
-1.524,235.14
-1.484,234.8
-1.444,233.94
-1.404,234.23
-1.364,233.94
-1.324,234.68
-1.284,234.23
-1.244,236.12
-1.204,236.87
-1.164,239.05
-1.124,238.94
-1.084,235.43
-1.044,239.97
-1.004,238.48
-0.964,240.83
-0.924,241.98
-0.884,237.9
-0.844,241.87
-0.804,245.08
-0.764,243.01
-0.724,242.73
-0.684,243.59
-0.644,243.59
-0.604,244.05
-0.564,242.9
-0.524,245.94
-0.484,248.7
-0.444,247.26
-0.404,249.33
-0.364,246.12
-0.324,247.72
-0.284,249.91
-0.244,246.98
-0.204,249.74
-0.164,249.62
-0.124,251.51
-0.084,251.92
-0.044,254.56
-0.004,253.7
0.036,257.78
0.076,253.53
0.116,253.99
0.156,256.34
0.196,255.88
0.236,258.06
0.276,256.92
0.316,256.74
0.356,260.42
0.396,261.91
0.436,260.13
0.476,256.63
0.516,259.67
0.556,257.95
0.596,261.17
0.636,261.28
0.676,262.89
0.716,261.91
0.756,261.28
0.796,264.21
0.836,264.67
0.876,265.13
0.916,265.82
0.956,265.7
0.996,265.13
1.036,266.28
1.076,266.28
1.116,265.82
1.156,268.17
1.196,268.35
1.236,268.46
1.276,267.6
1.316,269.67
1.356,271.11
1.396,269.96
1.436,272.14
1.476,270.53
1.516,272.71
1.556,271.11
1.596,273.86
1.636,273.46
1.676,273.17
1.716,271.85
1.756,276.79
1.796,276.22
1.836,276.22
1.876,276.51
1.916,274.49
1.956,275.36
1.996,273.57
2.036,278.4
2.076,279.61
2.116,278.57
2.156,282.54
2.196,282.36
2.236,282.65
2.276,283.4
2.316,280.64
2.356,281.62
2.396,283.86
2.436,285.01
2.476,283.97
2.516,286.04
2.556,285.75
2.596,286.79
2.636,288.8
2.676,285.75
2.716,289.09
2.756,286.44
2.796,288.51
2.836,287.07
2.876,290.41
2.916,293.62
2.956,289.09
2.996,290.69
3.036,291.15
3.076,290.87
3.116,293.34
3.156,290.01
3.196,295.12
3.236,292.19
3.276,293.22
3.316,295.4
3.356,293.34
3.396,296.27
3.436,294.83
3.476,296.73
3.516,297.76
3.556,300.34
3.596,296.73
3.636,299.77
3.676,299.2
3.716,299.2
3.756,300.98
3.796,302.7
3.836,298.16
3.876,300.23
3.916,303.56
3.956,304.19
3.996,307.53
4.036,302.87
4.076,306.49
4.116,306.2
4.156,306.2
4.196,306.38
4.236,306.09
4.276,305.52
4.316,307.53
4.356,308.56
4.396,309.71
4.436,311.49
4.476,306.38
4.516,312.64
4.556,311.2
4.596,309.42
4.636,312.92
4.676,313.56
4.716,312.64
4.756,313.84
4.796,313.39
4.836,316.6
4.876,315.16
4.916,317.81
4.956,315.45
4.996,316.2
5.036,318.21
5.076,319.53
5.116,319.53
5.156,319.82
5.196,320.28
5.236,321.89
5.276,321.31
5.316,321.43
5.356,318.96
5.396,320.11
5.436,323.03
5.476,320.68
5.516,322.29
5.556,322.63
5.596,324.53
5.636,325.1
5.676,326.54
5.716,321.43
5.756,326.71
5.796,324.93
5.836,324.36
5.876,328.03
5.916,327.57
5.956,327.17
5.996,326.25
6.036,331.37
6.076,329.64
6.116,329.47
6.156,329.47
6.196,330.22
6.236,331.54
6.276,334.29
6.316,331.65
6.356,332.69
6.396,333.61
6.436,330.67
6.476,336.19
6.516,335.9
6.556,334.29
6.596,337.11
6.636,336.65
6.676,332.69
6.716,338.43
6.756,338.14
6.796,341.36
6.836,337.68
6.876,339.87
6.916,340.04
6.956,339.12
6.996,343.54
7.036,342.22
7.076,341.48
7.116,341.19
7.156,341.02
7.196,344.58
7.236,345.44
7.276,343.66
7.316,342.97
7.356,343.83
7.396,347.51
7.436,342.62
7.476,344.58
7.516,347.05
7.556,347.79
7.596,347.05
7.636,344.12
7.676,349.69
7.716,347.62
7.756,348.94
7.796,350.09
7.836,349.23
7.876,347.51
7.916,350.84
7.956,351.13
7.996,349.12
8.036,352.45
8.076,350.72
8.116,350.26
8.156,356.7
8.196,351.7
8.236,355.26
8.276,354.23
8.316,354.92
8.356,354.8
8.396,356.87
8.436,354.8
8.476,357.27
8.516,358.13
8.556,359.34
8.596,356.41
8.636,358.59
8.676,359.45
8.716,357.85
8.756,360.95
8.796,361.35
8.836,360.49
8.876,360.66
8.916,363.13
8.956,363.02
8.996,363.13
9.036,365.49
9.076,363.3
9.116,363.42
9.156,365.03
9.196,366.23
9.236,364.74
9.276,363.99
9.316,367.5
9.356,365.31
9.396,367.96
9.436,368.13
9.476,368.82
9.516,368.7
9.556,369.28
9.596,368.42
9.636,372.95
9.676,368.53
9.716,372.78
9.756,373.24
9.796,370.14
9.836,372.38
9.876,371.35
9.916,372.04
9.956,373.53
9.996,375.6
10.036,375.14
10.076,374.56
10.116,373.82
10.156,375.43
10.196,377.49
10.236,376.17
10.276,378.18
10.316,379.5
10.356,376.86
10.396,380.42
10.436,379.1
10.476,382.43
10.516,381.4
10.556,381.4
10.596,380.54
10.636,379.1
10.676,383.76
10.716,384.33
10.756,384.21
10.796,386.22
10.836,383.64
10.876,382.43
10.916,384.5
10.956,385.25
10.996,384.96
11.036,387.55
11.076,385.36
11.116,386.22
11.156,384.21
11.196,389.33
11.236,387.83
11.276,390.65
11.316,386.86
11.356,388.75
11.396,390.93
11.436,390.19
11.476,391.22
11.516,390.65
11.556,392.72
11.596,392.08
11.636,390.19
11.676,396.05
11.716,393.41
11.756,392.37
11.796,396.51
11.836,395.76
11.876,395.3
11.916,396.33
11.956,396.62
11.996,397.08
12.036,396.91
12.076,397.83
12.116,399.55
12.156,398.4
12.196,397.94
12.236,401.05
12.276,399.15
12.316,402.08
12.356,399.44
12.396,403.06
12.436,403.69
12.476,401.73
12.516,401.05
12.556,404.09
12.596,404.09
12.636,405.12
12.676,403.52
12.716,404.09
12.756,404.09
12.796,404.09
12.836,404.95
12.876,406.27
12.916,409.09
12.956,408.92
12.996,407.02
13.036,411.1
13.076,410.24
13.116,412.02
13.156,406.91
13.196,409.09
13.236,409.38
13.276,413.34
13.316,412.31
13.356,413.45
13.396,412.42
13.436,414.95
13.476,412.31
13.516,413.05
13.556,412.02
13.596,413.17
13.636,412.88
13.676,415.81
13.716,414.78
13.756,415.23
13.796,415.23
13.836,414.32
13.876,419.49
13.916,417.13
13.956,417.7
13.996,418.28
14.036,417.7
14.076,418.45
14.116,419.2
14.156,419.31
14.196,420.35
14.236,420.46
14.276,418.85
14.316,418.74
14.356,419.31
14.396,421.78
14.436,421.09
14.476,421.09
14.516,423.28
14.556,424.71
14.596,422.24
14.636,423.68
14.676,423.57
14.716,424.31
14.756,425.29
14.796,424.02
14.836,425.46
14.876,422.99
14.916,426.49
14.956,425.92
14.996,427.24
15.036,427.53
15.076,426.78
15.116,430.74
15.156,428.1
15.196,429.14
15.236,431.15
15.276,430.29
15.316,429.14
15.356,430.86
15.396,430.29
15.436,428.22
15.476,433.21
15.516,433.21
15.556,432.07
15.596,432.93
15.636,434.65
15.676,433.39
15.716,433.39
15.756,432.47
15.796,433.39
15.836,433.79
15.876,436.15
15.916,437.29
15.956,436.15
15.996,437.75
16.036,437.75
16.076,438.33
16.116,440.22
16.156,439.82
16.196,438.79
16.236,437.75
16.276,440.11
16.316,438.9
16.356,437.75
16.396,441.14
16.436,440.22
16.476,442.58
16.516,442.58
16.556,442.87
16.596,441.14
16.636,443.33
16.676,445.8
16.716,442.87
16.756,445.62
16.796,444.65
16.836,445.51
16.876,444.76
16.916,444.36
16.956,447.58
16.996,445.97
17.036,446.26
17.076,449.76
17.116,449.01
17.156,451.2
17.196,448.72
17.236,447.69
17.276,449.76
17.316,450.51
17.356,450.16
17.396,450.33
17.436,450.05
17.476,450.51
17.516,451.37
17.556,454.59
17.596,451.94
17.636,450.51
17.676,451.08
17.716,452.52
17.756,452.4
17.796,454.01
17.836,453.09
17.876,457.51
17.916,454.7
17.956,456.77
17.996,457.34
18.036,458.38
18.076,455.33
18.116,456.77
18.156,459.7
18.196,459.41
18.236,457.92
18.276,458.84
18.316,458.95
18.356,460.73
18.396,458.55
18.436,459.12
18.476,457.92
18.516,461.88
18.556,462.46
18.596,459.12
18.636,462.34
18.676,463.95
18.716,463.66
18.756,464.35
18.796,461.59
18.836,465.38
18.876,465.56
18.916,464.98
18.956,466.3
18.996,464.98
19.036,465.27
19.076,465.56
19.116,466.71
19.156,466.13
19.196,468.49
19.236,467.74
19.276,466.59
19.316,470.5
19.356,467.45
19.396,469.64
19.436,469.81
19.476,471.99
19.516,471.99
19.556,471.7
19.596,469.92
19.636,471.7
19.676,471.7
19.716,474.06
19.756,470.38
19.796,471.24
19.836,471.82
19.876,473.72
19.916,474.63
19.956,476.36
19.996,473.02
20.036,477.39
20.076,473.31
20.116,475.49
20.156,475.38
20.196,475.04
20.236,472.85
20.276,475.67
20.316,475.21
20.356,477.97
20.396,475.96
20.436,479.17
20.476,476.53
20.516,478.14
20.556,483.54
20.596,478.88
20.636,482.68
20.676,481.18
20.716,483.25
20.756,481.81
20.796,479.75
20.836,483.08
20.876,483.54
20.916,481.35
20.956,485.15
20.996,485.6
21.036,485.03
21.076,482.96
21.116,484.86
21.156,482.68
21.196,486.93
21.236,486.75
21.276,487.04
21.316,484.11
21.356,487.79
21.396,487.04
21.436,489.22
21.476,485.43
21.516,486.75
21.556,487.33
21.596,489.11
21.636,490.72
21.676,489.22
21.716,488.08
21.756,489.57
21.796,490.83
21.836,490.83
21.876,491.18
21.916,491.87
21.956,493.07
21.996,492.15
22.036,491.29
22.076,493.65
22.116,494.51
22.156,495.26
22.196,494.39
22.236,494.39
22.276,491.58
22.316,495.72
22.356,494.8
22.396,496.29
22.436,494.97
22.476,496.58
22.516,498.76
22.556,496.29
22.596,498.47
22.636,498.3
22.676,497.9
22.716,498.01
22.756,497.44
22.796,495.37
22.836,500.66
22.876,500.2
22.916,501.11
22.956,499.62
22.996,500.08
23.036,500.94
23.076,500.54
23.116,499.79
23.156,499.51
23.196,504.33
23.236,499.79
23.276,501.23
23.316,501.81
23.356,501.4
23.396,503.59
23.436,502.44
23.476,504.05
23.516,503.47
23.556,506.98
23.596,504.45
23.636,505.48
23.676,506.51
23.716,507.26
23.756,507.09
23.796,507.55
23.836,507.84
23.876,506.69
23.916,505.19
23.956,506.34
23.996,507.09
24.036,507.66
24.076,507.66
24.116,506.8
24.156,508.98
24.196,510.59
24.236,508.7
24.276,508.58
24.316,511.34
24.356,511.51
24.396,508.7
24.436,510.88
24.476,513.24
24.516,512.49
24.556,512.2
24.596,513.7
24.636,510.88
24.676,512.09
24.716,512.66
24.756,513.7
24.796,513.24
24.836,515.71
24.876,514.1
24.916,515.71
24.956,516.91
24.996,515.42
25.036,517.2
25.076,517.03
25.116,516.05
25.156,517.2
25.196,520.53
25.236,520.53
25.276,518.81
25.316,521.74
25.356,517.66
25.396,520.13
25.436,520.53
25.476,520.99
25.516,520.71
25.556,520.99
25.596,520.88
25.636,521.45
25.676,525.41
25.716,524.96
25.756,524.78
25.796,523.35
25.836,523.92
25.876,522.77
25.916,523.63
25.956,525.41
25.996,525.41
26.036,525.82
26.076,526.28
26.116,524.78
26.156,527.02
26.196,525.7
26.236,524.21
26.276,526.11
26.316,529.32
26.356,525.7
26.396,527.71
26.436,526.68
26.476,526.56
26.516,529.89
26.556,529.89
26.596,531.1
26.636,528.46
26.676,531.22
26.716,530.07
26.756,533.17
26.796,528.75
26.836,530.82
26.876,531.56
26.916,530.36
26.956,530.64
26.996,532.71
27.036,533.57
27.076,534.03
27.116,536.5
27.156,532.83
27.196,534.61
27.236,536.22
27.276,535.18
27.316,537.36
27.356,538.11
27.396,534.43
27.436,537.82
27.476,537.08
27.516,540.01
27.556,540.58
27.596,539.43
27.636,536.04
27.676,540.75
27.716,539.89
27.756,539.26
27.796,541.9
27.836,542.36
27.876,539.26
27.916,541.9
27.956,545
27.996,541.79
28.036,539.89
28.076,543.22
28.116,540.92
28.156,543.68
28.196,545
28.236,544.14
28.276,543.39
28.316,547.01
28.356,543.51
28.396,545.29
28.436,542.65
28.476,547.47
28.516,544.72
28.556,546.9
28.596,547.19
28.636,545.87
28.676,544.72
28.716,545.87
28.756,546.9
28.796,550.69
28.836,547.93
28.876,547.19
28.916,547.01
28.956,548.34
28.996,546.44
29.036,547.47
29.076,550.29
29.116,549.08
29.156,548.51
29.196,550.58
29.236,551.26
29.276,549.66
29.316,553.5
29.356,553.79
29.396,553.79
29.436,552.87
29.476,552.3
29.516,555.69
29.556,553.5
29.596,551.9
29.636,554.08
29.676,554.08
29.716,555.12
29.756,553.5
29.796,553.79
29.836,556.84
29.876,555.69
29.916,554.37
29.956,557.87
29.996,556.72
30.036,557.87
30.076,559.19
30.116,559.02
30.156,558.9
30.196,556.55
30.236,560.34
30.276,558.45
30.316,560.34
30.356,556.55
30.396,558.9
30.436,562.41
30.476,557.87
30.516,560.63
30.556,559.48
30.596,559.31
30.636,560.92
30.676,561.55
30.716,559.65
30.756,562.12
30.796,562.41
30.836,565.05
30.876,564.13
30.916,564.02
30.956,566.49
30.996,562.24
31.036,564.13
31.076,566.66
31.116,567.24
31.156,565.45
31.196,566.49
31.236,565.17
31.276,568.1
31.316,567.69
31.356,569.3
31.396,566.2
31.436,569.42
31.476,569.3
31.516,570.63
31.556,568.67
31.596,567.81
31.636,567.52
31.676,568.1
31.716,569.71
31.756,571.49
31.796,570.74
31.836,570.45
31.876,572.63
31.916,570.74
31.956,569.59
31.996,570.74
32.036,571.77
32.076,571.31
32.116,570.91
32.156,571.77
32.196,573.5
32.236,576.14
32.276,572.81
32.316,575.56
32.356,577.63
32.396,574.24
32.436,577.46
32.476,578.21
32.516,577.35
32.556,574.7
32.596,576.02
32.636,576.43
32.676,577.63
32.716,578.21
32.756,576.71
32.796,574.99
32.836,577.17
32.876,576.43
32.916,577.35
32.956,578.95
32.996,577.06
33.036,580.56
33.076,577.46
33.116,581.42
33.156,579.82
33.196,581.88
33.236,578.38
33.276,580.56
33.316,580.1
33.356,581.42
33.396,582.46
33.436,579.07
33.476,584.07
33.516,582.28
33.556,583.89
33.596,582.46
33.636,582
33.676,582.46
33.716,583.49
33.756,583.32
33.796,586.82
33.836,584.35
33.876,585.96
33.916,588.32
33.956,585.5
33.996,586.54
34.036,586.71
34.076,585.79
34.116,585.79
34.156,585.39
34.196,585.96
34.236,587.74
34.276,587.4
34.316,587.11
34.356,586.82
34.396,590.5
34.436,588.03
34.476,590.96
34.516,589.93
34.556,590.5
34.596,590.62
34.636,591.65
34.676,588.43
34.716,588.89
34.756,591.36
34.796,591.82
34.836,589.18
34.876,592.57
34.916,590.5
34.956,590.33
34.996,591.65
35.036,591.53
35.076,591.82
35.116,593.14
35.156,594.18
35.196,592.22
35.236,592.68
35.276,596.07
35.316,593.83
35.356,593.26
35.396,595.04
35.436,595.33
35.476,594.87
35.516,596.93
35.556,596.65
35.596,600.61
35.636,597.51
35.676,594.58
35.716,597.22
35.756,596.93
35.796,596.65
35.836,598.72
35.876,596.07
35.916,599
35.956,597.51
35.996,596.76
36.036,596.36
36.076,599.58
36.116,599.69
36.156,599.4
36.196,600.15
36.236,599.98
36.276,597.8
36.316,600.44
36.356,600.32
36.396,598.83
36.436,603.94
36.476,603.08
36.516,603.2
36.556,601.59
36.596,600.73
36.636,603.08
36.676,600.61
36.716,602.79
36.756,601.3
36.796,603.65
36.836,603.83
36.876,604.23
36.916,604.52
36.956,604.12
36.996,604.98
37.036,606.3
37.076,605.84
37.116,604.4
37.156,605.84
37.196,607.33
37.236,608.94
37.276,606.47
37.316,607.16
37.356,607.62
37.396,605.84
37.436,608.19
37.476,610.09
37.516,609.97
37.556,607.33
37.596,609.69
37.636,608.37
37.676,610.38
37.716,610.66
37.756,608.77
37.796,613.19
37.836,610.26
37.876,611.12
37.916,608.48
37.956,616.41
37.996,611.12
38.036,611.58
38.076,611.12
38.116,611.58
38.156,611.87
38.196,610.95
38.236,610.84
38.276,614.05
38.316,613.48
38.356,613.88
38.396,614.63
38.436,616.81
38.476,616.81
38.516,615.95
38.556,615.95
38.596,616.12
38.636,616.98
38.676,616.24
38.716,617.73
38.756,618.13
38.796,615.95
38.836,615.49
38.876,617.56
38.916,618.13
38.956,615.38
38.996,617.84
39.036,616.81
39.076,618.13
39.116,617.56
39.156,616.81
39.196,620.49
39.236,621.06
39.276,619.16
39.316,620.49
39.356,620.78
39.396,619.05
39.436,621.23
39.476,623.7
39.516,623.53
39.556,624.56
39.596,622.96
39.636,621.06
39.676,623.7
39.716,624.45
39.756,623.7
39.796,624.56
39.836,623.99
39.876,625.89
39.916,625.6
39.956,623.99
39.996,624.28
40.036,624.85
40.076,626.35
40.116,625.6
40.156,625.31
40.196,626.06
40.236,624.16
40.276,626.81
40.316,627.21
40.356,627.78
40.396,628.99
40.436,627.5
40.476,629.1
40.516,629.68
40.556,627.5
40.596,628.41
40.636,629.39
40.676,630.42
40.716,630.31
40.756,629.28
40.796,631.29
40.836,626.92
40.876,629.56
40.916,630.14
40.956,631.29
40.996,630.6
41.036,629.39
41.076,631.63
41.116,634.1
41.156,633.35
41.196,632.03
41.236,632.78
41.276,630.31
41.316,632.78
41.356,630.14
41.396,635.71
41.436,632.32
41.476,634.1
41.516,634.1
41.556,632.78
41.596,633.24
41.636,635.14
41.676,634.96
41.716,633.81
41.756,635.42
41.796,635.42
41.836,636.74
41.876,634.22
41.916,639.04
41.956,634.96
41.996,636.46
42.036,635.25
42.076,636.57
42.116,639.67
42.156,640.65
42.196,638.76
42.236,637.03
42.276,639.21
42.316,637.03
42.356,639.04
42.396,640.08
42.436,641.11
42.476,638.64
42.516,640.08
42.556,642.72
42.596,640.54
42.636,639.67
42.676,641.86
42.716,642.26
42.756,641.86
42.796,642.14
42.836,642.14
42.876,644.21
42.916,643.18
42.956,642.72
42.996,642.6
43.036,641.86
43.076,643.18
43.116,642.6
43.156,642.43
43.196,642.72
43.236,643.75
43.276,642.6
43.316,645.19
43.356,643.92
43.396,646.68
43.436,647.83
43.476,646.51
43.516,645.53
43.556,645.53
43.596,646.11
43.636,645.93
43.676,646.4
43.716,646.68
43.756,647.26
43.796,646.68
43.836,645.36
43.876,645.36
43.916,648.58
43.956,647.54
43.996,650.19
44.036,650.19
44.076,648.87
44.116,650.65
44.156,647.83
44.196,649.15
44.236,649.73
44.276,649.73
44.316,651.62
44.356,652.08
44.396,650.36
44.436,650.47
44.476,649.61
44.516,652.37
44.556,654.72
44.596,653.29
44.636,653.86
44.676,652.25
44.716,654.55
44.756,655.18
44.796,651.97
44.836,652.54
44.876,652.94
44.916,655.18
44.956,654.55
44.996,653.69
45.036,654.55
45.076,656.79
45.116,652.94
45.156,653.4
45.196,656.62
45.236,655.59
45.276,657.19
45.316,653.69
45.356,656.33
45.396,654.55
45.436,653.29
45.476,655.18
45.516,656.62
45.556,653.57
45.596,653.69
45.636,656.51
45.676,656.04
45.716,655.47
45.756,659.55
45.796,657.77
45.836,656.04
45.876,657.94
45.916,657.48
45.956,658.69
45.996,659.55
46.036,657.66
46.076,660.12
46.116,657.37
46.156,658.4
46.196,660.41
46.236,660.3
46.276,658.4
46.316,661.16
46.356,661.33
46.396,661.73
46.436,659.84
46.476,661.44
46.516,660.58
46.556,661.62
46.596,661.73
46.636,662.31
46.676,661.44
46.716,662.02
46.756,661.33
46.796,661.62
46.836,662.19
46.876,661.44
46.916,663.23
46.956,662.31
46.996,661.62
47.036,665.24
47.076,664.26
47.116,664.55
47.156,663.34
47.196,665.12
47.236,666.16
47.276,664.09
47.316,666.16
47.356,664.83
47.396,667.48
47.436,667.02
47.476,667.02
47.516,665.24
47.556,665.98
47.596,668.45
47.636,665.7
47.676,665.52
47.716,667.48
47.756,668.34
47.796,665.98
47.836,665.87
47.876,669.49
47.916,668.34
47.956,667.13
47.996,669.2
48.036,668.34
48.076,667.02
48.116,669.37
48.156,669.78
48.196,668.63
48.236,670.98
48.276,670.69
48.316,670.69
48.356,671.1
48.396,670.98
48.436,672.7
48.476,669.37
48.516,673.17
48.556,675.06
48.596,669.49
48.636,672.99
48.676,671.1
48.716,673.62
48.756,673.45
48.796,671.38
48.836,671.27
48.876,673.28
48.916,674.03
48.956,674.6
48.996,673.17
49.036,673.28
49.076,676.09
49.116,677.82
49.156,675.52
49.196,678.85
49.236,675.23
49.276,673.17
49.316,674.2
49.356,673.74
49.396,678.85
49.436,680.46
49.476,676.5
49.516,679.31
49.556,676.84
49.596,681.67
49.636,676.67
49.676,677.13
49.716,675.35
49.756,680.17
49.796,678.56
49.836,678.28
49.876,680.34
49.916,680.46
49.956,675.81
49.996,679.89
50.036,682.99
50.076,679.6
50.116,681.49
50.156,680.06
50.196,679.43
50.236,681.67
50.276,682.64
50.316,682.53
50.356,683.28
50.396,683.56
50.436,681.21
50.476,685.86
50.516,682.53
50.556,678.74
50.596,684.88
50.636,681.49
50.676,683.39
50.716,684.14
50.756,684.88
50.796,685
50.836,686.03
50.876,684.14
50.916,682.24
50.956,685.17
50.996,683.56
51.036,684.14
51.076,686.89
51.116,686.49
51.156,683.68
51.196,686.89
51.236,689.25
51.276,687.81
51.316,684.25
51.356,686.49
51.396,689.25
51.436,685.17
51.476,687.93
51.516,689.25
51.556,689.25
51.596,690.28
51.636,687.93
51.676,690.57
51.716,690.28
51.756,689.42
51.796,693.04
51.836,693.96
51.876,692.35
51.916,692.93
51.956,689.82
51.996,690.4
52.036,693.96
52.076,691.43
52.116,697.18
52.156,693.04
52.196,692.01
52.236,691.15
52.276,692.01
52.316,694.53
52.356,699.19
52.396,690.74
52.436,696.26
52.476,695.57
52.516,696.26
52.556,698.9
52.596,694.36
52.636,693.79
52.676,694.53
52.716,695.97
52.756,698.32
52.796,698.79
52.836,700.11
52.876,701.83
52.916,703.32
52.956,698.61
52.996,700.97
53.036,696.55
53.076,701.54
53.116,701.54
53.156,701.54
53.196,700.68
53.236,701.83
53.276,699.93
53.316,699.76
53.356,700.51
53.396,702.69
53.436,701.54
53.476,700.97
53.516,700.8
53.556,700.97
53.596,701.71
53.636,703.44
53.676,704.19
53.716,704.76
53.756,707.52
53.796,703.72
53.836,706.66
53.876,706.54
53.916,708.55
53.956,706.66
53.996,706.54
54.036,705.79
54.076,708.72
54.116,707.52
54.156,705.62
54.196,710.73
54.236,707.4
54.276,709.3
54.316,709.01
54.356,711.37
54.396,707.4
54.436,709.87
54.476,708.55
54.516,709.13
54.556,709.76
54.596,709.87
54.636,710.33
54.676,713.26
54.716,711.65
54.756,712.51
54.796,710.62
54.836,708.72
54.876,711.94
54.916,713.26
54.956,717.05
54.996,714.41
55.036,714.87
55.076,713.55
55.116,715.16
55.156,714.98
55.196,718.2
55.236,713.95
55.276,714.87
55.316,713.66
55.356,717.8
55.396,714.87
55.436,716.88
55.476,716.19
55.516,715.27
55.556,714.87
55.596,716.19
55.636,717.63
55.676,714.12
55.716,713.26
55.756,721.42
55.796,713.83
55.836,718.09
55.876,719.12
55.916,717.05
55.956,717.22
55.996,720.1
56.036,719.69
56.076,717.8
56.116,719.12
56.156,720.27
56.196,721.7
56.236,722.05
56.276,719.12
56.316,720.44
56.356,719.12
56.396,720.84
56.436,722.34
56.476,723.32
56.516,721.42
56.556,721.13
56.596,722.91
56.636,721.59
56.676,723.2
56.716,719.98
56.756,723.95
56.796,720.84
56.836,723.66
56.876,723.77
56.916,726.13
56.956,723.49
56.996,723.66
57.036,720.56
57.076,724.92
57.116,724.81
57.156,724.81
57.196,722.74
57.236,727.85
57.276,722.17
57.316,724.64
57.356,724.06
57.396,725.38
57.436,722.05
57.476,726.99
57.516,724.81
57.556,725.38
57.596,727.85
57.636,727.57
57.676,726.7
57.716,725.96
57.756,727.85
57.796,726.88
57.836,729.81
57.876,726.7
57.916,728.02
57.956,728.77
57.996,727.74
58.036,727.74
58.076,727.45
58.116,727.74
58.156,724.35
58.196,730.95
58.236,728.77
58.276,730.09
58.316,728.31
58.356,729.63
58.396,727.57
58.436,731.41
58.476,730.38
58.516,730.78
58.556,731.7
58.596,728.77
58.636,731.82
58.676,731.53
58.716,733.14
58.756,729.17
58.796,731.41
58.836,731.24
58.876,734
58.916,733.02
58.956,734.29
58.996,732.1
59.036,730.95
59.076,733.31
59.116,732.39
59.156,733.71
59.196,735.78
59.236,732.39
59.276,732.39
59.316,735.2
59.356,734.29
59.396,732.39
59.436,731.41
59.476,735.49
59.516,734.92
59.556,735.78
59.596,736.53
59.636,736.81
59.676,735.32
59.716,733.88
59.756,736.81
59.796,734.46
59.836,736.35
59.876,736.24
59.916,735.61
59.956,735.95
59.996,737.96
60.036,735.61
60.076,736.07
60.116,737.68
60.156,736.07
60.196,734.75
60.236,737.39
60.276,738.13
60.316,739
60.356,738.83
60.396,737.1
60.436,739.17
60.476,736.07
60.516,740.78
60.556,737.39
60.596,738.13
60.636,739.28
60.676,738.71
60.716,740.32
60.756,737.1
60.796,739.17
60.836,739.57
60.876,738.42
60.916,738.54
60.956,740.6
60.996,740.03
61.036,741.18
61.076,742.79
61.116,743.25
61.156,742.39
61.196,740.15
61.236,739.86
61.276,740.89
61.316,741.35
61.356,743.54
61.396,742.96
61.436,740.78
61.476,742.04
61.516,741.47
61.556,741.93
61.596,742.5
61.636,740.89
61.676,742.39
61.716,742.39
61.756,743.08
61.796,743.08
61.836,743.65
61.876,744.11
61.916,743.36
61.956,743.99
61.996,744.11
62.036,741.47
62.076,745.14
62.116,742.5
62.156,746.75
62.196,745.32
62.236,745.89
62.276,745.32
62.316,745.43
62.356,746.29
62.396,746.46
62.436,747.9
62.476,746
62.516,748.94
62.556,744.57
62.596,747.33
62.636,746.75
62.676,749.8
62.716,749.51
62.756,749.97
62.796,745.32
62.836,746.75
62.876,749.11
62.916,749.39
62.956,748.94
62.996,747.33
63.036,749.11
63.076,749.51
63.116,750.43
63.156,750.26
63.196,747.33
63.236,749.68
63.276,751.75
63.316,749.22
63.356,748.07
63.396,748.36
63.436,749.68
63.476,749.22
63.516,752.33
63.556,750.71
63.596,751.29
63.636,750.43
63.676,749.97
63.716,750.83
63.756,752.61
63.796,752.9
63.836,749.22
63.876,754.79
63.916,751.86
63.956,752.33
63.996,753.01
64.036,751.4
64.076,751.4
64.116,753.76
64.156,753.36
64.196,754.05
64.236,754.68
64.276,757.55
64.316,755.66
64.356,756.98
64.396,753.36
64.436,754.05
64.476,754.05
64.516,753.36
64.556,752.44
64.596,755.66
64.636,757.15
64.676,752.33
64.716,754.33
64.756,757.9
64.796,755.08
64.836,757.15
64.876,756.86
64.916,756.58
64.956,754.97
64.996,760.65
65.036,754.68
65.076,754.97
65.116,759.05
65.156,759.16
65.196,758.58
65.236,755.94
65.276,757.55
65.316,757.26
65.356,757.72
65.396,756.86
65.436,755.94
65.476,758.58
65.516,758.18
65.556,757.44
65.596,759.91
65.636,757.44
65.676,759.33
65.716,758.47
65.756,756.98
65.796,761.23
65.836,760.37
65.876,760.65
65.916,762.38
65.956,758.18
65.996,761.97
66.036,761.8
66.076,761.11
66.116,761.69
66.156,760.77
66.196,759.33
66.236,760.65
66.276,764.9
66.316,761.23
66.356,761.97
66.396,761.8
66.436,762.26
66.476,764.33
66.516,764.9
66.556,764.16
66.596,762.26
66.636,765.31
66.676,762.84
66.716,761.23
66.756,764.33
66.796,765.77
66.836,764.33
66.876,761.69
66.916,765.65
66.956,765.48
66.996,766.05
67.036,766.92
67.076,765.19
67.116,764.73
67.156,765.94
67.196,763.3
67.236,766.92
67.276,766.8
67.316,767.26
67.356,765.65
67.396,767.09
67.436,765.31
67.476,769.44
67.516,766.51
67.556,766.05
67.596,769.44
67.636,766.51
67.676,767.26
67.716,769.27
67.756,770.13
67.796,767.84
67.836,768.98
67.876,768.7
67.916,770.76
67.956,769.56
67.996,768.12
68.036,769.73
68.076,770.88
68.116,769.73
68.156,770.88
68.196,770.02
68.236,767.66
68.276,767.55
68.316,771.45
68.356,770.59
68.396,771.05
68.436,769.73
68.476,770.3
68.516,767.55
68.556,770.88
68.596,772.95
68.636,769.84
68.676,771.62
68.716,772.49
68.756,770.59
68.796,772.2
68.836,772.77
68.876,773.41
68.916,775.01
68.956,772.09
68.996,772.66
69.036,771.91
69.076,773.41
69.116,773.81
69.156,772.37
69.196,772.66
69.236,775.3
69.276,773.52
69.316,771.91
69.356,772.37
69.396,775.88
69.436,773.69
69.476,772.49
69.516,773.69
69.556,774.27
69.596,775.42
69.636,773.81
69.676,776.74
69.716,774.67
69.756,775.99
69.796,775.59
69.836,776.62
69.876,776.62
69.916,777.48
69.956,774.67
69.996,775.59
70.036,777.6
70.076,775.99
70.116,775.42
70.156,779.21
70.196,778.35
70.236,778.92
70.276,778.81
70.316,778.35
70.356,778.35
70.396,778.63
70.436,778.63
70.476,777.48
70.516,778.81
70.556,778.92
70.596,777.2
70.636,779.21
70.676,778.81
70.716,780.7
70.756,779.38
70.796,777.89
70.836,779.38
70.876,782.02
70.916,781.1
70.956,779.96
70.996,783.46
71.036,780.82
71.076,780.41
71.116,783.92
71.156,784.03
71.196,780.82
71.236,780.53
71.276,780.99
71.316,778.81
71.356,781.56
71.396,778.63
71.436,782.77
71.476,782.14
71.516,781.1
71.556,782.31
71.596,782.14
71.636,779.84
71.676,783.63
71.716,782.77
71.756,781.28
71.796,783.06
71.836,780.13
71.876,784.49
71.916,782.43
71.956,784.38
71.996,783.34
72.036,783.06
72.076,784.38
72.116,783.92
72.156,783.75
72.196,782.02
72.236,781.74
72.276,782.6
72.316,784.21
72.356,783.92
72.396,785.07
72.436,784.21
72.476,783.75
72.516,784.21
72.556,785.07
72.596,783.46
72.636,786.96
72.676,783.75
72.716,786.96
72.756,784.49
72.796,785.07
72.836,784.38
72.876,786.39
72.916,787.71
72.956,783.92
72.996,788.17
73.036,786.96
73.076,788.86
73.116,786.56
73.156,788
73.196,789.49
73.236,789.32
73.276,787.71
73.316,786.39
73.356,789.49
73.396,790.93
73.436,788.28
73.476,789.78
73.516,787.25
73.556,787.88
73.596,788.74
73.636,789.32
73.676,789.6
73.716,790.81
73.756,789.89
73.796,792.54
73.836,791.39
73.876,790.07
73.916,791.67
73.956,791.22
73.996,792.25
74.036,792.25
74.076,790.18
74.116,788.57
74.156,791.22
74.196,795.18
74.236,791.79
74.276,792.71
74.316,791.96
74.356,791.96
74.396,791.22
74.436,790.93
74.476,791.96
74.516,792.42
74.556,793.57
74.596,791.96
74.636,793.4
74.676,793.74
74.716,792.82
74.756,793.86
74.796,793.86
74.836,790.35
74.876,793.57
74.916,794.03
74.956,791.79
74.996,794.89
75.036,795.01
75.076,792.99
75.116,796.04
75.156,791.79
75.196,795.75
75.236,793.86
75.276,795.35
75.316,797.53
75.356,794.6
75.396,794.89
75.436,794.72
75.476,796.04
75.516,795.75
75.556,795.64
75.596,795.75
75.636,795.93
75.676,798.57
75.716,794.72
75.756,796.61
75.796,799.43
75.836,797.53
75.876,796.21
75.916,795.01
75.956,795.01
75.996,797.53
76.036,799.43
76.076,797.53
76.116,798.57
76.156,797.82
76.196,798.68
76.236,798.22
76.276,798.85
76.316,799.43
76.356,797.07
76.396,797.82
76.436,798.85
76.476,798.85
76.516,800.29
76.556,799.83
76.596,801.78
76.636,799.54
76.676,799.83
76.716,799.54
76.756,801.15
76.796,799.54
76.836,801.04
76.876,800.29
76.916,799.14
76.956,800.46
76.996,801.78
77.036,801.5
77.076,799.83
77.116,801.04
77.156,801.15
77.196,801.61
77.236,802.19
77.276,800.86
77.316,802.36
77.356,798.68
77.396,802.07
77.436,803.1
77.476,799.26
77.516,801.33
77.556,803.22
77.596,802.93
77.636,803.68
77.676,803.39
77.716,801.9
77.756,800.75
77.796,800.46
77.836,802.65
77.876,803.68
77.916,805.12
77.956,804.25
77.996,803.22
78.036,803.8
78.076,803.22
78.116,803.51
78.156,805.4
78.196,804.54
78.236,804.37
78.276,805.98
78.316,807.47
78.356,807.47
78.396,805.69
78.436,806.15
78.476,805.4
78.516,803.8
78.556,806.61
78.596,805.12
78.636,807.18
78.676,807.01
78.716,806.32
78.756,806.9
78.796,806.15
78.836,804.72
78.876,807.18
78.916,805.86
78.956,810.23
78.996,807.59
79.036,805.98
79.076,806.73
79.116,806.15
79.156,807.93
79.196,808.5
79.236,806.73
79.276,809.37
79.316,808.05
79.356,806.61
79.396,806.61
79.436,808.79
79.476,808.22
79.516,807.93
79.556,809.83
79.596,805.4
79.636,808.91
79.676,807.47
79.716,806.61
79.756,808.22
79.796,808.91
79.836,809.37
79.876,809.65
79.916,809.65
79.956,810.52
79.996,811.44
80.036,808.62
80.076,810.23
80.116,811.72
80.156,813.33
80.196,809.65
80.236,807.3
80.276,810.86
80.316,814.19
80.356,810.23
80.396,810.52
80.436,813.16
80.476,809.37
80.516,810.52
80.556,810.98
80.596,810.86
80.636,810.98
80.676,810.98
80.716,809.94
80.756,812.47
80.796,812.47
80.836,812.12
80.876,812.76
80.916,813.62
80.956,811.84
80.996,813.45
81.036,813.45
81.076,811.15
81.116,812.76
81.156,813.62
81.196,815.23
81.236,815.34
81.276,810.98
81.316,814.19
81.356,816.09
81.396,814.65
81.436,816.37
81.476,813.45
81.516,812.87
81.556,814.77
81.596,814.65
81.636,816.09
81.676,815.05
81.716,814.08
81.756,817.29
81.796,816.09
81.836,815.97
81.876,814.08
81.916,816.66
81.956,815.05
81.996,814.65
82.036,816.09
82.076,817.7
82.116,817.87
82.156,817.29
82.196,816.95
82.236,817.12
82.276,819.02
82.316,819.76
82.356,817.98
82.396,817.29
82.436,815.34
82.476,815.34
82.516,815.69
82.556,816.26
82.596,819.48
82.636,817.7
82.676,817.98
82.716,818.27
82.756,817.58
82.796,821.09
82.836,819.48
82.876,816.55
82.916,817.12
82.956,819.48
82.996,817.29
83.036,818.44
83.076,820.51
83.116,817.12
83.156,819.19
83.196,816.26
83.236,816.66
83.276,819.19
83.316,818.56
83.356,819.19
83.396,820.8
83.436,819.88
83.476,820.63
83.516,822.52
83.556,820.23
83.596,821.66
83.636,821.95
83.676,819.48
83.716,822.41
83.756,821.95
83.796,820.63
83.836,821.09
83.876,824.13
83.916,823.56
83.956,820.51
83.996,822.98
84.036,822.98
84.076,820.51
84.116,822.69
84.156,822.12
84.196,821.37
84.236,820.05
84.276,823.73
84.316,823.84
84.356,821.37
84.396,821.2
84.436,820.51
84.476,822.41
84.516,825.34
84.556,823.56
84.596,822.81
84.636,825.45
84.676,822.69
84.716,824.59
84.756,824.59
84.796,827.06
84.836,824.59
84.876,824.13
84.916,823.84
84.956,822.81
84.996,822.12
85.036,824.71
85.076,822.81
85.116,821.09
85.156,827.52
85.196,826.2
85.236,822.12
85.276,824.42
85.316,825.74
85.356,823.56
85.396,824.13
85.436,824.02
85.476,825.16
85.516,827.63
85.556,824.42
85.596,824.71
85.636,825.45
85.676,824.13
85.716,825.74
85.756,824.71
85.796,825.45
85.836,825.34
85.876,827.52
85.916,826.03
85.956,827.35
85.996,829.7
86.036,826.95
86.076,825.62
86.116,827.63
86.156,825.74
86.196,826.2
86.236,828.27
86.276,828.1
86.316,828.67
86.356,827.52
86.396,827.23
86.436,826.31
86.476,827.52
86.516,829.87
86.556,830.85
86.596,825.91
86.636,832.06
86.676,827.52
86.716,829.13
86.756,827.23
86.796,830.16
86.836,830.56
86.876,825.91
86.916,829.13
86.956,827.63
86.996,832.46
87.036,830.16
87.076,829.13
87.116,831.6
87.156,828.96
87.196,829.24
87.236,826.66
87.276,831.48
87.316,828.84
87.356,829.99
87.396,829.87
87.436,831.88
87.476,828.84
87.516,830.74
87.556,830.74
87.596,830.74
87.636,832.06
87.676,828.55
87.716,832.06
87.756,831.2
87.796,828.84
87.836,833.09
87.876,832.06
87.916,829.59
87.956,832.46
87.996,832.17
88.036,833.38
88.076,833.09
88.116,828.38
88.156,834.7
88.196,832.35
88.236,832.8
88.276,832.8
88.316,833.67
88.356,834.41
88.396,831.2
88.436,834.82
88.476,833.09
88.516,831.48
88.556,834.41
88.596,832.63
88.636,831.6
88.676,829.59
88.716,834.99
88.756,831.48
88.796,834.53
88.836,832.92
88.876,833.67
88.916,835.1
88.956,834.7
88.996,833.38
89.036,832.17
89.076,835.68
89.116,831.77
89.156,836.02
89.196,836.02
89.236,834.24
89.276,833.49
89.316,834.7
89.356,834.24
89.396,833.95
89.436,836.42
89.476,835.39
89.516,836.42
89.556,835.85
89.596,835.27
89.636,832.8
89.676,837.29
89.716,835.1
89.756,833.78
89.796,835.68
89.836,838.61
89.876,836.02
89.916,837.92
89.956,836.6
89.996,838.49
90.036,835.56
90.076,837.92
90.116,835.1
90.156,838.32
90.196,834.99
90.236,838.49
90.276,836.6
90.316,837
90.356,838.32
90.396,839.24
90.436,838.49
90.476,836.6
90.516,838.49
90.556,837.63
90.596,834.99
90.636,839.35
90.676,840.22
90.716,837.29
90.756,839.35
90.796,838.49
90.836,840.96
90.876,841.82
90.916,840.22
90.956,838.21
90.996,835.68
91.036,834.41
91.076,839.24
91.116,839.64
91.156,839.35
91.196,838.61
91.236,839.64
91.276,837.29
91.316,839.64
91.356,840.22
91.396,841.71
91.436,839.93
91.476,840.56
91.516,841.42
91.556,840.22
91.596,841.71
91.636,840.67
91.676,840.96
91.716,844.06
91.756,840.96
91.796,842.86
91.836,839.53
91.876,842.46
91.916,840.56
91.956,840.96
91.996,841.71
92.036,838.32
92.076,839.81
92.116,841.13
92.156,840.67
92.196,844.18
92.236,841.42
92.276,843.61
92.316,842.86
92.356,840.1
92.396,842.86
92.436,843.03
92.476,845.21
92.516,843.89
92.556,842.46
92.596,841.42
92.636,841.82
92.676,842.28
92.716,840.22
92.756,844.64
92.796,843.61
92.836,842.46
92.876,843.43
92.916,841.13
92.956,843.43
92.996,847.68
93.036,845.04
93.076,842.17
93.116,843.03
93.156,843.78
93.196,842.86
93.236,843.32
93.276,844.06
93.316,847.86
93.356,845.21
93.396,845.5
93.436,845.04
93.476,844.75
93.516,844.75
93.556,844.75
93.596,842.57
93.636,844.35
93.676,843.03
93.716,844.93
93.756,841.71
93.796,844.64
93.836,841.99
93.876,844.18
93.916,843.89
93.956,843.03
93.996,841.99
94.036,842.57
94.076,839.93
94.116,838.95
94.156,834.7
94.196,833.09
94.236,831.2
94.276,824.13
94.316,820.05
94.356,814.94
94.396,810.86
94.436,803.97
94.476,797.25
94.516,794.43
94.556,786.85
94.596,779.38
94.636,768.98
94.676,746.75
94.716,712.97
94.756,635.82
94.796,546.04
94.836,461.88
94.876,355.09
94.916,225.78
94.956,99.803
94.996,21.792
95.036,-53.691
95.076,-127.16
95.116,-188
95.156,-206.27
95.196,-212.13
95.236,-200.46
95.276,-173.98
95.316,-129.06
95.356,-103.27
95.396,-75.635
95.436,-52.37
95.476,-43.179
95.516,-38.181
95.556,-43.466
95.596,-43.179
95.636,-48.119
95.676,-58.976
95.716,-69.948
95.756,-66.1
95.796,-70.523
95.836,-75.463
95.876,-65.812
95.916,-62.48
95.956,-56.621
95.996,-53.978
96.036,-51.508
96.076,-49.613
96.116,-48.119
96.156,-62.021
96.196,-56.908
96.236,-53.117
96.276,-55.472
96.316,-58.517
96.356,-55.3
96.396,-51.623
96.436,-52.542
96.476,-50.015
96.516,-47.545
96.556,-43.581
96.596,-39.79
96.636,-40.536
96.676,-37.721
96.716,-39.215
96.756,-40.651
96.796,-42.26
96.836,-43.753
96.876,-42.432
96.916,-43.753
96.956,-46.108
96.996,-45.189
97.036,-43.466
97.076,-42.145
97.116,-42.892
97.156,-39.962
97.196,-37.032
97.236,-36.86
97.276,-36.4
97.316,-32.781
97.356,-29.277
97.396,-30.254
97.436,-32.896
97.476,-32.494
97.516,-32.609
97.556,-35.826
97.596,-35.136
97.636,-37.607
97.676,-35.998
97.716,-34.505
97.756,-34.792
97.796,-34.677
97.836,-33.183
97.876,-31.747
97.916,-31.173
97.956,-30.254
97.996,-27.209
98.036,-27.381
98.076,-26.462
98.116,-29.105
98.156,-22.671
98.196,-27.037
98.236,-26.922
98.276,-26.749
98.316,-27.037
98.356,-27.783
98.396,-27.956
98.436,-30.139
98.476,-29.392
98.516,-27.037
98.556,-27.037
98.596,-27.496
98.636,-26.347
98.676,-24.279
98.716,-23.532
98.756,-22.671
98.796,-21.235
98.836,-21.637
98.876,-22.671
98.916,-26.06
98.956,-23.705
98.996,-24.739
99.036,-23.705
99.076,-26.06
99.116,-23.245
99.156,-23.82
99.196,-24.739
99.236,-21.637
99.276,-23.992
99.316,-21.637
99.356,-23.532
99.396,-21.522
99.436,-20.201
99.476,-20.775
99.516,-18.305
99.556,-19.741
99.596,-20.603
99.636,-21.809
99.676,-22.671
99.716,-21.522
99.756,-21.235
99.796,-21.809
99.836,-20.775
99.876,-21.35
99.916,-22.211
99.956,-21.235
99.996,-20.028
100.04,-18.133
100.08,-14.801
100.12,-15.777
100.16,-18.018
100.2,-15.95
100.24,-15.49
100.28,-17.271
100.32,-18.592
100.36,-17.386
100.4,-20.028
100.44,-19.282
100.48,-20.89
100.52,-20.488
100.56,-19.741
100.6,-19.282
100.64,-16.811
100.68,-19.167
100.72,-19.282
100.76,-17.558
100.8,-16.409
100.84,-17.845
100.88,-15.375
100.92,-15.95
100.96,-16.237
101,-18.592
101.04,-17.845
101.08,-19.282
101.12,-18.879
101.16,-16.984
101.2,-16.811
101.24,-17.386
101.28,-18.592
101.32,-16.984
101.36,-15.375
101.4,-15.95
101.44,-15.95
101.48,-14.456
101.52,-15.088
101.56,-14.169
101.6,-18.42
101.64,-15.777
101.68,-15.662
101.72,-14.628
101.76,-15.375
101.8,-16.984
101.84,-14.801
101.88,-20.028
101.92,-17.386
101.96,-15.088
102,-16.984
102.04,-14.456
102.08,-16.409
102.12,-15.088
102.16,-15.203
102.2,-14.916
102.24,-19.626
102.28,-14.456
102.32,-15.662
102.36,-16.811
102.4,-15.088
102.44,-15.95
102.48,-14.628
102.52,-18.592
102.56,-15.95
102.6,-15.777
102.64,-17.099
102.68,-18.707
102.72,-15.203
102.76,-11.239
102.8,-10.665
102.84,-13.02
102.88,-15.203
102.92,-16.984
102.96,-14.054
103,-14.456
103.04,-11.699
103.08,-15.777
103.12,-13.307
103.16,-14.341
103.2,-12.848
103.24,-14.456
103.28,-16.237
103.32,-15.088
103.36,-12.158
103.4,-15.777
103.44,-17.271
103.48,-11.699
103.52,-15.777
103.56,-15.375
103.6,-15.777
103.64,-12.733
103.68,-14.456
103.72,-13.307
103.76,-13.192
103.8,-15.375
103.84,-14.628
103.88,-12.273
103.92,-11.526
103.96,-17.271
104,-12.733
104.04,-12.733
104.08,-13.594
104.12,-13.767
104.16,-15.375
104.2,-15.375
104.24,-10.665
104.28,-13.767
104.32,-9.6307
104.36,-14.801
104.4,-14.169
104.44,-12.273
104.48,-13.594
104.52,-15.49
104.56,-11.124
104.6,-13.48
104.64,-12.446
104.68,-13.192
104.72,-12.56
104.76,-11.986
104.8,-13.192
104.84,-13.307
104.88,-11.871
104.92,-14.628
104.96,-12.158
105,-14.341
105.04,-11.526
105.08,-14.916
105.12,-13.192
105.16,-11.412
105.2,-10.952
105.24,-11.871
105.28,-11.871
105.32,-14.169
105.36,-14.169
105.4,-11.412
105.44,-11.871
105.48,-12.158
105.52,-13.307
105.56,-12.158
105.6,-15.49
105.64,-11.412
105.68,-14.341
105.72,-15.375
105.76,-10.952
105.8,-11.871
105.84,-10.952
105.88,-12.733
105.92,-13.882
105.96,-13.594
106,-9.9179
106.04,-14.341
106.08,-12.158
106.12,-8.9414
106.16,-13.02
106.2,-9.5158
106.24,-12.848
106.28,-13.882
106.32,-12.446
106.36,-12.56
106.4,-14.169
106.44,-13.48
106.48,-15.375
106.52,-13.767
106.56,-12.446
106.6,-9.3435
106.64,-14.054
106.68,-12.848
106.72,-12.158
106.76,-12.446
106.8,-14.169
106.84,-14.628
106.88,-12.848
106.92,-14.054
106.96,-13.02
107,-11.986
107.04,-9.3435
107.08,-12.273
107.12,-14.456
107.16,-11.699
107.2,-15.088
107.24,-10.837
107.28,-11.699
107.32,-10.55
107.36,-12.848
107.4,-11.239
107.44,-15.95
107.48,-15.375
107.52,-14.341
107.56,-10.09
107.6,-13.307
107.64,-14.801
107.68,-14.054
107.72,-12.273
107.76,-12.273
107.8,-12.273
107.84,-12.273
107.88,-11.699
107.92,-9.0562
107.96,-9.6307
108,-12.733
108.04,-12.446
108.08,-13.02
108.12,-10.837
108.16,-11.871
108.2,-12.848
108.24,-12.848
108.28,-13.307
108.32,-14.054
108.36,-13.767
108.4,-12.56
108.44,-11.871
108.48,-11.699
108.52,-11.986
108.56,-11.526
108.6,-13.307
108.64,-12.273
108.68,-13.307
108.72,-12.446
108.76,-11.239
108.8,-11.526
108.84,-8.769
108.88,-8.6541
108.92,-11.699
108.96,-11.871
109,-13.48
109.04,-10.09
109.08,-11.526
109.12,-8.3095
109.16,-14.169
109.2,-11.239
109.24,-9.9179
109.28,-12.733
109.32,-13.02
109.36,-10.55
109.4,-8.6541
109.44,-10.09
109.48,-11.986
109.52,-10.378
109.56,-9.3435
109.6,-13.882
109.64,-12.273
109.68,-11.699
109.72,-10.665
109.76,-12.848
109.8,-13.594
109.84,-9.0562
109.88,-8.3095
109.92,-11.124
109.96,-8.3095
110,-10.952
110.04,-12.848
110.08,-10.665
110.12,-8.4818
110.16,-10.837
110.2,-13.767
110.24,-11.986
110.28,-10.952
110.32,-11.124
110.36,-10.665
110.4,-8.769
110.44,-10.09
110.48,-8.769
110.52,-11.699
110.56,-10.55
110.6,-11.239
110.64,-9.6307
110.68,-8.6541
110.72,-12.273
110.76,-10.09
110.8,-11.526
110.84,-8.6541
110.88,-9.6307
110.92,-10.55
110.96,-10.952
111,-14.801
111.04,-14.054
111.08,-12.446
111.12,-10.55
111.16,-10.665
111.2,-11.699
111.24,-12.446
111.28,-10.263
111.32,-11.239
111.36,-8.6541
111.4,-15.203
111.44,-10.55
111.48,-10.837
111.52,-11.412
111.56,-11.871
111.6,-10.55
111.64,-10.09
111.68,-10.952
111.72,-9.5158
111.76,-9.803
111.8,-12.158
111.84,-11.239
111.88,-9.5158
111.92,-14.054
111.96,-10.55
112,-10.09
112.04,-11.526
112.08,-8.4818
112.12,-11.526
112.16,-10.378
112.2,-10.837
112.24,-10.09
112.28,-13.192
112.32,-9.5158
112.36,-10.837
112.4,-9.2286
112.44,-10.263
112.48,-10.837
112.52,-10.665
112.56,-10.378
112.6,-10.09
112.64,-10.263
112.68,-10.263
112.72,-10.263
112.76,-11.526
112.8,-11.699
112.84,-9.6307
112.88,-9.9179
112.92,-12.848
112.96,-8.1946
113,-8.4818
113.04,-9.2286
113.08,-10.263
113.12,-12.733
113.16,-11.986
113.2,-7.9073
113.24,-9.9179
113.28,-11.526
113.32,-10.837
113.36,-8.9414
113.4,-10.837
113.44,-10.263
113.48,-9.803
113.52,-12.848
113.56,-9.3435
113.6,-7.4479
113.64,-11.412
113.68,-12.56
113.72,-10.378
113.76,-8.769
113.8,-10.952
113.84,-10.837
113.88,-7.1606
113.92,-11.412
113.96,-10.952
114,-12.446
114.04,-11.986
114.08,-11.871
114.12,-9.9179
114.16,-8.6541
114.2,-10.55
114.24,-12.158
114.28,-8.4818
114.32,-9.3435
114.36,-10.263
114.4,-7.4479
114.44,-11.526
114.48,-11.986
114.52,-11.986
114.56,-12.848
114.6,-11.986
114.64,-10.263
114.68,-10.55
114.72,-10.09
114.76,-8.3095
114.8,-9.2286
114.84,-9.6307
114.88,-10.09
114.92,-9.3435
114.96,-12.56
115,-7.735
115.04,-11.986
115.08,-14.054
115.12,-9.6307
115.16,-11.871
115.2,-8.769
115.24,-10.263
115.28,-11.124
115.32,-8.3095
115.36,-10.378
115.4,-10.263
115.44,-7.9073
115.48,-8.6541
115.52,-9.6307
115.56,-11.124
115.6,-10.665
115.64,-10.665
115.68,-10.378
115.72,-9.3435
115.76,-6.4138
115.8,-8.1946
115.84,-7.735
115.88,-9.9179
115.92,-8.0222
115.96,-8.1946
116,-9.5158
116.04,-6.5861
116.08,-11.239
116.12,-7.3329
116.16,-8.9414
116.2,-8.769
116.24,-9.6307
116.28,-8.6541
116.32,-10.665
116.36,-6.701
116.4,-11.412
116.44,-10.55
116.48,-10.952
116.52,-8.1946
116.56,-7.1606
116.6,-8.3095
116.64,-10.263
116.68,-11.124
116.72,-9.9179
116.76,-11.124
116.8,-7.735
116.84,-10.378
116.88,-10.952
116.92,-7.4479
116.96,-10.952
117,-5.552
117.04,-7.4479
117.08,-6.5861
117.12,-10.263
117.16,-9.6307
117.2,-9.0562
117.24,-7.4479
117.28,-8.0222
117.32,-9.5158
117.36,-9.5158
117.4,-8.769
117.44,-13.594
117.48,-9.9179
117.52,-9.5158
117.56,-6.2988
117.6,-9.6307
117.64,-8.9414
117.68,-10.263
117.72,-8.6541
117.76,-10.837
117.8,-8.9414
117.84,-10.55
117.88,-9.3435
117.92,-6.8733
117.96,-5.552
118,-9.803
118.04,-10.263
118.08,-8.4818
118.12,-9.5158
118.16,-13.192
118.2,-10.09
118.24,-8.769
118.28,-9.2286
118.32,-9.6307
118.36,-6.8733
118.4,-8.3095
118.44,-8.9414
118.48,-9.3435
118.52,-8.4818
118.56,-10.665
118.6,-4.2309
118.64,-10.837
118.68,-6.8733
118.72,-11.412
118.76,-8.1946
118.8,-9.6307
118.84,-8.3095
118.88,-9.2286
118.92,-11.124
118.96,-11.526
119,-7.0456
119.04,-8.6541
119.08,-4.8052
119.12,-9.0562
119.16,-8.0222
119.2,-9.9179
119.24,-9.6307
119.28,-8.0222
119.32,-7.4479
119.36,-8.9414
119.4,-9.5158
119.44,-9.803
119.48,-8.6541
119.52,-10.09
119.56,-7.3329
119.6,-9.0562
119.64,-7.1606
119.68,-8.769
119.72,-10.665
119.76,-7.3329
119.8,-7.6202
119.84,-10.263
119.88,-5.0924
119.92,-8.9414
119.96,-8.6541
120,-11.526
120.04,-5.7243
120.08,-8.4818
120.12,-9.0562
120.16,-7.735
120.2,-8.769
120.24,-8.3095
120.28,-9.803
120.32,-9.6307
120.36,-9.0562
120.4,-4.5182
120.44,-8.9414
120.48,-8.769
120.52,-12.56
120.56,-7.1606
120.6,-8.4818
120.64,-10.263
120.68,-7.4479
120.72,-6.5861
120.76,-6.4138
120.8,-8.9414
120.84,-8.0222
120.88,-9.2286
120.92,-7.6202
120.96,-8.9414
121,-12.158
121.04,-8.3095
121.08,-7.4479
121.12,-8.6541
121.16,-9.0562
121.2,-8.3095
121.24,-6.0116
121.28,-9.5158
121.32,-9.0562
121.36,-9.0562
121.4,-8.3095
121.44,-6.5861
121.48,-7.6202
121.52,-7.735
121.56,-5.8393
121.6,-6.0116
121.64,-8.0222
121.68,-6.1265
121.72,-7.9073
121.76,-8.9414
121.8,-7.9073
121.84,-6.0116
121.88,-4.9777
121.92,-10.09
121.96,-6.2988
122,-8.0222
122.04,-9.803
122.08,-5.552
122.12,-8.0222
122.16,-6.2988
122.2,-7.735
122.24,-6.5861
122.28,-9.6307
122.32,-6.1265
122.36,-7.0456
122.4,-8.0222
122.44,-6.5861
122.48,-6.701
122.52,-7.3329
122.56,-6.701
122.6,-8.0222
122.64,-8.1946
122.68,-7.1606
122.72,-7.0456
122.76,-8.6541
122.8,-7.3329
122.84,-7.0456
122.88,-7.1606
122.92,-7.6202
122.96,-7.0456
123,-4.6905
123.04,-9.0562
123.08,-7.4479
123.12,-8.4818
123.16,-6.701
123.2,-8.3095
123.24,-10.09
123.28,-6.4138
123.32,-6.1265
123.36,-6.8733
123.4,-6.5861
123.44,-6.4138
123.48,-8.1946
123.52,-9.2286
123.56,-8.1946
123.6,-9.0562
123.64,-8.0222
123.68,-8.6541
123.72,-8.0222
123.76,-9.2286
123.8,-4.9777
123.84,-5.8393
123.88,-7.735
123.92,-5.8393
123.96,-9.6307
124,-6.0116
124.04,-7.1606
124.08,-10.09
124.12,-7.3329
124.16,-8.769
124.2,-7.9073
124.24,-6.0116
124.28,-6.2988
124.32,-8.9414
124.36,-6.701
124.4,-8.0222
124.44,-7.6202
124.48,-4.5182
124.52,-4.5182
124.56,-5.0924
124.6,-7.0456
124.64,-8.6541
124.68,-5.552
124.72,-3.8287
124.76,-8.4818
124.8,-7.3329
124.84,-5.2647
124.88,-6.701
124.92,-6.4138
124.96,-4.6905
125,-6.5861
125.04,-4.8052
125.08,-7.3329
125.12,-4.6905
125.16,-6.701
125.2,-5.7243
125.24,-6.4138
125.28,-5.8393
125.32,-7.1606
125.36,-7.735
125.4,-5.552
125.44,-7.735
125.48,-5.2647
125.52,-8.1946
125.56,-8.0222
125.6,-7.4479
125.64,-7.1606
125.68,-5.7243
125.72,-7.9073
125.76,-5.0924
125.8,-0.72672
125.84,-8.9414
125.88,-5.2647
125.92,-5.4373
125.96,-7.0456
126,-5.8393
126.04,-7.4479
126.08,-3.0819
126.12,-4.6905
126.16,-4.4032
126.2,-6.1265
126.24,-6.0116
126.28,-4.8052
126.32,-4.4032
126.36,-5.2647
126.4,-4.5182
126.44,-6.4138
126.48,-5.552
126.52,-5.552
126.56,-6.701
126.6,-2.7946
126.64,-4.6905
126.68,-4.6905
126.72,-4.5182
126.76,-4.116
126.8,-3.4841
126.84,-4.9777
126.88,-7.1606
126.92,-5.4373
126.96,-6.1265
127,-7.735
127.04,-4.8052
127.08,-6.0116
127.12,-5.4373
127.16,-3.9437
127.2,-6.4138
127.24,-8.6541
127.28,-6.0116
127.32,-5.552
127.36,-6.4138
127.4,-5.7243
127.44,-3.1968
127.48,-4.6905
127.52,-3.8287
127.56,-3.3691
127.6,-5.552
127.64,-4.9777
127.68,-5.2647
127.72,-5.7243
127.76,-7.3329
127.8,-5.8393
127.84,-4.4032
127.88,-4.4032
127.92,-5.552
127.96,-3.9437
128,-3.9437
128.04,-5.8393
128.08,-3.3691
128.12,-7.3329
128.16,-5.7243
128.2,-3.8287
128.24,-6.0116
128.28,-5.0924
128.32,-5.7243
128.36,-3.0819
128.4,-5.2647
128.44,-3.1968
128.48,-4.6905
128.52,-3.4841
128.56,-7.0456
128.6,-6.4138
128.64,-6.1265
128.68,-4.4032
128.72,-4.6905
128.76,-2.9096
128.8,-5.4373
128.84,-4.2309
128.88,-5.0924
128.92,-2.9096
128.96,-5.7243
129,-4.4032
129.04,-3.4841
129.08,-4.5182
129.12,-4.116
129.16,-5.4373
129.2,-2.9096
129.24,-4.5182
129.28,-4.9777
129.32,-3.0819
129.36,-4.116
129.4,-4.9777
129.44,-5.2647
129.48,-6.4138
129.52,-2.9096
129.56,-3.8287
129.6,-5.2647
129.64,-2.9096
129.68,-4.2309
129.72,-3.3691
129.76,-6.4138
129.8,-8.0222
129.84,-2.9096
129.88,-4.6905
129.92,-1.5882
129.96,-4.6905
130,-5.552
130.04,-4.116
130.08,-4.6905
130.12,-4.9777
130.16,-7.3329
130.2,-3.3691
130.24,-1.014
130.28,-2.3351
130.32,-4.8052
130.36,-2.0478
130.4,-4.4032
130.44,-5.2647
130.48,-2.9096
130.52,-5.7243
130.56,-4.2309
130.6,-4.2309
130.64,-2.3351
130.68,-4.5182
130.72,-4.8052
130.76,-4.6905
130.8,-3.8287
130.84,-4.6905
130.88,-4.4032
130.92,-6.0116
130.96,-4.6905
131,-1.014
131.04,-2.6223
131.08,-5.7243
131.12,-4.2309
131.16,-4.116
131.2,-1.7608
131.24,-1.1863
131.28,-2.3351
131.32,-2.7946
131.36,-5.0924
131.4,-3.9437
131.44,-3.0819
131.48,-3.4841
131.52,-3.8287
131.56,-5.7243
131.6,-0.72672
131.64,-6.0116
131.68,-5.552
131.72,-4.9777
131.76,-4.9777
131.8,-3.6564
131.84,-3.9437
131.88,-4.8052
131.92,-2.7946
131.96,-3.3691
132,-3.4841
132.04,-3.8287
132.08,-3.9437
132.12,-5.2647
132.16,-5.8393
132.2,-5.552
132.24,-1.014
132.28,-2.1628
132.32,-0.55442
132.36,-3.9437
132.4,-2.9096
132.44,-0.55442
132.48,-3.4841
132.52,-3.6564
132.56,-4.4032
132.6,-3.8287
132.64,-3.6564
132.68,-3.0819
132.72,-5.0924
132.76,-1.7608
132.8,-0.15221
132.84,-5.8393
132.88,-1.7608
132.92,-5.2647
132.96,-3.0819
133,-2.1628
133.04,-4.8052
133.08,-3.1968
133.12,-2.6223
133.16,-2.6223
133.2,-0.26716
133.24,-5.0924
133.28,-2.6223
133.32,-2.3351
133.36,-4.5182
133.4,-2.6223
133.44,0.42231
133.48,-3.6564
133.52,-2.9096
133.56,-3.9437
133.6,-6.2988
133.64,-3.1968
133.68,-4.2309
133.72,-2.9096
133.76,-5.2647
133.8,-1.4735
133.84,-3.6564
133.88,-1.1863
133.92,-3.0819
133.96,-4.4032
134,0.13505
134.04,-1.8755
134.08,-2.3351
134.12,-2.3351
134.16,0.020098
134.2,-2.5074
134.24,-3.3691
134.28,-3.8287
134.32,-2.7946
134.36,0.020098
134.4,-3.0819
134.44,-2.9096
134.48,-3.3691
134.52,-3.3691
134.56,-2.5074
134.6,-2.0478
134.64,-1.1863
134.68,-1.7608
134.72,-1.014
134.76,-3.0819
134.8,-1.7608
134.84,1.9157
134.88,-2.3351
134.92,-1.4735
134.96,0.020098
135,-4.116
135.04,-2.3351
135.08,-2.0478
135.12,-3.1968
135.16,-4.2309
135.2,-0.72672
135.24,-2.9096
135.28,-1.7608
135.32,-1.014
135.36,-1.3012
135.4,-0.72672
135.44,-1.4735
135.48,-0.43946
135.52,-3.8287
135.56,-0.55442
135.6,0.30736
135.64,0.30736
135.68,-0.72672
135.72,-1.3012
135.76,0.88187
135.8,-1.7608
135.84,0.88187
135.88,-1.1863
135.92,-1.8755
135.96,-0.55442
136,-3.9437
136.04,-2.5074
136.08,-3.3691
136.12,1.4561
136.16,-1.7608
136.2,-1.5882
136.24,1.0542
136.28,-1.014
136.32,-2.5074
136.36,-1.1863
136.4,0.30736
136.44,-1.5882
136.48,3.237
136.52,0.020098
136.56,-1.8755
136.6,-0.89903
136.64,-3.3691
136.68,-1.1863
136.72,-0.55442
136.76,1.9157
136.8,-0.55442
136.84,2.0307
136.88,-2.7946
136.92,0.13505
136.96,-1.3012
137,-1.1863
137.04,-3.0819
137.08,-0.26716
137.12,-2.0478
137.16,0.59461
137.2,-1.014
137.24,-0.89903
137.28,-1.7608
137.32,-1.3012
137.36,-0.15221
137.4,1.7434
137.44,-1.4735
137.48,0.70956
137.52,2.203
137.56,1.0542
137.6,-1.8755
137.64,0.70956
137.68,1.3414
137.72,0.88187
137.76,1.1691
137.8,3.0647
137.84,-2.5074
137.88,-0.43946
137.92,0.88187
137.96,1.0542
138,0.30736
138.04,-0.89903
138.08,1.1691
138.12,-0.15221
138.16,0.30736
138.2,-0.72672
138.24,0.13505
138.28,-0.89903
138.32,-2.5074
138.36,1.3414
138.4,1.0542
138.44,-0.55442
138.48,-1.7608
138.52,-0.55442
138.56,0.30736
138.6,1.1691
138.64,0.13505
138.68,0.30736
138.72,0.88187
138.76,0.70956
138.8,1.0542
138.84,3.5243
138.88,-0.26716
138.92,-1.1863
138.96,-0.43946
139,-0.15221
139.04,0.42231
139.08,2.203
139.12,0.30736
139.16,1.0542
139.2,0.020098
139.24,0.42231
139.28,0.88187
139.32,2.203
139.36,1.1691
139.4,1.7434
139.44,3.5243
139.48,2.7775
139.52,3.237
139.56,0.59461
139.6,0.88187
139.64,1.0542
139.68,3.0647
139.72,1.0542
139.76,0.13505
139.8,3.0647
139.84,-0.72672
139.88,1.0542
139.92,0.70956
139.96,0.020098
140,1.7434
140.04,-0.89903
140.08,4.2711
140.12,0.13505
140.16,-2.6223
140.2,-0.72672
140.24,1.1691
140.28,3.5243
140.32,0.70956
140.36,1.4561
140.4,1.6284
140.44,0.30736
140.48,2.4902
140.52,2.4902
140.56,3.352
140.6,0.88187
140.64,1.4561
140.68,0.13505
140.72,3.6392
140.76,-0.15221
140.8,0.59461
140.84,0.70956
140.88,-0.43946
140.92,1.7434
140.96,0.42231
141,1.3414
141.04,1.3414
141.08,2.3179
141.12,-0.26716
141.16,1.3414
141.2,1.7434
141.24,4.0988
141.28,1.1691
141.32,1.6284
141.36,1.9157
141.4,2.4902
141.44,1.6284
141.48,2.4902
141.52,1.6284
141.56,2.3179
141.6,1.6284
141.64,1.3414
141.68,1.0542
141.72,2.4902
141.76,2.4902
141.8,2.203
141.84,0.42231
141.88,4.0988
141.92,3.5243
141.96,3.5243
142,3.6392
142.04,3.237
142.08,2.9498
142.12,5.8795
142.16,2.203
142.2,1.6284
142.24,2.203
142.28,3.8116
142.32,3.352
142.36,3.352
142.4,3.0647
142.44,0.88187
142.48,3.0647
142.52,0.13505
142.56,2.3179
142.6,0.30736
142.64,2.6625
142.68,3.237
142.72,3.9265
142.76,2.4902
142.8,2.9498
142.84,2.0307
142.88,3.9265
142.92,2.3179
142.96,3.237
143,3.8116
143.04,0.59461
143.08,2.4902
143.12,1.9157
143.16,2.0307
143.2,2.7775
143.24,3.0647
143.28,3.352
143.32,3.0647
143.36,2.6625
143.4,-0.26716
143.44,1.6284
143.48,2.3179
143.52,4.6731
143.56,1.3414
143.6,3.5243
143.64,2.203
143.68,3.352
143.72,3.352
143.76,4.2711
143.8,3.8116
143.84,2.9498
143.88,2.3179
143.92,3.9265
143.96,3.237
144,3.352
144.04,4.0988
144.08,4.0988
144.12,4.0988
144.16,3.352
144.2,3.0647
144.24,3.352
144.28,3.5243
144.32,2.7775
144.36,1.3414
144.4,3.352
144.44,2.4902
144.48,4.2711
144.52,3.8116
144.56,5.2476
144.6,3.9265
144.64,3.8116
144.68,4.2711
144.72,3.6392
144.76,5.2476
144.8,0.59461
144.84,3.0647
144.88,4.3861
144.92,5.1326
144.96,0.020098
145,4.8454
145.04,5.9944
145.08,3.8116
145.12,7.0285
145.16,5.1326
145.2,4.2711
145.24,5.2476
145.28,5.5348
145.32,4.6731
145.36,3.0647
145.4,5.2476
145.44,6.1667
145.48,4.2711
145.52,1.9157
145.56,3.9265
145.6,1.7434
145.64,4.0988
145.68,2.6625
145.72,3.5243
145.76,4.3861
145.8,3.237
145.84,2.7775
145.88,5.5348
145.92,4.2711
145.96,1.9157
146,5.1326
146.04,6.7412
146.08,3.9265
146.12,5.9944
146.16,3.0647
146.2,8.0623
146.24,4.0988
146.28,3.352
146.32,4.8454
146.36,4.2711
146.4,5.7072
146.44,1.3414
146.48,7.6028
146.52,4.9603
146.56,4.3861
146.6,4.3861
146.64,8.3496
146.68,4.6731
146.72,5.2476
146.76,1.4561
146.8,5.2476
146.84,4.5584
146.88,6.8562
146.92,4.0988
146.96,6.1667
147,4.9603
147.04,5.7072
147.08,8.1773
147.12,4.8454
147.16,4.5584
147.2,4.3861
147.24,4.5584
147.28,7.0285
147.32,9.0964
147.36,8.0623
147.4,5.5348
147.44,5.7072
147.48,5.4199
147.52,3.237
147.56,7.4881
147.6,3.9265
147.64,4.0988
147.68,6.8562
147.72,6.8562
147.76,4.9603
147.8,2.9498
147.84,6.2817
147.88,5.7072
147.92,3.237
147.96,3.5243
148,4.9603
148.04,3.6392
148.08,5.7072
148.12,3.8116
148.16,2.9498
148.2,2.9498
148.24,4.8454
148.28,5.4199
148.32,4.3861
148.36,8.3496
148.4,5.8795
148.44,3.0647
148.48,5.4199
148.52,3.9265
148.56,7.89
148.6,5.5348
148.64,5.9944
148.68,4.6731
148.72,6.5689
148.76,4.0988
148.8,5.7072
148.84,4.8454
148.88,5.2476
148.92,3.0647
148.96,5.4199
149,5.4199
149.04,5.9944
149.08,6.7412
149.12,5.9944
149.16,3.352
149.2,8.6368
149.24,6.5689
149.28,4.3861
149.32,5.5348
149.36,4.3861
149.4,4.9603
149.44,7.0285
149.48,6.1667
149.52,3.0647
149.56,4.5584
149.6,4.6731
149.64,5.8795
149.68,6.2817
149.72,4.3861
149.76,7.0285
149.8,4.2711
149.84,4.0988
149.88,7.3157
149.92,5.4199
149.96,4.5584
150,5.2476
150.04,9.3837
150.08,8.0623
150.12,5.1326
150.16,4.8454
150.2,3.8116
150.24,7.4881
150.28,7.2008
150.32,6.454
150.36,7.6028
150.4,6.454
150.44,4.2711
150.48,7.2008
150.52,8.0623
150.56,3.9265
150.6,6.5689
150.64,6.8562
150.68,5.7072
150.72,3.0647
150.76,4.8454
150.8,5.9944
150.84,7.3157
150.88,7.0285
150.92,8.9241
150.96,5.4199
151,3.5243
151.04,6.5689
151.08,7.0285
151.12,8.4645
151.16,8.3496
151.2,5.9944
151.24,5.1326
151.28,5.5348
151.32,3.237
151.36,7.4881
151.4,7.6028
151.44,8.4645
151.48,8.1773
151.52,6.7412
151.56,7.6028
151.6,6.1667
151.64,5.5348
151.68,5.9944
151.72,8.6368
151.76,8.0623
151.8,5.9944
151.84,6.2817
151.88,5.7072
151.92,8.1773
151.96,3.352
152,6.454
152.04,6.2817
152.08,6.1667
152.12,3.8116
152.16,9.2113
152.2,5.9944
152.24,8.0623
152.28,4.3861
152.32,7.6028
152.36,6.5689
152.4,4.3861
152.44,8.8091
152.48,7.6028
152.52,5.5348
152.56,7.7753
152.6,8.8091
152.64,8.4645
152.68,7.89
152.72,7.4881
152.76,6.7412
152.8,5.9944
152.84,6.8562
152.88,7.3157
152.92,6.5689
152.96,5.9944
153,7.89
153.04,7.7753
153.08,9.0964
153.12,7.7753
153.16,6.1667
153.2,7.0285
153.24,8.9241
153.28,8.3496
153.32,7.7753
153.36,8.1773
153.4,7.89
153.44,8.6368
153.48,8.1773
153.52,7.2008
153.56,6.1667
153.6,10.82
153.64,6.7412
153.68,8.8091
153.72,4.5584
153.76,5.4199
153.8,7.2008
153.84,9.9582
153.88,9.6709
153.92,9.4986
153.96,7.2008
154,6.5689
154.04,8.0623
154.08,9.6709
154.12,4.9603
154.16,9.6709
154.2,8.3496
154.24,5.9944
154.28,9.7859
154.32,5.4199
154.36,5.2476
154.4,4.8454
154.44,8.1773
154.48,7.7753
154.52,9.0964
154.56,7.89
154.6,10.245
154.64,8.9241
154.68,7.6028
154.72,6.8562
154.76,6.8562
154.8,10.533
154.84,9.3837
154.88,9.0964
154.92,11.567
154.96,8.6368
155,6.1667
155.04,8.3496
155.08,7.6028
155.12,6.8562
155.16,9.0964
155.2,11.394
155.24,10.073
155.28,8.6368
155.32,10.418
155.36,9.4986
155.4,8.4645
155.44,7.3157
155.48,10.82
155.52,10.418
155.56,6.454
155.6,8.4645
155.64,11.394
155.68,11.567
155.72,8.6368
155.76,11.107
155.8,7.2008
155.84,11.394
155.88,11.107
155.92,10.705
155.96,9.0964
156,9.4986
156.04,11.854
156.08,7.7753
156.12,10.418
156.16,6.7412
156.2,8.8091
156.24,7.4881
156.28,9.9582
156.32,8.1773
156.36,7.6028
156.4,8.1773
156.44,9.7859
156.48,8.4645
156.52,6.5689
156.56,7.89
156.6,8.8091
156.64,8.6368
156.68,6.454
156.72,9.2113
156.76,10.418
156.8,11.681
156.84,8.3496
156.88,9.2113
156.92,12.888
156.96,9.4986
157,8.3496
157.04,7.89
157.08,8.9241
157.12,9.7859
157.16,8.8091
157.2,8.3496
157.24,13.175
157.28,10.073
157.32,7.6028
157.36,8.9241
157.4,9.6709
157.44,10.245
157.48,12.313
157.52,9.7859
157.56,9.0964
157.6,10.418
157.64,13.462
157.68,5.9944
157.72,10.533
157.76,9.0964
157.8,10.82
157.84,10.073
157.88,9.9582
157.92,11.28
157.96,8.9241
158,10.418
158.04,8.6368
158.08,8.3496
158.12,9.9582
158.16,10.418
158.2,7.6028
158.24,11.394
158.28,10.533
158.32,8.3496
158.36,9.3837
158.4,9.6709
158.44,8.6368
158.48,12.716
158.52,8.9241
158.56,10.073
158.6,7.7753
158.64,8.1773
158.68,8.3496
158.72,10.992
158.76,8.6368
158.8,10.533
158.84,9.6709
158.88,10.418
158.92,11.567
158.96,10.418
159,14.037
159.04,10.992
159.08,10.245
159.12,12.428
159.16,8.6368
159.2,10.533
159.24,8.9241
159.28,12.601
159.32,8.0623
159.36,13.462
159.4,10.245
159.44,12.026
159.48,10.705
159.52,13.635
159.56,8.1773
159.6,13.635
159.64,10.705
159.68,9.4986
159.72,10.245
159.76,12.888
159.8,11.681
159.84,12.601
159.88,10.992
159.92,13.175
159.96,7.6028
160,10.418
160.04,9.4986
160.08,13.29
160.12,10.992
160.16,9.3837
160.2,9.4986
160.24,11.681
160.28,7.4881
160.32,13.922
160.36,12.026
160.4,9.9582
160.44,10.82
160.48,8.4645
160.52,11.854
160.56,9.2113
160.6,11.28
160.64,10.418
160.68,9.7859
160.72,10.992
160.76,9.7859
160.8,12.716
160.84,11.394
160.88,10.073
160.92,12.141
160.96,8.1773
161,10.245
161.04,9.7859
161.08,10.533
161.12,8.4645
161.16,11.854
161.2,10.82
161.24,11.28
161.28,11.107
161.32,8.9241
161.36,10.533
161.4,11.107
161.44,7.7753
161.48,9.4986
161.52,13.003
161.56,12.026
161.6,11.681
161.64,14.209
161.68,12.601
161.72,10.418
161.76,12.313
161.8,10.245
161.84,9.4986
161.88,10.82
161.92,12.601
161.96,14.209
162,7.6028
162.04,13.175
162.08,12.141
162.12,13.635
162.16,11.567
162.2,11.567
162.24,10.073
162.28,10.82
162.32,10.992
162.36,12.428
162.4,10.705
162.44,10.245
162.48,11.854
162.52,11.107
162.56,12.428
162.6,13.922
162.64,8.9241
162.68,11.854
162.72,9.3837
162.76,11.681
162.8,10.245
162.84,13.922
162.88,10.418
162.92,8.8091
162.96,11.107
163,11.28
163.04,10.705
163.08,13.003
163.12,10.418
163.16,11.28
163.2,12.428
163.24,12.313
163.28,11.107
163.32,12.716
163.36,10.82
163.4,12.428
163.44,12.026
163.48,12.888
163.52,8.1773
163.56,11.107
163.6,13.922
163.64,11.394
163.68,11.394
163.72,12.428
163.76,9.4986
163.8,10.82
163.84,10.992
163.88,11.681
163.92,10.533
163.96,10.82
164,11.28
164.04,12.026
164.08,11.681
164.12,10.533
164.16,11.394
164.2,12.601
164.24,13.29
164.28,12.428
164.32,13.003
164.36,14.037
164.4,10.418
164.44,11.107
164.48,12.888
164.52,10.245
164.56,11.107
164.6,12.601
164.64,12.716
164.68,10.705
164.72,10.418
164.76,13.75
164.8,12.601
164.84,11.394
164.88,11.28
164.92,12.428
164.96,13.003
165,14.898
165.04,10.533
165.08,12.313
165.12,11.567
165.16,12.026
165.2,12.888
165.24,12.888
165.28,11.394
165.32,15.818
165.36,13.462
165.4,12.428
165.44,10.82
165.48,15.243
165.52,9.9582
165.56,12.313
165.6,11.28
165.64,14.898
165.68,11.854
165.72,13.922
165.76,11.107
165.8,11.567
165.84,14.496
165.88,10.82
165.92,12.428
165.96,12.428
166,10.533
166.04,13.175
166.08,10.82
166.12,14.324
166.16,12.716
166.2,13.635
166.24,13.003
166.28,11.107
166.32,15.932
166.36,11.854
166.4,15.243
166.44,11.107
166.48,13.29
166.52,14.324
166.56,11.28
166.6,13.003
166.64,13.003
166.68,12.716
166.72,11.681
166.76,14.324
166.8,14.209
166.84,13.635
166.88,11.854
166.92,10.418
166.96,10.073
167,12.716
167.04,13.75
167.08,14.496
167.12,12.601
167.16,12.313
167.2,13.175
167.24,14.611
167.28,13.462
167.32,15.53
167.36,14.611
167.4,14.898
167.44,14.037
167.48,9.6709
167.52,12.428
167.56,15.071
167.6,9.6709
167.64,13.29
167.68,13.922
167.72,12.026
167.76,13.175
167.8,14.783
167.84,12.716
167.88,12.716
167.92,10.992
167.96,12.313
168,12.888
168.04,13.462
168.08,15.358
168.12,12.888
168.16,16.852
168.2,14.209
168.24,12.141
168.28,13.75
168.32,12.428
168.36,15.358
168.4,12.888
168.44,11.681
168.48,14.783
168.52,11.567
168.56,14.783
168.6,15.071
168.64,12.141
168.68,12.026
168.72,13.003
168.76,14.611
168.8,12.888
168.84,15.243
168.88,16.967
168.92,14.898
168.96,12.141
169,12.313
169.04,12.428
169.08,13.462
169.12,11.681
169.16,12.141
169.2,11.28
169.24,12.716
169.28,15.243
169.32,13.003
169.36,14.037
169.4,10.705
169.44,11.394
169.48,13.003
169.52,10.705
169.56,14.783
169.6,14.611
169.64,14.037
169.68,11.567
169.72,11.567
169.76,11.567
169.8,12.716
169.84,14.783
169.88,13.175
169.92,12.313
169.96,11.681
170,13.29
170.04,16.392
170.08,13.29
170.12,14.209
170.16,13.75
170.2,13.75
170.24,13.175
170.28,14.783
170.32,13.003
170.36,12.888
170.4,14.496
170.44,11.567
170.48,12.716
170.52,12.888
170.56,13.29
170.6,15.071
170.64,10.245
170.68,12.141
170.72,12.026
170.76,12.888
170.8,12.601
170.84,15.243
170.88,11.681
170.92,12.428
170.96,14.611
171,13.462
171.04,13.75
171.08,13.003
171.12,14.209
171.16,14.496
171.2,14.611
171.24,13.922
171.28,12.141
171.32,11.567
171.36,17.254
171.4,15.071
171.44,13.75
171.48,10.992
171.52,13.29
171.56,12.888
171.6,14.783
171.64,10.705
171.68,13.75
171.72,13.003
171.76,13.003
171.8,14.898
171.84,12.601
171.88,15.358
171.92,11.394
171.96,14.611
172,14.783
172.04,14.324
172.08,15.243
172.12,15.53
172.16,12.026
172.2,16.679
172.24,14.037
172.28,16.22
172.32,10.533
172.36,12.026
172.4,12.313
172.44,13.29
172.48,11.394
172.52,12.716
172.56,16.852
172.6,14.037
172.64,12.026
172.68,14.898
172.72,15.243
172.76,13.922
172.8,13.462
172.84,14.783
172.88,12.888
172.92,16.852
172.96,13.922
173,16.392
173.04,15.358
173.08,15.071
173.12,13.635
173.16,16.22
173.2,12.428
173.24,13.635
173.28,10.533
173.32,12.888
173.36,16.679
173.4,15.243
173.44,13.462
173.48,13.922
173.52,13.462
173.56,12.141
173.6,12.141
173.64,14.611
173.68,14.209
173.72,16.679
173.76,14.611
173.8,15.932
173.84,15.071
173.88,16.679
173.92,15.645
173.96,16.105
174,14.324
174.04,13.922
174.08,14.783
174.12,14.611
174.16,16.564
174.2,11.681
174.24,11.28
174.28,14.898
174.32,15.243
174.36,15.53
174.4,13.29
174.44,16.22
174.48,13.29
174.52,15.53
174.56,15.818
174.6,13.635
174.64,15.071
174.68,13.003
174.72,15.645
174.76,12.428
174.8,13.462
174.84,13.922
174.88,15.932
174.92,14.898
174.96,13.462
175,14.898
175.04,15.818
175.08,15.818
175.12,15.818
175.16,12.716
175.2,15.243
175.24,11.567
175.28,13.462
175.32,13.922
175.36,12.601
175.4,16.852
175.44,13.75
175.48,13.175
175.52,15.071
175.56,15.243
175.6,15.645
175.64,15.358
175.68,14.496
175.72,14.209
175.76,15.243
175.8,14.324
175.84,14.324
175.88,14.783
175.92,13.75
175.96,14.324
176,11.28
176.04,12.716
176.08,13.922
176.12,13.462
176.16,13.922
176.2,10.073
176.24,13.75
176.28,12.716
176.32,15.358
176.36,16.679
176.4,13.462
176.44,14.324
176.48,15.358
176.52,17.541
176.56,14.324
176.6,15.818
176.64,14.783
176.68,14.037
176.72,13.75
176.76,12.716
176.8,13.75
176.84,16.105
176.88,14.783
176.92,15.071
176.96,12.428
177,15.243
177.04,14.783
177.08,12.601
177.12,13.462
177.16,15.071
177.2,14.783
177.24,12.313
177.28,13.75
177.32,13.462
177.36,11.854
177.4,15.645
177.44,12.601
177.48,14.037
177.52,13.922
177.56,13.462
177.6,13.003
177.64,14.037
177.68,13.635
177.72,13.003
177.76,17.139
177.8,14.324
177.84,14.611
177.88,15.358
177.92,15.071
177.96,16.852
178,16.392
178.04,14.324
178.08,13.922
178.12,13.462
178.16,15.071
178.2,16.22
178.24,16.105
178.28,11.567
178.32,14.783
178.36,12.716
178.4,12.888
178.44,12.888
178.48,13.635
178.52,16.564
178.56,14.783
178.6,12.601
178.64,12.601
178.68,14.783
178.72,14.496
178.76,14.611
178.8,15.818
178.84,15.818
178.88,14.209
178.92,15.53
178.96,17.828
179,13.75
179.04,14.611
179.08,13.75
179.12,15.243
179.16,15.071
179.2,16.852
179.24,15.358
179.28,16.105
179.32,13.29
179.36,15.932
179.4,14.037
179.44,16.392
179.48,12.313
179.52,14.611
179.56,15.53
179.6,15.818
179.64,14.037
179.68,16.22
179.72,15.358
179.76,13.175
179.8,13.922
179.84,12.888
179.88,13.003
179.92,14.898
179.96,15.932
180,15.071
180.04,11.28
180.08,14.037
180.12,13.922
180.16,18.173
180.2,12.888
180.24,15.071
180.28,16.564
180.32,15.53
180.36,16.852
180.4,14.783
180.44,14.209
180.48,13.003
180.52,11.394
180.56,16.105
180.6,13.462
180.64,16.392
180.68,16.105
180.72,15.818
180.76,15.818
180.8,14.496
180.84,12.716
180.88,15.358
180.92,14.496
180.96,16.852
181,13.635
181.04,15.358
181.08,15.932
181.12,16.679
181.16,17.254
181.2,17.541
181.24,16.22
181.28,15.53
181.32,16.105
181.36,17.254
181.4,16.564
181.44,14.037
181.48,15.53
181.52,15.645
181.56,16.564
181.6,13.635
181.64,14.611
181.68,15.932
181.72,14.783
181.76,14.496
181.8,14.037
181.84,17.713
181.88,13.462
181.92,14.783
181.96,13.922
182,13.635
182.04,15.645
182.08,15.071
182.12,15.53
182.16,15.818
182.2,17.254
182.24,15.645
182.28,14.324
182.32,14.496
182.36,18
182.4,16.105
182.44,12.888
182.48,15.645
182.52,16.967
182.56,15.932
182.6,14.324
182.64,16.22
182.68,17.254
182.72,15.818
182.76,16.392
182.8,11.394
182.84,14.037
182.88,18.46
182.92,19.034
182.96,13.635
183,14.037
183.04,16.967
183.08,16.105
183.12,15.243
183.16,16.852
183.2,12.428
183.24,16.392
183.28,13.175
183.32,13.462
183.36,14.209
183.4,18
183.44,15.645
183.48,15.645
183.52,15.071
183.56,16.105
183.6,16.852
183.64,15.358
183.68,15.818
183.72,15.645
183.76,12.601
183.8,17.713
183.84,19.322
183.88,16.564
183.92,14.783
183.96,15.818
184,15.071
184.04,12.601
184.08,15.358
184.12,15.53
184.16,16.679
184.2,16.967
184.24,17.828
184.28,15.645
184.32,14.898
184.36,14.209
184.4,14.611
184.44,16.852
184.48,17.254
184.52,15.645
184.56,15.53
184.6,15.071
184.64,16.105
184.68,17.254
184.72,15.818
184.76,18.46
184.8,13.175
184.84,14.898
184.88,15.53
184.92,16.22
184.96,14.611
185,17.541
185.04,16.967
185.08,14.898
185.12,15.932
185.16,15.53
185.2,17.541
185.24,13.003
185.28,16.105
185.32,16.679
185.36,14.783
185.4,17.254
185.44,15.818
185.48,19.322
185.52,13.462
185.56,17.426
185.6,15.645
185.64,13.175
185.68,17.713
185.72,14.324
185.76,17.541
185.8,16.852
185.84,15.818
185.88,15.53
185.92,18
185.96,18.46
186,19.322
186.04,16.852
186.08,20.069
186.12,15.818
186.16,15.071
186.2,16.852
186.24,13.75
186.28,16.22
186.32,15.358
186.36,17.139
186.4,14.209
186.44,14.496
186.48,16.852
186.52,15.243
186.56,18.575
186.6,14.037
186.64,17.254
186.68,16.679
186.72,17.254
186.76,18.575
186.8,15.932
186.84,16.852
186.88,19.781
186.92,18.46
186.96,15.53
187,16.105
187.04,15.358
187.08,18.747
187.12,15.818
187.16,14.898
187.2,18.575
187.24,15.53
187.28,16.392
187.32,19.322
187.36,16.564
187.4,17.426
187.44,18.46
187.48,17.254
187.52,15.932
187.56,17.254
187.6,18.288
187.64,18
187.68,16.22
187.72,16.564
187.76,15.358
187.8,15.358
187.84,16.967
187.88,18.862
187.92,16.564
187.96,15.53
188,19.437
188.04,16.564
188.08,15.071
188.12,15.932
188.16,16.564
188.2,16.679
188.24,18.288
188.28,16.22
188.32,15.645
188.36,16.105
188.4,18.173
188.44,13.75
188.48,15.818
188.52,15.645
188.56,15.071
188.6,19.034
188.64,17.139
188.68,15.071
188.72,13.635
188.76,14.209
188.8,19.322
188.84,17.254
188.88,17.828
188.92,19.149
188.96,14.324
189,15.358
189.04,12.716
189.08,18
189.12,16.679
189.16,19.149
189.2,15.645
189.24,18.173
189.28,14.496
189.32,15.932
189.36,17.713
189.4,15.932
189.44,15.071
189.48,17.139
189.52,18.575
189.56,17.254
189.6,15.645
189.64,14.898
189.68,15.818
189.72,17.541
189.76,18.46
189.8,14.037
189.84,17.828
189.88,17.828
189.92,15.53
189.96,15.071
190,13.922
190.04,17.713
190.08,18.575
190.12,12.141
190.16,18.575
190.2,17.713
190.24,18.173
190.28,14.209
190.32,16.392
190.36,13.922
190.4,17.426
190.44,16.22
190.48,16.392
190.52,14.611
190.56,16.852
190.6,16.967
190.64,15.818
190.68,15.071
190.72,17.139
190.76,16.105
190.8,16.105
190.84,19.609
190.88,19.609
190.92,18.862
190.96,19.034
191,17.541
191.04,14.324
191.08,12.601
191.12,17.139
191.16,16.967
191.2,16.679
191.24,17.713
191.28,15.932
191.32,15.818
191.36,14.898
191.4,16.22
191.44,17.828
191.48,16.967
191.52,14.898
191.56,14.324
191.6,14.037
191.64,18.288
191.68,16.392
191.72,15.53
191.76,17.713
191.8,16.679
191.84,16.392
191.88,14.209
191.92,18.288
191.96,16.564
192,18.46
192.04,16.22
192.08,15.071
192.12,16.852
192.16,16.967
192.2,15.071
192.24,15.932
192.28,15.53
192.32,18.747
192.36,16.564
192.4,17.426
192.44,16.105
192.48,16.852
192.52,17.426
192.56,19.034
192.6,17.139
192.64,17.254
192.68,16.105
192.72,16.679
192.76,16.967
192.8,15.243
192.84,17.828
192.88,17.713
192.92,16.852
192.96,17.713
193,18
193.04,16.852
193.08,15.071
193.12,19.034
193.16,15.53
193.2,17.828
193.24,17.541
193.28,15.645
193.32,15.818
193.36,14.037
193.4,16.564
193.44,17.254
193.48,18.46
193.52,16.967
193.56,16.22
193.6,18.173
193.64,14.496
193.68,15.358
193.72,16.105
193.76,16.392
193.8,19.034
193.84,16.679
193.88,15.818
193.92,14.611
193.96,18.288
194,14.783
194.04,13.635
194.08,19.609
194.12,18.288
194.16,16.679
194.2,16.22
194.24,16.852
194.28,17.713
194.32,19.322
194.36,15.818
194.4,17.541
194.44,14.209
194.48,16.967
194.52,15.53
194.56,18.575
194.6,15.932
194.64,19.034
194.68,17.426
194.72,16.679
194.76,19.437
194.8,16.22
194.84,15.932
194.88,19.149
194.92,16.852
194.96,16.105
195,19.034
195.04,15.53
195.08,14.037
195.12,14.898
195.16,13.922
195.2,17.541
195.24,17.426
195.28,19.437
195.32,11.854
195.36,16.967
195.4,17.139
195.44,17.828
195.48,18.862
195.52,16.852
195.56,17.713
195.6,18.575
195.64,14.898
195.68,16.392
195.72,15.645
195.76,15.53
195.8,17.541
195.84,18.747
195.88,17.713
195.92,15.071
195.96,16.967
196,15.071
196.04,14.324
196.08,16.967
196.12,14.898
196.16,14.324
196.2,18.747
196.24,19.896
196.28,17.713
196.32,17.541
196.36,15.818
196.4,14.496
196.44,16.22
196.48,17.139
196.52,15.53
196.56,19.149
196.6,16.852
196.64,16.852
196.68,17.426
196.72,21.045
196.76,15.53
196.8,15.53
196.84,16.392
196.88,16.852
196.92,19.034
196.96,16.679
197,17.541
197.04,18.575
197.08,15.243
197.12,19.609
197.16,16.564
197.2,19.034
197.24,15.645
197.28,17.426
197.32,16.105
197.36,15.645
197.4,18
197.44,18.288
197.48,14.209
197.52,11.107
197.56,17.713
197.6,16.22
197.64,17.426
197.68,18.747
197.72,15.071
197.76,17.254
197.8,17.541
197.84,15.932
197.88,15.071
197.92,17.139
197.96,20.758
198,16.564
198.04,18.46
198.08,15.358
198.12,17.139
198.16,13.75
198.2,16.22
198.24,18.747
198.28,14.898
198.32,18.173
198.36,16.967
198.4,16.564
198.44,15.358
198.48,17.139
198.52,18.288
198.56,15.53
198.6,16.105
198.64,19.322
198.68,18.747
198.72,16.564
198.76,20.758
198.8,17.254
198.84,16.392
198.88,17.426
198.92,19.437
198.96,13.922
199,17.139
199.04,17.139
199.08,15.818
199.12,18.575
199.16,17.828
199.2,16.392
199.24,15.645
199.28,18.173
199.32,17.541
199.36,16.852
199.4,16.105
199.44,16.967
199.48,18.288
199.52,16.679
199.56,17.139
199.6,17.139
199.64,15.818
199.68,18.173
199.72,18.747
199.76,19.781
199.8,18.288
199.84,18.173
199.88,17.828
199.92,12.716
199.96,16.679
200,18.288
200.04,17.541
200.08,18.173
200.12,14.783
200.16,17.254
200.2,20.758
200.24,15.818
200.28,19.149
200.32,17.828
200.36,19.437
200.4,17.254
200.44,15.818
200.48,19.149
200.52,12.716
200.56,16.564
200.6,14.783
200.64,15.932
200.68,16.105
200.72,19.322
200.76,19.896
200.8,16.564
200.84,16.967
200.88,18.575
200.92,15.243
200.96,18.46
201,16.105
201.04,16.564
201.08,17.139
201.12,16.392
201.16,13.75
201.2,16.967
201.24,18.862
201.28,16.564
201.32,18
201.36,14.037
201.4,19.437
201.44,15.645
201.48,16.105
201.52,18.288
201.56,15.932
201.6,16.22
201.64,19.149
201.68,16.392
201.72,15.645
201.76,16.22
201.8,17.139
201.84,17.426
201.88,19.034
201.92,13.75
201.96,18.575
202,16.392
202.04,16.22
202.08,18.46
202.12,17.254
202.16,19.034
202.2,18.46
202.24,17.828
202.28,18.46
202.32,16.967
202.36,16.967
202.4,17.254
202.44,17.139
202.48,17.541
202.52,16.105
202.56,19.609
202.6,18
202.64,17.254
202.68,16.679
202.72,17.828
202.76,20.069
202.8,18.173
202.84,16.22
202.88,15.53
202.92,18.747
202.96,17.426
203,19.896
203.04,15.358
203.08,15.53
203.12,18.288
203.16,16.852
203.2,19.781
203.24,15.932
203.28,15.932
203.32,17.713
203.36,17.828
203.4,17.139
203.44,16.564
203.48,18.747
203.52,16.22
203.56,16.679
203.6,16.22
203.64,18.288
203.68,15.932
203.72,14.611
203.76,18.862
203.8,16.679
203.84,20.643
203.88,15.645
203.92,16.679
203.96,20.183
204,17.828
204.04,18.46
204.08,17.713
204.12,16.22
204.16,15.932
204.2,15.645
204.24,17.254
204.28,17.828
204.32,18.288
204.36,18.288
204.4,18.862
204.44,18.173
204.48,18.575
204.52,18
204.56,17.254
204.6,20.471
204.64,18.575
204.68,18.46
204.72,15.932
204.76,18
204.8,18.747
204.84,17.426
204.88,17.541
204.92,17.713
204.96,19.609
205,15.645
205.04,16.564
205.08,18.173
205.12,19.896
205.16,19.896
205.2,16.564
205.24,16.967
205.28,17.828
205.32,17.828
205.36,19.149
205.4,15.818
205.44,15.358
205.48,16.852
205.52,18.288
205.56,16.967
205.6,17.254
205.64,19.896
205.68,18.575
205.72,17.828
205.76,18.747
205.8,20.758
205.84,16.679
205.88,19.609
205.92,18.288
205.96,18.46
206,16.22
206.04,18.747
206.08,18.173
206.12,18.862
206.16,17.828
206.2,18.747
206.24,18.575
206.28,16.852
206.32,17.713
206.36,17.713
206.4,17.139
206.44,19.322
206.48,16.564
206.52,18.862
206.56,16.105
206.6,18.862
206.64,18.862
206.68,15.932
206.72,16.852
206.76,18.575
206.8,16.679
206.84,17.713
206.88,17.254
206.92,17.713
206.96,17.254
207,17.426
207.04,17.139
207.08,17.713
207.12,16.967
207.16,15.53
207.2,14.496
207.24,18.173
207.28,15.932
207.32,18.747
207.36,17.541
207.4,18.288
207.44,16.22
207.48,19.322
207.52,17.254
207.56,18.173
207.6,17.139
207.64,15.932
207.68,16.679
207.72,21.045
207.76,16.967
207.8,18
207.84,18.288
207.88,16.852
207.92,18.46
207.96,18.173
208,14.898
208.04,17.139
208.08,16.679
208.12,16.967
208.16,16.105
208.2,17.139
208.24,19.149
208.28,18
208.32,18.747
208.36,20.471
208.4,18.288
208.44,20.643
208.48,17.139
208.52,15.932
208.56,18
208.6,17.713
208.64,20.643
208.68,18
208.72,16.564
208.76,17.828
208.8,20.356
208.84,17.139
208.88,15.932
208.92,19.437
208.96,18
209,17.139
209.04,14.783
209.08,18.575
209.12,17.426
209.16,21.792
209.2,17.426
209.24,21.964
209.28,19.149
209.32,20.471
209.36,16.679
209.4,19.322
209.44,17.713
209.48,18.46
209.52,18.862
209.56,17.139
209.6,17.713
209.64,14.611
209.68,20.93
209.72,20.069
209.76,16.967
209.8,18
209.84,19.609
209.88,18.288
209.92,18.575
209.96,17.139
210,18.862
210.04,17.426
210.08,15.53
210.12,19.322
210.16,19.034
210.2,17.254
210.24,16.967
210.28,19.896
210.32,16.967
210.36,17.713
210.4,17.139
210.44,16.679
210.48,16.564
210.52,18.288
210.56,17.139
210.6,18
210.64,17.828
210.68,19.781
210.72,18.862
210.76,16.852
210.8,20.069
210.84,18.288
210.88,19.034
210.92,20.471
210.96,17.541
211,20.356
211.04,18.46
211.08,18.46
211.12,21.505
211.16,19.149
211.2,20.183
211.24,17.713
211.28,19.781
211.32,21.045
211.36,20.356
211.4,20.183
211.44,19.781
211.48,16.564
211.52,16.679
211.56,18
211.6,19.896
211.64,18.575
211.68,19.034
211.72,19.322
211.76,19.609
211.8,15.358
211.84,20.183
211.88,19.437
211.92,17.254
211.96,17.828
212,18
212.04,15.932
212.08,17.254
212.12,19.437
212.16,19.437
212.2,19.781
212.24,16.564
212.28,15.645
212.32,16.105
212.36,16.22
212.4,18.862
212.44,19.781
212.48,19.609
212.52,16.679
212.56,16.392
212.6,17.828
212.64,18.288
212.68,18.862
212.72,18
212.76,19.781
212.8,17.828
212.84,16.679
212.88,16.392
212.92,15.932
212.96,19.437
213,18.173
213.04,17.828
213.08,19.896
213.12,16.967
213.16,19.322
213.2,17.713
213.24,20.069
213.28,17.254
213.32,18.862
213.36,18.747
213.4,16.852
213.44,19.437
213.48,22.366
213.52,21.045
213.56,16.679
213.6,17.713
213.64,18.747
213.68,17.254
213.72,20.758
213.76,17.541
213.8,19.322
213.84,19.322
213.88,21.045
213.92,18.173
213.96,19.034
214,19.322
214.04,16.564
214.08,16.105
214.12,19.034
214.16,16.679
214.2,18.747
214.24,16.392
214.28,19.609
214.32,18.288
214.36,16.852
214.4,16.105
214.44,17.426
214.48,17.541
214.52,19.609
214.56,16.967
214.6,16.967
214.64,17.426
214.68,20.183
214.72,16.564
214.76,17.828
214.8,18.288
214.84,16.852
214.88,18.747
214.92,17.541
214.96,19.149
215,21.045
215.04,18.173
215.08,19.781
215.12,15.53
215.16,18.288
215.2,17.541
215.24,18.288
215.28,19.437
215.32,18
215.36,18
215.4,17.254
215.44,17.713
215.48,19.034
215.52,19.781
215.56,17.828
215.6,18.575
215.64,17.254
215.68,19.609
215.72,17.426
215.76,18.173
215.8,15.932
215.84,17.254
215.88,19.609
215.92,17.426
215.96,14.898
216,20.183
216.04,18
216.08,19.437
216.12,20.471
216.16,18.862
216.2,19.437
216.24,20.069
216.28,19.034
216.32,18
216.36,19.322
216.4,19.437
216.44,19.034
216.48,20.93
216.52,19.437
216.56,19.896
216.6,18.575
216.64,20.356
216.68,18.862
216.72,17.254
216.76,18.862
216.8,16.852
216.84,18.288
216.88,16.967
216.92,20.356
216.96,19.781
217,16.967
217.04,14.496
217.08,18.288
217.12,23.285
217.16,19.149
217.2,18.173
217.24,18.747
217.28,18.288
217.32,18.173
217.36,21.505
217.4,18.173
217.44,17.254
217.48,16.852
217.52,16.679
217.56,16.967
217.6,19.609
217.64,18.575
217.68,19.896
217.72,19.781
217.76,17.254
217.8,20.643
217.84,16.564
217.88,19.896
217.92,16.22
217.96,19.609
218,17.713
218.04,18.46
218.08,19.781
218.12,16.564
218.16,16.105
218.2,19.437
218.24,17.713
218.28,18.288
218.32,20.069
218.36,18.288
218.4,17.828
218.44,17.713
218.48,18
218.52,17.139
218.56,18.173
218.6,18.575
218.64,20.471
218.68,19.437
218.72,20.183
218.76,19.322
218.8,18
218.84,18.862
218.88,18.747
218.92,19.322
218.96,17.254
219,16.852
219.04,18.173
219.08,19.322
219.12,17.713
219.16,20.471
219.2,18.46
219.24,21.505
219.28,16.967
219.32,19.034
219.36,20.471
219.4,21.045
219.44,17.139
219.48,18
219.52,18.173
219.56,16.564
219.6,20.758
219.64,19.322
219.68,19.437
219.72,17.828
219.76,19.149
219.8,18
219.84,19.896
219.88,19.149
219.92,20.643
219.96,19.034
220,20.356
220.04,17.828
220.08,17.828
220.12,19.781
220.16,18.173
220.2,19.437
220.24,20.643
220.28,20.356
220.32,18.575
220.36,18.575
220.4,19.322
220.44,15.53
220.48,18.747
220.52,18.173
220.56,18.46
220.6,19.322
220.64,18.173
220.68,18.747
220.72,17.254
220.76,17.828
220.8,18.288
220.84,18.862
220.88,18.46
220.92,18.46
220.96,20.471
221,18.288
221.04,18.288
221.08,19.896
221.12,18.173
221.16,21.045
221.2,18
221.24,19.896
221.28,19.781
221.32,19.896
221.36,18.747
221.4,21.505
221.44,20.758
221.48,19.781
221.52,18.862
221.56,19.322
221.6,16.679
221.64,17.713
221.68,19.609
221.72,20.471
221.76,19.322
221.8,21.39
221.84,20.356
221.88,22.826
221.92,18.747
221.96,18
222,18.288
222.04,20.183
222.08,21.045
222.12,19.149
222.16,16.564
222.2,18.862
222.24,18.288
222.28,19.322
222.32,18.862
222.36,19.322
222.4,19.034
222.44,19.322
222.48,18.747
222.52,17.426
222.56,19.322
222.6,16.105
222.64,16.967
222.68,15.243
222.72,20.471
222.76,18.862
222.8,16.679
222.84,16.967
222.88,18
222.92,18.862
222.96,18.747
223,17.139
223.04,19.437
223.08,19.609
223.12,21.39
223.16,18.288
223.2,19.437
223.24,19.149
223.28,19.781
223.32,19.781
223.36,19.896
223.4,19.437
223.44,18.575
223.48,19.322
223.52,19.034
223.56,18.747
223.6,19.609
223.64,21.045
223.68,18.288
223.72,17.541
223.76,21.045
223.8,18.747
223.84,15.932
223.88,18.747
223.92,20.471
223.96,21.045
224,20.356
224.04,19.437
224.08,16.392
224.12,19.149
224.16,19.896
224.2,18
224.24,18.747
224.28,18
224.32,21.217
224.36,20.356
224.4,19.781
224.44,20.471
224.48,17.828
224.52,17.713
224.56,20.93
224.6,18.862
224.64,19.149
224.68,20.069
224.72,20.356
224.76,21.39
224.8,19.149
224.84,19.781
224.88,17.713
224.92,21.964
224.96,21.964
225,17.254
225.04,19.437
225.08,18
225.12,17.541
225.16,16.967
225.2,16.852
225.24,16.679
225.28,20.356
225.32,18
225.36,19.322
225.4,21.505
225.44,18.747
225.48,18.173
225.52,18.575
225.56,19.896
225.6,21.045
225.64,17.426
225.68,21.505
225.72,19.034
225.76,18.747
225.8,18
225.84,19.609
225.88,20.069
225.92,17.254
225.96,22.654
226,22.998
226.04,18.46
226.08,20.183
226.12,20.93
226.16,20.471
226.2,21.045
226.24,17.828
226.28,22.251
226.32,18
226.36,16.679
226.4,18.288
226.44,17.254
226.48,19.149
226.52,20.183
226.56,20.758
226.6,19.437
226.64,20.356
226.68,17.541
226.72,20.356
226.76,19.322
226.8,21.045
226.84,21.677
226.88,18.862
226.92,17.828
226.96,19.609
227,20.356
227.04,17.254
227.08,19.149
227.12,19.609
227.16,22.079
227.2,19.437
227.24,21.964
227.28,22.251
227.32,17.426
227.36,20.069
227.4,19.034
227.44,20.183
227.48,19.437
227.52,18
227.56,19.034
227.6,19.437
227.64,20.069
227.68,18.173
227.72,19.322
227.76,18.862
227.8,19.609
227.84,18.288
227.88,19.322
227.92,16.852
227.96,20.471
228,19.034
228.04,20.93
228.08,14.209
228.12,20.069
228.16,15.53
228.2,18.747
228.24,20.183
228.28,18.173
228.32,18.862
228.36,18.862
228.4,18.747
228.44,17.426
228.48,17.139
228.52,18.46
228.56,16.967
228.6,20.758
228.64,18.46
228.68,20.643
228.72,18
228.76,20.356
228.8,21.505
228.84,18.747
228.88,19.609
228.92,19.149
228.96,17.713
229,19.896
229.04,18.46
229.08,20.758
229.12,17.426
229.16,18.862
229.2,18.862
229.24,20.069
229.28,17.426
229.32,23.86
229.36,18.862
229.4,18.288
229.44,17.541
229.48,21.045
229.52,18
229.56,17.828
229.6,18.862
229.64,21.505
229.68,18.46
229.72,17.254
229.76,16.392
229.8,19.322
229.84,20.356
229.88,18
229.92,18.46
229.96,19.034
230,19.149
230.04,19.896
230.08,21.217
230.12,17.426
230.16,17.426
230.2,20.643
230.24,16.679
230.28,19.149
230.32,20.356
230.36,16.105
230.4,17.139
230.44,18.575
230.48,19.149
230.52,19.149
230.56,17.828
230.6,20.758
230.64,20.069
230.68,17.713
230.72,18
230.76,21.39
230.8,19.034
230.84,18.173
230.88,16.679
230.92,18.46
230.96,18.288
231,21.964
231.04,17.828
231.08,16.967
231.12,17.426
231.16,17.426
231.2,20.643
231.24,20.356
231.28,20.183
231.32,20.758
231.36,17.254
231.4,19.322
231.44,19.781
231.48,19.322
231.52,22.366
231.56,19.896
231.6,19.149
231.64,19.781
231.68,18.747
231.72,19.034
231.76,18.747
231.8,19.437
231.84,16.967
231.88,18.46
231.92,18.575
231.96,18.862
232,18.862
232.04,16.22
232.08,18.575
232.12,16.22
232.16,20.643
232.2,20.471
232.24,18.575
232.28,18.46
232.32,18.747
232.36,18
232.4,20.069
232.44,18.173
232.48,19.322
232.52,21.39
232.56,19.149
232.6,18.862
232.64,21.792
232.68,20.069
232.72,18.747
232.76,20.471
232.8,16.105
232.84,18.46
232.88,18.173
232.92,19.781
232.96,19.781
233,20.643
233.04,18.173
233.08,16.679
233.12,16.392
233.16,19.437
233.2,20.471
233.24,18
233.28,18
233.32,18
233.36,20.643
233.4,19.322
233.44,20.069
233.48,19.896
233.52,21.792
233.56,21.217
233.6,17.828
233.64,17.713
233.68,19.322
233.72,19.322
233.76,19.609
233.8,19.149
233.84,19.322
233.88,17.426
233.92,22.539
233.96,17.541
234,18.747
234.04,17.426
234.08,20.183
234.12,17.426
234.16,20.643
234.2,20.93
234.24,17.254
234.28,19.149
234.32,19.437
234.36,20.643
234.4,21.045
234.44,18.288
234.48,16.852
234.52,22.366
234.56,18.288
234.6,20.643
234.64,18
234.68,17.828
234.72,18.288
234.76,19.034
234.8,18.46
234.84,19.437
234.88,19.034
234.92,18.288
234.96,20.069
235,20.183
235.04,20.758
235.08,19.781
235.12,18.862
235.16,20.93
235.2,19.437
235.24,19.149
235.28,19.896
235.32,19.609
235.36,20.183
235.4,17.254
235.44,16.105
235.48,21.964
235.52,22.079
235.56,21.045
235.6,20.069
235.64,17.426
235.68,20.183
235.72,19.609
235.76,20.069
235.8,20.069
235.84,20.183
235.88,18.862
235.92,19.781
235.96,17.541
236,19.609
236.04,15.53
236.08,20.471
236.12,19.149
236.16,19.781
236.2,16.22
236.24,20.758
236.28,18.288
236.32,19.437
236.36,20.069
236.4,18.46
236.44,21.217
236.48,18.575
236.52,17.254
236.56,18.173
236.6,19.609
236.64,18.575
236.68,21.505
236.72,20.183
236.76,18
236.8,19.034
236.84,19.781
236.88,21.39
236.92,17.828
236.96,19.034
237,19.322
237.04,21.505
237.08,20.356
237.12,19.896
237.16,18.575
237.2,19.609
237.24,20.183
237.28,17.254
237.32,20.183
237.36,19.149
237.4,19.896
237.44,18.575
237.48,21.677
237.52,20.471
237.56,18.747
237.6,16.392
237.64,19.609
237.68,18.747
237.72,18.173
237.76,21.217
237.8,21.505
237.84,20.471
237.88,22.539
237.92,20.069
237.96,19.149
238,22.998
238.04,21.964
238.08,18.862
238.12,20.758
238.16,21.39
238.2,20.069
238.24,20.93
238.28,19.034
238.32,20.356
238.36,22.079
238.4,21.505
238.44,20.069
238.48,18.288
238.52,20.93
238.56,19.034
238.6,20.471
238.64,19.034
238.68,18.173
238.72,19.149
238.76,18.862
238.8,20.471
238.84,19.149
238.88,15.358
238.92,19.034
238.96,20.069
239,17.139
239.04,20.183
239.08,21.505
239.12,17.713
239.16,20.183
239.2,18.46
239.24,20.471
239.28,21.677
239.32,17.828
239.36,17.713
239.4,19.896
239.44,18
239.48,21.505
239.52,20.471
239.56,21.39
239.6,19.609
239.64,19.896
239.68,21.217
239.72,19.781
239.76,15.358
239.8,17.828
239.84,18.173
239.88,19.437
239.92,21.217
239.96,21.39
240,20.356
240.04,20.471
240.08,21.39
240.12,18.747
240.16,22.826
240.2,20.356
240.24,21.677
240.28,19.437
240.32,21.217
240.36,20.758
240.4,16.852
240.44,20.643
240.48,19.034
240.52,19.781
240.56,20.471
240.6,19.322
240.64,16.679
240.68,19.896
240.72,21.39
240.76,22.654
240.8,17.139
240.84,21.964
240.88,18.46
240.92,21.045
240.96,18.862
241,21.217
241.04,17.541
241.08,20.758
241.12,18.46
241.16,18.575
241.2,21.964
241.24,23.113
241.28,21.217
241.32,22.079
241.36,22.539
241.4,22.251
241.44,21.792
241.48,21.045
241.52,18.46
241.56,21.964
241.6,24.262
241.64,21.217
241.68,19.896
241.72,19.609
241.76,19.781
241.8,16.679
241.84,19.896
241.88,21.792
241.92,18
241.96,19.322
242,18.575
242.04,21.964
242.08,20.183
242.12,17.254
242.16,20.069
242.2,21.045
242.24,18.46
242.28,19.609
242.32,19.781
242.36,19.322
242.4,17.828
242.44,20.069
242.48,19.896
242.52,19.437
242.56,20.758
242.6,15.818
242.64,20.758
242.68,20.93
242.72,19.437
242.76,20.069
242.8,18.747
242.84,20.183
242.88,19.034
242.92,18
242.96,20.758
243,19.437
243.04,18.747
243.08,18.288
243.12,19.034
243.16,21.045
243.2,17.426
243.24,20.93
243.28,18.747
243.32,18.747
243.36,18.46
243.4,18.288
243.44,19.781
243.48,20.183
243.52,18.575
243.56,20.356
243.6,18.288
243.64,19.896
243.68,19.781
243.72,18.46
243.76,17.254
243.8,18.747
243.84,20.069
243.88,19.034
243.92,18.575
243.96,19.034
244,19.781
244.04,18
244.08,19.896
244.12,16.967
244.16,19.034
244.2,20.643
244.24,18
244.28,20.643
244.32,18.862
244.36,20.069
244.4,18.46
244.44,19.781
244.48,22.251
244.52,18.46
244.56,20.643
244.6,19.896
244.64,17.426
244.68,19.781
244.72,18.862
244.76,18
244.8,16.967
244.84,18.288
244.88,19.149
244.92,19.034
244.96,20.758
245,20.643
245.04,20.183
245.08,19.322
245.12,18.46
245.16,19.781
245.2,20.758
245.24,20.356
245.28,17.139
245.32,21.505
245.36,18.575
245.4,20.069
245.44,19.896
245.48,20.183
245.52,19.896
245.56,20.069
245.6,18.173
245.64,21.045
245.68,20.471
245.72,21.39
245.76,18.862
245.8,21.217
245.84,19.896
245.88,19.322
245.92,19.322
245.96,20.93
246,19.896
246.04,18.747
246.08,20.183
246.12,20.183
246.16,20.758
246.2,20.356
246.24,21.217
246.28,20.643
246.32,17.426
246.36,17.828
246.4,20.069
246.44,22.079
246.48,20.758
246.52,20.356
246.56,20.758
246.6,21.39
246.64,20.069
246.68,20.069
246.72,19.437
246.76,20.069
246.8,17.541
246.84,21.677
246.88,21.677
246.92,21.505
246.96,20.643
247,21.39
247.04,19.437
247.08,18.288
247.12,19.437
247.16,19.896
247.2,18.747
247.24,18.862
247.28,21.505
247.32,19.437
247.36,19.034
247.4,19.149
247.44,19.896
247.48,20.183
247.52,19.322
247.56,21.677
247.6,22.539
247.64,21.045
247.68,16.967
247.72,19.437
247.76,20.93
247.8,20.93
247.84,19.034
247.88,21.677
247.92,20.471
247.96,21.045
248,16.679
248.04,23.113
248.08,21.045
248.12,18.862
248.16,20.356
248.2,21.39
248.24,18.575
248.28,20.758
248.32,20.758
248.36,21.505
248.4,19.609
248.44,20.758
248.48,21.677
248.52,20.069
248.56,19.149
248.6,18.575
248.64,21.792
248.68,20.069
248.72,19.896
248.76,20.643
248.8,20.183
248.84,21.045
248.88,16.564
248.92,19.781
248.96,20.069
249,19.149
249.04,19.437
249.08,18.173
249.12,19.781
249.16,20.183
249.2,19.034
249.24,19.781
249.28,18.862
249.32,19.034
249.36,21.677
249.4,22.539
249.44,19.896
249.48,20.069
249.52,20.758
249.56,18.747
249.6,20.356
249.64,21.39
249.68,21.045
249.72,18.862
249.76,17.426
249.8,19.437
249.84,19.781
249.88,19.896
249.92,20.93
249.96,22.251
250,18.46
250.04,20.471
250.08,20.758
250.12,19.781
250.16,20.758
250.2,18.747
250.24,20.069
250.28,18.747
250.32,21.792
250.36,20.183
250.4,18.46
250.44,17.828
250.48,20.93
250.52,18.46
250.56,20.356
250.6,20.643
250.64,19.034
250.68,19.149
250.72,21.505
250.76,20.356
250.8,19.896
250.84,19.781
250.88,20.069
250.92,19.034
250.96,21.39
251,23.113
251.04,20.93
251.08,20.643
251.12,19.609
251.16,21.792
251.2,21.045
251.24,18.862
251.28,22.251
251.32,19.322
251.36,18.575
251.4,21.677
251.44,22.366
251.48,21.217
251.52,18.46
251.56,20.183
251.6,19.437
251.64,20.758
251.68,20.069
251.72,19.149
251.76,20.183
251.8,17.541
251.84,19.149
251.88,21.39
251.92,20.356
251.96,19.322
252,20.643
252.04,22.366
252.08,18.46
252.12,22.079
252.16,21.39
252.2,20.069
252.24,20.183
252.28,21.677
252.32,16.967
252.36,22.998
252.4,21.505
252.44,20.471
252.48,21.677
252.52,19.034
252.56,21.792
252.6,22.079
252.64,19.896
252.68,18.288
252.72,20.93
252.76,18.747
252.8,17.828
252.84,21.217
252.88,17.828
252.92,21.505
252.96,20.93
253,19.034
253.04,19.437
253.08,19.781
253.12,21.39
253.16,21.505
253.2,20.93
253.24,19.781
253.28,19.149
253.32,18.862
253.36,20.471
253.4,20.758
253.44,19.896
253.48,20.93
253.52,21.677
253.56,20.643
253.6,20.93
253.64,21.39
253.68,20.471
253.72,19.034
253.76,20.643
253.8,21.39
253.84,19.781
253.88,18.862
253.92,20.758
253.96,18
254,18.46
254.04,20.069
254.08,21.964
254.12,19.149
254.16,19.034
254.2,14.783
254.24,19.149
254.28,18.173
254.32,21.39
254.36,20.069
254.4,21.964
254.44,19.437
254.48,18
254.52,19.896
254.56,22.251
254.6,19.322
254.64,19.437
254.68,19.896
254.72,20.356
254.76,20.069
254.8,21.505
254.84,20.93
254.88,19.609
254.92,19.322
254.96,19.034
255,21.964
255.04,22.251
255.08,19.149
255.12,19.781
255.16,19.437
255.2,18.747
255.24,19.322
255.28,20.183
255.32,16.392
255.36,21.677
255.4,21.677
255.44,21.39
255.48,22.366
255.52,20.93
255.56,20.93
255.6,19.437
255.64,20.93
255.68,21.792
255.72,18.173
255.76,17.541
255.8,20.356
255.84,17.139
255.88,20.643
255.92,18.46
255.96,20.356
256,20.643
256.04,20.758
256.08,20.356
256.12,22.079
256.16,20.183
256.2,20.471
256.24,19.034
256.28,17.713
256.32,17.828
256.36,20.183
256.4,18.173
256.44,18.46
256.48,21.677
256.52,19.322
256.56,19.896
256.6,21.964
256.64,18.46
256.68,19.437
256.72,21.505
256.76,18.575
256.8,21.677
256.84,18.747
256.88,18.288
256.92,22.654
256.96,22.251
257,18.862
257.04,17.254
257.08,19.149
257.12,19.149
257.16,19.149
257.2,21.39
257.24,22.079
257.28,18
257.32,16.564
257.36,20.643
257.4,20.471
257.44,18.173
257.48,17.828
257.52,16.967
257.56,19.609
257.6,16.679
257.64,17.254
257.68,19.437
257.72,19.437
257.76,21.505
257.8,20.183
257.84,23.113
257.88,19.896
257.92,20.758
257.96,17.254
258,20.93
258.04,18.747
258.08,22.539
258.12,18.747
258.16,19.609
258.2,20.93
258.24,20.356
258.28,20.356
258.32,20.356
258.36,20.758
258.4,19.609
258.44,20.069
258.48,19.896
258.52,18.862
258.56,18.288
258.6,19.149
258.64,19.781
258.68,20.183
258.72,21.677
258.76,20.758
258.8,19.034
258.84,20.356
258.88,21.045
258.92,17.541
258.96,21.217
259,18.288
259.04,22.826
259.08,20.758
259.12,21.505
259.16,17.713
259.2,20.356
259.24,17.828
259.28,20.183
259.32,19.896
259.36,20.758
259.4,21.505
259.44,18.288
259.48,21.505
259.52,19.781
259.56,20.356
259.6,19.034
259.64,22.079
259.68,19.609
259.72,19.896
259.76,20.183
259.8,18.46
259.84,18.46
259.88,21.792
259.92,21.505
259.96,24.894
260,21.39
260.04,19.149
260.08,20.356
260.12,19.149
260.16,17.828
260.2,18.575
260.24,19.322
260.28,18.46
260.32,19.609
260.36,20.183
260.4,18
260.44,19.149
260.48,18.288
260.52,19.609
260.56,16.679
260.6,18.862
260.64,20.643
260.68,22.998
260.72,22.366
260.76,18.288
260.8,20.183
260.84,20.356
260.88,21.792
260.92,22.079
260.96,18.173
261,22.079
261.04,17.713
261.08,21.964
261.12,22.826
261.16,18.46
261.2,20.93
261.24,21.677
261.28,18.862
261.32,22.366
261.36,20.93
261.4,20.93
261.44,20.183
261.48,20.93
261.52,18.747
261.56,19.034
261.6,18.173
261.64,17.426
261.68,21.792
261.72,20.356
261.76,20.183
261.8,20.356
261.84,21.505
261.88,18.288
261.92,19.609
261.96,16.564
262,19.437
262.04,17.426
262.08,20.643
262.12,21.964
262.16,18.862
262.2,22.251
262.24,20.471
262.28,22.826
262.32,20.93
262.36,21.964
262.4,19.149
262.44,19.149
262.48,20.643
262.52,18.575
262.56,19.149
262.6,17.254
262.64,22.079
262.68,23.113
262.72,18
262.76,21.217
262.8,19.609
262.84,19.322
262.88,20.471
262.92,19.322
262.96,20.758
263,18.862
263.04,20.758
263.08,16.22
263.12,19.896
263.16,20.93
263.2,21.217
263.24,21.677
263.28,19.781
263.32,19.781
263.36,19.896
263.4,18.862
263.44,22.366
263.48,16.967
263.52,18.862
263.56,18.173
263.6,19.437
263.64,17.828
263.68,18.173
263.72,21.217
263.76,19.896
263.8,16.852
263.84,22.539
263.88,20.643
263.92,18.288
263.96,19.149
264,19.609
264.04,20.069
264.08,19.437
264.12,22.079
264.16,17.828
264.2,21.505
264.24,19.896
264.28,20.643
264.32,17.254
264.36,20.471
264.4,22.251
264.44,19.781
264.48,20.758
264.52,19.609
264.56,18.288
264.6,21.045
264.64,17.139
264.68,20.356
264.72,21.39
264.76,19.609
264.8,21.39
264.84,19.896
264.88,19.896
264.92,20.93
264.96,19.609
265,16.679
265.04,20.183
265.08,18.862
265.12,23.113
265.16,20.183
265.2,19.437
265.24,17.426
265.28,21.964
265.32,20.183
265.36,23.573
265.4,18.862
265.44,21.505
265.48,19.609
265.52,22.826
265.56,16.564
265.6,21.792
265.64,20.356
265.68,19.437
265.72,19.781
265.76,22.539
265.8,21.792
265.84,22.079
265.88,20.471
265.92,19.609
265.96,19.149
266,18.747
266.04,19.322
266.08,21.045
266.12,21.045
266.16,23.4
266.2,20.643
266.24,17.713
266.28,23.4
266.32,19.781
266.36,20.471
266.4,21.045
266.44,19.437
266.48,19.896
266.52,20.471
266.56,19.034
266.6,19.781
266.64,22.654
266.68,19.437
266.72,21.677
266.76,19.609
266.8,21.677
266.84,19.896
266.88,19.437
266.92,19.609
266.96,21.964
267,20.069
267.04,21.792
267.08,21.045
267.12,21.677
267.16,19.896
267.2,20.183
267.24,17.426
267.28,22.366
267.32,20.069
267.36,20.93
267.4,19.781
267.44,22.251
267.48,20.643
267.52,23.285
267.56,20.069
267.6,19.609
267.64,23.688
267.68,20.069
267.72,19.781
267.76,20.356
267.8,23.113
267.84,19.896
267.88,21.505
267.92,18.46
267.96,23.4
268,20.356
268.04,19.322
268.08,21.217
268.12,20.93
268.16,21.39
268.2,20.471
268.24,20.93
268.28,20.069
268.32,21.964
268.36,18.288
268.4,19.149
268.44,20.758
268.48,22.539
268.52,19.149
268.56,21.677
268.6,22.079
268.64,20.643
268.68,19.437
268.72,19.609
268.76,18.575
268.8,22.654
268.84,19.322
268.88,20.069
268.92,19.149
268.96,19.781
269,20.643
269.04,19.609
269.08,20.643
269.12,20.758
269.16,18.288
269.2,19.781
269.24,21.217
269.28,20.643
269.32,20.643
269.36,20.356
269.4,21.677
269.44,21.505
269.48,23.113
269.52,19.437
269.56,19.896
269.6,20.069
269.64,18.46
269.68,18.862
269.72,18.575
269.76,21.045
269.8,22.539
269.84,20.356
269.88,19.896
269.92,18.747
269.96,19.896
270,22.251
270.04,21.045
270.08,22.366
270.12,19.322
270.16,21.217
270.2,20.069
270.24,19.896
270.28,21.217
270.32,18.747
270.36,22.826
270.4,21.677
270.44,19.034
270.48,21.045
270.52,22.366
270.56,21.045
270.6,20.758
270.64,20.758
270.68,20.758
270.72,21.39
270.76,20.643
270.8,20.758
270.84,19.781
270.88,21.045
270.92,18.862
270.96,18.46
271,21.677
271.04,20.356
271.08,22.079
271.12,18.46
271.16,21.677
271.2,22.539
271.24,22.079
271.28,18.747
271.32,20.643
271.36,22.539
271.4,18.46
271.44,21.217
271.48,20.643
271.52,17.828
271.56,20.356
271.6,22.654
271.64,19.437
271.68,18.46
271.72,22.826
271.76,18.173
271.8,20.471
271.84,17.139
271.88,20.069
271.92,19.781
271.96,21.217
272,22.539
272.04,21.505
272.08,21.39
272.12,20.356
272.16,18.173
272.2,21.964
272.24,20.758
272.28,20.356
272.32,22.366
272.36,18.288
272.4,21.505
272.44,20.069
272.48,20.069
272.52,20.471
272.56,22.826
272.6,19.896
272.64,18.862
272.68,23.285
272.72,24.722
272.76,22.539
272.8,22.654
272.84,22.826
272.88,20.758
272.92,21.217
272.96,21.045
273,17.541
273.04,19.437
273.08,18.862
273.12,20.471
273.16,20.183
273.2,18.288
273.24,17.426
273.28,18
273.32,20.356
273.36,19.149
273.4,20.643
273.44,21.045
273.48,23.4
273.52,21.964
273.56,20.069
273.6,19.896
273.64,19.781
273.68,21.677
273.72,19.034
273.76,17.828
273.8,22.251
273.84,19.149
273.88,19.034
273.92,20.643
273.96,19.149
274,19.034
274.04,18.862
274.08,20.069
274.12,21.39
274.16,20.758
274.2,22.079
274.24,20.643
274.28,19.896
274.32,21.964
274.36,21.217
274.4,19.609
274.44,20.471
274.48,19.322
274.52,21.792
274.56,21.045
274.6,20.93
274.64,24.434
274.68,20.183
274.72,20.069
274.76,19.896
274.8,19.609
274.84,22.998
274.88,21.39
274.92,22.079
274.96,22.079
275,22.079
275.04,19.437
275.08,17.541
275.12,21.964
275.16,23.573
275.2,20.93
275.24,20.643
275.28,22.539
275.32,17.713
275.36,19.149
275.4,19.322
275.44,21.505
275.48,20.069
275.52,21.39
275.56,23.573
275.6,19.149
275.64,23.285
275.68,23.86
275.72,22.366
275.76,24.262
275.8,23.113
275.84,21.792
275.88,20.471
275.92,19.781
275.96,19.034
276,21.39
276.04,21.045
276.08,16.852
276.12,21.045
276.16,20.471
276.2,19.034
276.24,20.069
276.28,19.437
276.32,18.862
276.36,20.471
276.4,19.322
276.44,23.4
276.48,17.426
276.52,18.288
276.56,22.539
276.6,24.147
276.64,21.964
276.68,20.643
276.72,22.251
276.76,21.792
276.8,19.034
276.84,20.183
276.88,20.643
276.92,19.322
276.96,20.93
277,18.575
277.04,22.251
277.08,22.998
277.12,20.758
277.16,22.251
277.2,20.069
277.24,22.251
277.28,20.356
277.32,21.505
277.36,22.539
277.4,20.183
277.44,21.964
277.48,23.573
277.52,21.217
277.56,17.713
277.6,22.366
277.64,20.643
277.68,19.149
277.72,19.609
277.76,21.217
277.8,23.573
277.84,22.826
277.88,22.251
277.92,22.079
277.96,21.677
278,21.792
278.04,19.609
278.08,23.573
278.12,20.356
278.16,20.069
278.2,21.045
278.24,20.471
278.28,18
278.32,19.781
278.36,23.4
278.4,22.539
278.44,20.643
278.48,17.139
278.52,20.758
278.56,22.366
278.6,19.437
278.64,22.251
278.68,23.573
278.72,22.539
278.76,20.93
278.8,20.356
278.84,20.069
278.88,19.034
278.92,20.356
278.96,19.781
279,20.93
279.04,21.505
279.08,20.758
279.12,24.147
279.16,21.792
279.2,20.93
279.24,15.932
279.28,20.069
279.32,19.034
279.36,20.643
279.4,19.149
279.44,19.034
279.48,22.079
279.52,18.288
279.56,21.217
279.6,22.826
279.64,19.609
279.68,19.896
279.72,21.39
279.76,20.758
279.8,14.898
279.84,19.781
279.88,19.149
279.92,17.139
279.96,18.747
280,22.539
280.04,18.862
280.08,19.609
280.12,21.217
280.16,22.079
280.2,21.045
280.24,21.964
280.28,20.471
280.32,20.183
280.36,19.609
280.4,17.426
280.44,19.781
280.48,19.437
280.52,21.677
280.56,21.045
280.6,20.183
280.64,20.93
280.68,19.437
280.72,20.183
280.76,20.758
280.8,18.747
280.84,19.609
280.88,17.713
280.92,21.045
280.96,21.677
281,20.758
281.04,21.964
281.08,19.437
281.12,20.356
281.16,21.39
281.2,21.792
281.24,20.183
281.28,22.366
281.32,17.713
281.36,21.217
281.4,21.964
281.44,20.643
281.48,21.964
281.52,18.747
281.56,23.86
281.6,20.758
281.64,20.069
281.68,21.677
281.72,20.758
281.76,21.39
281.8,19.896
281.84,22.079
281.88,20.471
281.92,23.4
281.96,20.183
282,19.034
282.04,19.437
282.08,21.677
282.12,19.322
282.16,21.045
282.2,21.677
282.24,21.792
282.28,22.366
282.32,23.4
282.36,20.758
282.4,20.471
282.44,22.654
282.48,17.254
282.52,21.505
282.56,21.792
282.6,20.93
282.64,23.86
282.68,20.93
282.72,21.045
282.76,18.288
282.8,18.575
282.84,19.609
282.88,22.826
282.92,18.575
282.96,19.781
283,21.964
283.04,20.356
283.08,22.826
283.12,20.069
283.16,20.183
283.2,18.173
283.24,24.607
283.28,21.39
283.32,20.069
283.36,22.539
283.4,20.471
283.44,22.998
283.48,20.183
283.52,21.045
283.56,21.792
283.6,22.826
283.64,20.758
283.68,22.366
283.72,20.356
283.76,19.896
283.8,20.93
283.84,19.322
283.88,20.356
283.92,19.896
283.96,20.643
284,19.149
284.04,22.539
284.08,21.045
284.12,21.505
284.16,21.964
284.2,22.539
284.24,18.862
284.28,18.288
284.32,21.39
284.36,23.688
284.4,23.688
284.44,20.471
284.48,20.758
284.52,20.183
284.56,20.93
284.6,20.93
284.64,20.758
284.68,21.677
284.72,19.896
284.76,23.4
284.8,19.781
284.84,21.39
284.88,20.183
284.92,21.964
284.96,20.643
285,21.505
285.04,23.4
285.08,22.251
285.12,20.471
285.16,21.217
285.2,21.39
285.24,19.609
285.28,17.541
285.32,20.356
285.36,21.045
285.4,19.437
285.44,19.896
285.48,21.217
285.52,21.045
285.56,19.609
285.6,20.643
285.64,17.541
285.68,22.079
285.72,20.069
285.76,22.251
285.8,20.356
285.84,22.539
285.88,21.964
285.92,20.93
285.96,20.183
286,20.643
286.04,22.366
286.08,18.46
286.12,19.322
286.16,19.437
286.2,19.437
286.24,18.288
286.28,21.792
286.32,22.539
286.36,21.39
286.4,19.034
286.44,19.149
286.48,21.217
286.52,21.217
286.56,22.654
286.6,20.758
286.64,17.828
286.68,21.677
286.72,23.975
286.76,20.471
286.8,19.609
286.84,20.643
286.88,19.034
286.92,20.758
286.96,21.964
287,18.862
287.04,20.183
287.08,22.079
287.12,21.792
287.16,20.183
287.2,20.758
287.24,22.251
287.28,21.505
287.32,20.183
287.36,18.747
287.4,20.069
287.44,18.862
287.48,21.677
287.52,20.643
287.56,20.356
287.6,19.896
287.64,22.079
287.68,21.39
287.72,19.034
287.76,20.356
287.8,19.896
287.84,18.575
287.88,20.758
287.92,20.471
287.96,20.643
288,20.93
288.04,20.183
288.08,21.045
288.12,20.643
288.16,19.322
288.2,20.758
288.24,20.758
288.28,19.149
288.32,17.426
288.36,20.643
288.4,21.045
288.44,21.792
288.48,21.39
288.52,21.505
288.56,18.862
288.6,20.758
288.64,22.079
288.68,20.183
288.72,17.828
288.76,20.183
288.8,21.505
288.84,21.39
288.88,19.609
288.92,18
288.96,20.069
289,20.643
289.04,17.541
289.08,22.079
289.12,20.356
289.16,20.758
289.2,21.677
289.24,16.967
289.28,25.583
289.32,23.4
289.36,22.654
289.4,22.654
289.44,18.288
289.48,21.964
289.52,20.643
289.56,21.39
289.6,19.609
289.64,21.792
289.68,23.86
289.72,22.251
289.76,21.045
289.8,22.826
289.84,19.609
289.88,20.93
289.92,20.356
289.96,22.366
290,20.356
290.04,20.069
290.08,21.505
290.12,21.045
290.16,21.045
290.2,22.366
290.24,22.079
290.28,23.285
290.32,18.747
290.36,21.217
290.4,20.356
290.44,22.826
290.48,18.747
290.52,20.471
290.56,21.217
290.6,21.792
290.64,20.93
290.68,21.505
290.72,21.964
290.76,20.471
290.8,23.688
290.84,21.39
290.88,21.792
290.92,19.781
290.96,23.975
291,20.183
291.04,21.505
291.08,18.288
291.12,21.045
291.16,17.713
291.2,18.747
291.24,20.643
291.28,20.758
291.32,21.217
291.36,20.471
291.4,20.758
291.44,22.251
291.48,21.505
291.52,19.322
291.56,22.366
291.6,18
291.64,22.366
291.68,21.39
291.72,21.677
291.76,24.722
291.8,20.183
291.84,19.149
291.88,21.505
291.92,23.573
291.96,22.251
292,19.609
292.04,18.747
292.08,21.792
292.12,22.539
292.16,21.792
292.2,21.677
292.24,21.792
292.28,20.471
292.32,21.677
292.36,19.781
292.4,20.069
292.44,18.288
292.48,21.677
292.52,21.792
292.56,19.437
292.6,21.045
292.64,19.149
292.68,21.964
292.72,22.079
292.76,19.322
292.8,19.034
292.84,20.758
292.88,21.045
292.92,20.643
292.96,19.609
293,21.217
293.04,19.322
293.08,20.183
293.12,21.39
293.16,19.149
293.2,21.792
293.24,21.045
293.28,20.758
293.32,19.609
293.36,20.183
293.4,21.045
293.44,20.643
293.48,21.964
293.52,18.575
293.56,22.366
293.6,22.251
293.64,19.609
293.68,22.079
293.72,20.183
293.76,20.93
293.8,21.217
293.84,20.183
293.88,24.894
293.92,22.251
293.96,21.217
294,20.93
294.04,18.575
294.08,23.573
294.12,22.251
294.16,20.356
294.2,21.792
294.24,20.183
294.28,23.573
294.32,21.045
294.36,22.366
294.4,21.677
294.44,19.034
294.48,21.217
294.52,20.356
294.56,21.39
294.6,19.609
294.64,20.356
294.68,21.045
294.72,19.609
294.76,20.643
294.8,20.183
294.84,19.034
294.88,20.93
294.92,21.045
294.96,21.677
295,19.896
295.04,21.677
295.08,22.079
295.12,22.079
295.16,21.39
295.2,19.437
295.24,21.505
295.28,19.896
295.32,22.251
295.36,21.217
295.4,21.045
295.44,21.217
295.48,19.896
295.52,19.322
295.56,21.677
295.6,20.93
295.64,23.573
295.68,21.217
295.72,22.539
295.76,19.781
295.8,22.079
295.84,19.322
295.88,18.46
295.92,19.322
295.96,22.366
296,16.967
296.04,21.505
296.08,22.251
296.12,21.045
296.16,20.758
296.2,21.505
296.24,22.654
296.28,21.217
296.32,18.46
296.36,18.862
296.4,19.437
296.44,16.564
296.48,20.356
296.52,21.964
296.56,19.609
296.6,19.896
296.64,21.505
296.68,23.285
296.72,18
296.76,20.643
296.8,22.998
296.84,18.862
296.88,18.46
296.92,20.643
296.96,20.758
297,20.069
297.04,20.643
297.08,17.139
297.12,20.758
297.16,21.217
297.2,20.069
297.24,20.356
297.28,20.069
297.32,20.758
297.36,18.862
297.4,20.356
297.44,17.828
297.48,20.93
297.52,19.781
297.56,18.575
297.6,18.288
297.64,20.069
297.68,22.251
297.72,18.575
297.76,22.251
297.8,19.034
297.84,23.113
297.88,19.609
297.92,23.285
297.96,20.183
298,20.93
298.04,20.356
298.08,20.183
298.12,24.262
298.16,20.93
298.2,23.975
298.24,19.322
298.28,19.149
298.32,19.034
298.36,20.471
298.4,21.39
298.44,20.93
298.48,20.471
298.52,18.46
298.56,21.964
298.6,20.93
298.64,19.609
298.68,22.251
298.72,20.183
298.76,17.254
298.8,18.862
298.84,23.113
298.88,22.998
298.92,22.998
298.96,23.4
299,19.781
299.04,19.034
299.08,21.045
299.12,19.781
299.16,20.758
299.2,21.964
299.24,20.471
299.28,21.045
299.32,23.113
299.36,22.366
299.4,19.149
299.44,22.251
299.48,18.862
299.52,21.677
299.56,20.183
299.6,22.998
299.64,20.758
299.68,21.39
299.72,21.964
299.76,22.366
299.8,20.758
299.84,20.471
299.88,20.069
299.92,21.964
299.96,21.505
300,21.39
300.04,19.149
300.08,19.609
300.12,18.46
300.16,18.46
300.2,20.758
300.24,19.609
300.28,19.781
300.32,19.149
300.36,20.643
300.4,21.39
300.44,21.217
300.48,21.045
300.52,21.964
300.56,21.964
300.6,20.758
300.64,20.758
300.68,20.643
300.72,19.896
300.76,24.434
300.8,21.045
300.84,20.758
300.88,22.079
300.92,21.045
300.96,24.434
301,22.826
301.04,20.471
301.08,21.505
301.12,21.045
301.16,20.356
301.2,21.964
301.24,20.471
301.28,17.828
301.32,21.505
301.36,19.781
301.4,21.964
301.44,20.471
301.48,22.366
301.52,21.505
301.56,22.251
301.6,19.034
301.64,20.758
301.68,23.285
301.72,20.643
301.76,20.356
301.8,21.505
301.84,22.366
301.88,20.183
301.92,19.896
301.96,20.758
302,22.998
302.04,20.183
302.08,22.079
302.12,22.251
302.16,22.366
302.2,17.713
302.24,18
302.28,20.643
302.32,23.975
302.36,22.366
302.4,21.505
302.44,21.217
302.48,20.758
302.52,20.643
302.56,21.964
302.6,21.792
302.64,19.609
302.68,21.217
302.72,22.366
302.76,21.964
302.8,18.288
302.84,20.183
302.88,21.964
302.92,21.964
302.96,22.654
303,20.183
303.04,19.149
303.08,22.366
303.12,20.356
303.16,19.781
303.2,21.964
303.24,22.079
303.28,22.366
303.32,18.575
303.36,22.366
303.4,23.285
303.44,19.609
303.48,20.471
303.52,20.183
303.56,20.93
303.6,19.322
303.64,20.471
303.68,23.285
303.72,20.93
303.76,22.079
303.8,21.505
303.84,23.86
303.88,20.356
303.92,20.758
303.96,20.643
304,20.183
304.04,19.149
304.08,19.896
304.12,20.069
304.16,22.251
304.2,22.366
304.24,20.356
304.28,22.539
304.32,20.356
304.36,19.437
304.4,23.573
304.44,20.758
304.48,20.758
304.52,22.826
304.56,20.93
304.6,21.792
304.64,20.93
304.68,23.285
304.72,21.217
304.76,23.4
304.8,21.39
304.84,20.93
304.88,21.39
304.92,21.39
304.96,20.643
305,20.471
305.04,22.366
305.08,22.366
305.12,20.643
305.16,19.149
305.2,19.781
305.24,21.217
305.28,21.217
305.32,20.643
305.36,20.183
305.4,20.183
305.44,18
305.48,21.217
305.52,20.356
305.56,21.217
305.6,21.217
305.64,22.998
305.68,22.539
305.72,19.896
305.76,20.758
305.8,20.643
305.84,21.39
305.88,19.781
305.92,23.573
305.96,23.688
306,22.654
306.04,21.217
306.08,28.111
306.12,20.758
306.16,21.39
306.2,18.862
306.24,18.747
306.28,22.539
306.32,19.437
306.36,20.93
306.4,21.39
306.44,19.034
306.48,21.677
306.52,24.722
306.56,20.183
306.6,18.173
306.64,20.643
306.68,20.758
306.72,20.758
306.76,22.251
306.8,19.896
306.84,23.975
306.88,21.045
306.92,21.964
306.96,20.758
307,19.034
307.04,19.781
307.08,22.366
307.12,25.181
307.16,20.183
307.2,19.437
307.24,20.758
307.28,22.079
307.32,22.251
307.36,23.975
307.4,20.183
307.44,20.069
307.48,22.654
307.52,20.471
307.56,21.505
307.6,18.575
307.64,20.643
307.68,22.539
307.72,19.609
307.76,20.758
307.8,22.251
307.84,21.045
307.88,20.758
307.92,22.998
307.96,19.896
308,20.643
308.04,21.505
308.08,21.792
308.12,19.322
308.16,23.688
308.2,24.894
308.24,21.39
308.28,21.045
308.32,22.079
308.36,23.688
308.4,19.322
308.44,20.643
308.48,19.781
308.52,23.573
308.56,20.758
308.6,21.505
308.64,21.217
308.68,22.366
308.72,23.4
308.76,21.217
308.8,19.034
308.84,18.747
308.88,19.322
308.92,23.113
308.96,21.964
309,22.826
309.04,21.677
309.08,19.437
309.12,21.217
309.16,18.862
309.2,21.217
309.24,21.045
309.28,20.356
309.32,22.826
309.36,20.93
309.4,20.471
309.44,22.826
309.48,19.322
309.52,20.356
309.56,21.217
309.6,19.437
309.64,21.045
309.68,22.654
309.72,17.828
309.76,20.183
309.8,20.356
309.84,18.575
309.88,21.045
309.92,22.251
309.96,20.356
310,21.964
310.04,21.217
310.08,18.747
310.12,19.149
310.16,21.792
310.2,19.896
310.24,20.643
310.28,22.998
310.32,20.183
310.36,18.173
310.4,19.896
310.44,22.539
310.48,19.437
310.52,20.356
310.56,20.643
310.6,20.471
310.64,22.998
310.68,18.747
310.72,22.826
310.76,18
310.8,21.505
310.84,22.826
310.88,21.792
310.92,20.069
310.96,20.93
311,21.505
311.04,20.183
311.08,19.609
311.12,18.747
311.16,19.322
311.2,21.677
311.24,22.251
311.28,19.437
311.32,17.426
311.36,20.471
311.4,18.575
311.44,21.045
311.48,16.105
311.52,22.366
311.56,22.251
311.6,20.93
311.64,19.149
311.68,21.045
311.72,19.896
311.76,22.998
311.8,20.069
311.84,20.758
311.88,23.4
311.92,21.217
311.96,21.217
312,22.826
312.04,16.852
312.08,20.183
312.12,17.254
312.16,19.896
312.2,21.677
312.24,24.722
312.28,20.356
312.32,21.045
312.36,21.964
312.4,20.758
312.44,21.964
312.48,20.356
312.52,22.366
312.56,19.896
312.6,22.826
312.64,22.998
312.68,18.747
312.72,21.217
312.76,18
312.8,19.149
312.84,18.862
312.88,20.069
312.92,22.539
312.96,21.964
313,19.149
313.04,21.792
313.08,20.069
313.12,22.654
313.16,21.045
313.2,17.541
313.24,21.217
313.28,17.426
313.32,19.149
313.36,22.539
313.4,19.896
313.44,21.677
313.48,17.139
313.52,20.069
313.56,20.471
313.6,20.471
313.64,21.39
313.68,19.781
313.72,22.079
313.76,20.758
313.8,21.677
313.84,20.356
313.88,21.39
313.92,20.069
313.96,21.677
314,21.677
314.04,22.079
314.08,22.251
314.12,22.079
314.16,22.539
314.2,19.781
314.24,18.747
314.28,20.356
314.32,19.609
314.36,21.505
314.4,20.471
314.44,19.437
314.48,20.93
314.52,20.069
314.56,19.034
314.6,20.069
314.64,22.998
314.68,21.964
314.72,20.93
314.76,22.539
314.8,22.366
314.84,19.609
314.88,21.217
314.92,20.069
314.96,21.677
315,21.217
315.04,21.045
315.08,20.471
315.12,21.964
315.16,19.781
315.2,21.217
315.24,21.792
315.28,20.356
315.32,21.045
315.36,18.862
315.4,20.93
315.44,22.539
315.48,22.539
315.52,19.437
315.56,17.254
315.6,22.251
315.64,21.677
315.68,22.654
315.72,22.079
315.76,19.149
315.8,19.034
315.84,21.964
315.88,20.356
315.92,21.677
315.96,18.575
316,19.781
316.04,21.045
316.08,19.322
316.12,20.471
316.16,23.688
316.2,21.792
316.24,23.688
316.28,21.964
316.32,21.792
316.36,23.285
316.4,18.46
316.44,23.113
316.48,21.045
316.52,23.113
316.56,21.505
316.6,21.217
316.64,20.93
316.68,22.539
316.72,20.93
316.76,21.792
316.8,22.251
316.84,20.471
316.88,21.964
316.92,22.079
316.96,23.113
317,20.643
317.04,20.471
317.08,21.677
317.12,17.541
317.16,19.149
317.2,24.434
317.24,19.149
317.28,19.149
317.32,22.654
317.36,22.366
317.4,20.471
317.44,22.826
317.48,22.079
317.52,21.045
317.56,20.643
317.6,20.356
317.64,21.964
317.68,22.079
317.72,18.46
317.76,20.471
317.8,23.4
317.84,22.251
317.88,20.183
317.92,20.356
317.96,21.505
318,21.045
318.04,24.147
318.08,20.471
318.12,19.437
318.16,20.471
318.2,22.998
318.24,21.677
318.28,19.322
318.32,22.366
318.36,18.862
318.4,23.113
318.44,19.149
318.48,20.471
318.52,20.758
318.56,21.217
318.6,22.539
318.64,20.643
318.68,21.792
318.72,22.366
318.76,19.609
318.8,21.792
318.84,21.677
318.88,23.113
318.92,22.539
318.96,22.366
319,20.93
319.04,21.964
319.08,21.217
319.12,21.792
319.16,22.251
319.2,21.792
319.24,20.471
319.28,20.643
319.32,22.366
319.36,20.643
319.4,19.149
319.44,18.862
319.48,19.609
319.52,20.93
319.56,20.183
319.6,20.356
319.64,21.677
319.68,19.896
319.72,24.147
319.76,19.781
319.8,20.758
319.84,24.434
319.88,22.826
319.92,20.183
319.96,20.356
320,18.575
320.04,20.471
320.08,21.964
320.12,20.183
320.16,21.505
320.2,22.998
320.24,19.896
320.28,20.758
320.32,18.862
320.36,21.677
320.4,21.677
320.44,23.688
320.48,20.356
320.52,20.758
320.56,21.217
320.6,19.149
320.64,19.609
320.68,20.471
320.72,23.285
320.76,20.471
320.8,19.896
320.84,22.366
320.88,23.285
320.92,21.964
320.96,17.828
321,21.045
321.04,21.677
321.08,22.251
321.12,21.045
321.16,19.437
321.2,19.781
321.24,23.688
321.28,21.39
321.32,22.079
321.36,21.792
321.4,20.758
321.44,20.758
321.48,22.366
321.52,21.217
321.56,20.93
321.6,21.045
321.64,22.998
321.68,21.677
321.72,23.285
321.76,22.654
321.8,23.688
321.84,21.964
321.88,23.688
321.92,21.045
321.96,21.677
322,18.46
322.04,23.573
322.08,20.93
322.12,21.39
322.16,19.609
322.2,22.251
322.24,21.505
322.28,22.366
322.32,21.964
322.36,23.4
322.4,20.069
322.44,21.677
322.48,21.505
322.52,20.183
322.56,20.069
322.6,21.677
322.64,18.575
322.68,21.045
322.72,21.677
322.76,21.217
322.8,20.183
322.84,22.079
322.88,20.356
322.92,19.781
322.96,23.573
323,24.894
323.04,22.079
323.08,24.262
323.12,19.437
323.16,18.46
323.2,21.045
323.24,20.93
323.28,22.654
323.32,20.356
323.36,22.654
323.4,21.217
323.44,20.643
323.48,19.781
323.52,20.471
323.56,22.539
323.6,24.262
323.64,22.539
323.68,22.251
323.72,20.471
323.76,21.677
323.8,21.39
323.84,20.069
323.88,22.826
323.92,20.356
323.96,21.505
324,21.39
324.04,21.045
324.08,20.643
324.12,23.4
324.16,21.217
324.2,23.285
324.24,20.183
324.28,21.045
324.32,20.643
324.36,21.677
324.4,22.654
324.44,22.826
324.48,21.964
324.52,22.251
324.56,22.998
324.6,22.654
324.64,21.045
324.68,22.079
324.72,21.217
324.76,21.792
324.8,21.964
324.84,21.045
324.88,21.677
324.92,21.045
324.96,21.39
325,20.356
325.04,23.113
325.08,21.964
325.12,23.113
325.16,21.045
325.2,20.643
325.24,21.217
325.28,21.792
325.32,21.964
325.36,21.505
325.4,21.045
325.44,20.643
325.48,22.998
325.52,23.86
325.56,19.149
325.6,21.505
325.64,21.045
325.68,20.758
325.72,21.964
325.76,20.069
325.8,21.677
325.84,19.322
325.88,22.079
325.92,22.539
325.96,20.758
326,19.896
326.04,22.366
326.08,22.251
326.12,20.643
326.16,22.654
326.2,22.539
326.24,21.045
326.28,25.181
326.32,20.93
326.36,21.045
326.4,20.643
326.44,20.93
326.48,22.539
326.52,22.539
326.56,21.045
326.6,22.539
326.64,20.643
326.68,20.356
326.72,21.677
326.76,22.539
326.8,22.079
326.84,22.826
326.88,20.183
326.92,21.217
326.96,20.471
327,21.677
327.04,22.366
327.08,20.758
327.12,19.149
327.16,19.781
327.2,21.792
327.24,20.643
327.28,20.93
327.32,20.93
327.36,19.609
327.4,21.792
327.44,21.045
327.48,20.356
327.52,19.437
327.56,18.747
327.6,20.356
327.64,19.609
327.68,22.079
327.72,18.46
327.76,20.758
327.8,18.46
327.84,19.149
327.88,24.147
327.92,21.045
327.96,23.285
328,23.285
328.04,21.217
328.08,23.86
328.12,19.896
328.16,21.792
328.2,19.609
328.24,21.677
328.28,22.654
328.32,22.366
328.36,22.539
328.4,22.539
328.44,22.998
328.48,21.677
328.52,21.505
328.56,23.4
328.6,22.539
328.64,21.505
328.68,20.93
328.72,20.069
328.76,20.183
328.8,21.964
328.84,21.045
328.88,21.39
328.92,22.539
328.96,21.677
329,19.609
329.04,21.217
329.08,22.539
329.12,23.285
329.16,22.539
329.2,22.654
329.24,19.437
329.28,23.688
329.32,20.643
329.36,21.39
329.4,23.113
329.44,21.792
329.48,19.149
329.52,18.862
329.56,25.009
329.6,19.322
329.64,22.366
329.68,21.505
329.72,21.677
329.76,22.079
329.8,17.426
329.84,21.39
329.88,20.93
329.92,19.437
329.96,21.045
330,19.896
330.04,19.609
330.08,21.045
330.12,20.643
330.16,24.607
330.2,21.677
330.24,21.792
330.28,19.896
330.32,20.758
330.36,21.045
330.4,20.471
330.44,20.93
330.48,22.366
330.52,21.677
330.56,22.998
330.6,19.437
330.64,19.322
330.68,21.792
330.72,22.826
330.76,19.322
330.8,23.975
330.84,20.93
330.88,21.505
330.92,20.758
330.96,16.967
331,22.998
331.04,22.251
331.08,22.826
331.12,22.998
331.16,21.045
331.2,20.183
331.24,20.069
331.28,19.609
331.32,23.113
331.36,22.654
331.4,20.069
331.44,24.147
331.48,22.998
331.52,23.4
331.56,21.505
331.6,23.285
331.64,22.079
331.68,22.654
331.72,22.539
331.76,21.677
331.8,23.113
331.84,22.654
331.88,21.217
331.92,23.4
331.96,21.677
332,21.39
332.04,22.539
332.08,20.93
332.12,22.998
332.16,21.39
332.2,22.998
332.24,22.826
332.28,23.113
332.32,21.045
332.36,22.654
332.4,21.39
332.44,22.539
332.48,20.93
332.52,22.539
332.56,20.471
332.6,20.93
332.64,18.862
332.68,22.826
332.72,22.826
332.76,20.183
332.8,20.183
332.84,23.4
332.88,19.609
332.92,22.654
332.96,21.677
333,20.471
333.04,18.173
333.08,22.998
333.12,20.758
333.16,20.643
333.2,18.46
333.24,19.896
333.28,20.93
333.32,24.722
333.36,21.39
333.4,23.688
333.44,21.677
333.48,24.262
333.52,22.826
333.56,26.502
333.6,21.39
333.64,20.758
333.68,21.792
333.72,23.113
333.76,23.285
333.8,22.654
333.84,21.045
333.88,22.366
333.92,20.471
333.96,26.215
334,21.505
334.04,21.964
334.08,24.434
334.12,21.39
334.16,22.079
334.2,20.758
334.24,22.079
334.28,22.826
334.32,22.366
334.36,22.826
334.4,21.792
334.44,23.4
334.48,21.677
334.52,21.505
334.56,22.079
334.6,21.39
334.64,21.677
334.68,25.583
334.72,23.113
334.76,20.183
334.8,20.643
334.84,22.998
334.88,19.437
334.92,22.654
334.96,22.539
335,20.643
335.04,23.113
335.08,23.113
335.12,22.366
335.16,24.894
335.2,21.045
335.24,21.39
335.28,20.758
335.32,21.964
335.36,20.069
335.4,21.39
335.44,21.792
335.48,22.998
335.52,19.781
335.56,24.722
335.6,22.826
335.64,21.677
335.68,22.826
335.72,21.792
335.76,24.434
335.8,22.654
335.84,20.356
335.88,22.654
335.92,20.471
335.96,23.688
336,21.505
336.04,22.366
336.08,20.643
336.12,22.998
336.16,22.654
336.2,21.505
336.24,22.826
336.28,24.434
336.32,23.113
336.36,20.643
336.4,22.654
336.44,21.505
336.48,23.285
336.52,22.654
336.56,23.285
336.6,24.147
336.64,21.677
336.68,22.366
336.72,23.688
336.76,22.079
336.8,22.998
336.84,22.079
336.88,25.181
336.92,24.722
336.96,19.896
337,23.688
337.04,20.356
337.08,25.583
337.12,21.964
337.16,22.079
337.2,23.86
337.24,23.4
337.28,22.998
337.32,24.434
337.36,22.079
337.4,22.079
337.44,22.251
337.48,22.251
337.52,21.39
337.56,21.505
337.6,21.505
337.64,20.758
337.68,21.39
337.72,24.262
337.76,24.434
337.8,21.505
337.84,22.251
337.88,20.356
337.92,19.149
337.96,22.079
338,23.688
338.04,22.366
338.08,21.045
338.12,21.217
338.16,25.468
338.2,20.356
338.24,21.792
338.28,23.86
338.32,22.539
338.36,21.677
338.4,23.86
338.44,22.654
338.48,21.677
338.52,22.826
338.56,21.677
338.6,21.39
338.64,20.758
338.68,24.262
338.72,23.4
338.76,22.079
338.8,22.251
338.84,20.758
338.88,24.722
338.92,24.147
338.96,21.045
339,23.573
339.04,23.975
339.08,20.93
339.12,22.366
339.16,25.583
339.2,25.296
339.24,21.045
339.28,21.217
339.32,23.688
339.36,22.079
339.4,19.609
339.44,17.139
339.48,21.964
339.52,20.93
339.56,20.758
339.6,24.894
339.64,20.643
339.68,19.034
339.72,21.39
339.76,23.285
339.8,21.217
339.84,21.505
339.88,22.539
339.92,21.39
339.96,22.251
340,19.781
340.04,22.539
340.08,19.322
340.12,20.93
340.16,22.251
340.2,21.792
340.24,20.356
340.28,20.643
340.32,21.217
340.36,19.437
340.4,22.654
340.44,22.366
340.48,19.437
340.52,20.356
340.56,21.217
340.6,21.677
340.64,21.964
340.68,22.539
340.72,21.505
340.76,22.654
340.8,21.217
340.84,25.928
340.88,21.045
340.92,23.285
340.96,21.964
341,19.322
341.04,22.366
341.08,21.217
341.12,22.654
341.16,23.285
341.2,20.471
341.24,22.251
341.28,22.079
341.32,21.505
341.36,21.39
341.4,20.471
341.44,21.505
341.48,21.217
341.52,21.217
341.56,22.539
341.6,22.539
341.64,21.045
341.68,22.998
341.72,21.505
341.76,24.147
341.8,20.356
341.84,21.505
341.88,19.781
341.92,22.079
341.96,24.262
342,21.39
342.04,22.366
342.08,22.079
342.12,21.39
342.16,22.366
342.2,21.964
342.24,21.045
342.28,22.079
342.32,21.217
342.36,20.643
342.4,21.505
342.44,21.217
342.48,20.356
342.52,19.034
342.56,22.079
342.6,21.505
342.64,23.4
342.68,19.322
342.72,25.009
342.76,21.39
342.8,23.975
342.84,23.4
342.88,21.964
342.92,22.539
342.96,23.4
343,20.93
343.04,18.862
343.08,19.781
343.12,23.113
343.16,22.826
343.2,20.356
343.24,21.045
343.28,19.609
343.32,19.609
343.36,22.539
343.4,21.505
343.44,22.251
343.48,20.758
343.52,22.366
343.56,23.975
343.6,21.217
343.64,23.285
343.68,23.285
343.72,20.758
343.76,23.688
343.8,20.471
343.84,21.505
343.88,21.792
343.92,21.677
343.96,22.366
344,22.366
344.04,23.688
344.08,23.285
344.12,21.964
344.16,23.86
344.2,22.079
344.24,20.758
344.28,18.46
344.32,23.573
344.36,22.079
344.4,20.471
344.44,20.356
344.48,24.434
344.52,21.217
344.56,20.93
344.6,22.251
344.64,22.539
344.68,20.471
344.72,19.149
344.76,20.069
344.8,21.677
344.84,21.39
344.88,22.079
344.92,21.677
344.96,18.862
345,22.826
345.04,22.251
345.08,21.045
345.12,22.654
345.16,20.183
345.2,21.677
345.24,19.896
345.28,21.964
345.32,19.437
345.36,21.792
345.4,24.434
345.44,21.792
345.48,19.896
345.52,21.964
345.56,21.792
345.6,20.643
345.64,23.285
345.68,19.781
345.72,20.356
345.76,19.781
345.8,22.998
345.84,21.677
345.88,24.722
345.92,21.39
345.96,22.366
346,24.894
346.04,22.079
346.08,22.539
346.12,19.896
346.16,23.86
346.2,22.251
346.24,22.251
346.28,21.217
346.32,22.251
346.36,21.505
346.4,20.356
346.44,20.93
346.48,20.758
346.52,23.4
346.56,22.826
346.6,19.149
346.64,23.688
346.68,19.896
346.72,22.079
346.76,21.39
346.8,21.045
346.84,21.505
346.88,19.781
346.92,20.758
346.96,21.505
347,19.437
347.04,22.998
347.08,21.39
347.12,20.471
347.16,22.826
347.2,23.4
347.24,20.356
347.28,20.183
347.32,21.677
347.36,21.792
347.4,22.366
347.44,22.826
347.48,22.654
347.52,22.998
347.56,22.826
347.6,23.573
347.64,20.069
347.68,23.975
347.72,20.758
347.76,20.183
347.8,21.964
347.84,20.471
347.88,26.33
347.92,24.147
347.96,21.792
348,20.471
348.04,21.964
348.08,24.262
348.12,22.998
348.16,21.792
348.2,22.998
348.24,20.183
348.28,20.643
348.32,19.896
348.36,21.39
348.4,24.607
348.44,21.39
348.48,22.366
348.52,21.39
348.56,20.471
348.6,22.251
348.64,21.677
348.68,21.792
348.72,20.758
348.76,20.758
348.8,20.93
348.84,22.251
348.88,22.654
348.92,21.792
348.96,19.322
349,21.677
349.04,21.505
349.08,21.677
349.12,21.505
349.16,22.654
349.2,21.505
349.24,21.39
349.28,19.781
349.32,17.713
349.36,24.607
349.4,24.894
349.44,23.285
349.48,21.792
349.52,20.93
349.56,20.471
349.6,22.251
349.64,22.539
349.68,20.93
349.72,22.539
349.76,21.792
349.8,23.573
349.84,24.147
349.88,18.747
349.92,20.93
349.96,22.654
350,23.573
350.04,24.434
350.08,22.079
350.12,20.471
350.16,19.896
350.2,23.113
350.24,22.826
350.28,21.964
350.32,21.39
350.36,22.366
350.4,22.826
350.44,25.583
350.48,21.045
350.52,21.505
350.56,22.366
350.6,21.964
350.64,21.217
350.68,22.826
350.72,21.792
350.76,22.539
350.8,23.573
350.84,20.93
350.88,21.217
350.92,19.149
350.96,22.826
351,23.86
351.04,21.505
351.08,22.539
351.12,21.217
351.16,22.654
351.2,22.539
351.24,21.964
351.28,22.251
351.32,23.4
351.36,21.677
351.4,23.688
351.44,21.677
351.48,23.4
351.52,22.079
351.56,23.86
351.6,23.4
351.64,23.113
351.68,22.654
351.72,21.505
351.76,23.285
351.8,21.964
351.84,22.366
351.88,22.654
351.92,20.471
351.96,21.964
352,24.607
352.04,20.643
352.08,23.113
352.12,21.505
352.16,22.998
352.2,20.93
352.24,23.688
352.28,21.505
352.32,20.069
352.36,20.356
352.4,21.39
352.44,22.366
352.48,21.39
352.52,21.045
352.56,21.217
352.6,22.998
352.64,23.285
352.68,21.217
352.72,23.688
352.76,21.39
352.8,21.39
352.84,21.792
352.88,23.688
352.92,21.677
352.96,23.688
353,24.894
353.04,24.147
353.08,20.183
353.12,20.069
353.16,23.573
353.2,21.045
353.24,23.4
353.28,22.654
353.32,22.654
353.36,23.113
353.4,22.826
353.44,22.826
353.48,20.471
353.52,22.366
353.56,22.826
353.6,22.826
353.64,21.964
353.68,21.677
353.72,22.826
353.76,22.654
353.8,20.069
353.84,21.792
353.88,20.471
353.92,22.654
353.96,23.573
354,21.677
354.04,22.366
354.08,21.045
354.12,22.251
354.16,21.792
354.2,21.217
354.24,22.079
354.28,20.471
354.32,20.471
354.36,23.285
354.4,22.539
354.44,19.609
354.48,23.688
354.52,19.322
354.56,21.792
354.6,23.86
354.64,21.045
354.68,20.356
354.72,22.654
354.76,23.4
354.8,23.113
354.84,20.93
354.88,22.079
354.92,21.217
354.96,20.643
355,20.643
355.04,23.573
355.08,19.034
355.12,23.573
355.16,22.366
355.2,22.251
355.24,20.471
355.28,21.217
355.32,21.677
355.36,24.147
355.4,21.217
355.44,24.607
355.48,21.792
355.52,22.079
355.56,21.677
355.6,22.998
355.64,19.609
355.68,22.998
355.72,21.505
355.76,21.964
355.8,22.654
355.84,24.722
355.88,22.998
355.92,20.356
355.96,18.575
356,21.964
356.04,22.654
356.08,22.366
356.12,18.288
356.16,21.39
356.2,18.862
356.24,20.183
356.28,20.93
356.32,20.183
356.36,21.792
356.4,21.045
356.44,21.677
356.48,20.471
356.52,21.045
356.56,21.792
356.6,22.079
356.64,21.792
356.68,21.39
356.72,21.964
356.76,22.251
356.8,20.643
356.84,21.39
356.88,22.366
356.92,21.964
356.96,25.296
357,22.366
357.04,21.39
357.08,22.366
357.12,19.149
357.16,23.688
357.2,22.826
357.24,20.183
357.28,21.045
357.32,23.285
357.36,22.654
357.4,20.758
357.44,19.896
357.48,20.93
357.52,20.183
357.56,18.747
357.6,23.86
357.64,22.654
357.68,22.251
357.72,22.654
357.76,23.4
357.8,23.573
357.84,21.505
357.88,22.654
357.92,21.045
357.96,23.573
358,19.034
358.04,20.356
358.08,20.356
358.12,23.4
358.16,20.471
358.2,23.86
358.24,21.677
358.28,21.792
358.32,19.437
358.36,22.539
358.4,19.781
358.44,24.607
358.48,24.607
358.52,22.366
358.56,20.758
358.6,23.285
358.64,21.792
358.68,20.183
358.72,21.505
358.76,22.998
358.8,22.539
358.84,24.607
358.88,19.896
358.92,23.975
358.96,21.964
359,22.826
359.04,22.826
359.08,20.643
359.12,20.183
359.16,22.998
359.2,19.437
359.24,19.896
359.28,20.471
359.32,21.217
359.36,21.39
359.4,20.93
359.44,22.539
359.48,22.366
359.52,21.677
359.56,19.781
359.6,20.758
359.64,23.113
359.68,24.607
359.72,27.077
359.76,21.045
359.8,21.505
359.84,22.366
359.88,23.285
359.92,21.964
359.96,20.643
360,21.217
360.04,21.505
360.08,21.677
360.12,18.173
360.16,23.573
360.2,22.251
360.24,20.471
360.28,19.437
360.32,20.471
